ISO-10303-21;
HEADER;
FILE_DESCRIPTION(('ViewDefinition[ReferenceView]'),'2;1');

FILE_NAME('D:\\Dropbox (Personal)\\Projects\\Kinley\\Remodels\\IFC PARTS\\02.076 (IFC v2).IFC','2026-05-20T14:18:24+00:00',$,$,'3DEXPERIENCE PlatformUnofficial Packaging Version','3DEXPERIENCE Platform IFC4',$);

FILE_SCHEMA(('IFC4'));

ENDSEC;
DATA;
#5=IFCOWNERHISTORY(#3,#4,$,.NOTDEFINED.,$,$,$,1779286704) ;
#3=IFCPERSONANDORGANIZATION(#2,#1,$) ;
#2=IFCPERSON($,'FamilyName',$,$,$,$,$,$) ;
#1=IFCORGANIZATION($,'Name of Organization',$,$,$) ;
#4=IFCAPPLICATION(#1,'0.1','CATIA Data Exchange','CATIA') ;
#13=IFCMEASUREWITHUNIT(IFCLENGTHMEASURE(1000.),#7) ;
#12=IFCDIMENSIONALEXPONENTS(1,$,$,$,$,$,$) ;
#15=IFCCARTESIANPOINT((0.,0.,0.)) ;
#33=IFCCARTESIANPOINT((-0.014,0.0225,0.3804111)) ;
#37=IFCCARTESIANPOINT((0.026,0.0225,0.3804111)) ;
#40=IFCCARTESIANPOINT((0.026,0.0225,0.3804111)) ;
#42=IFCCARTESIANPOINT((-0.019,0.0225,0.3804111)) ;
#46=IFCCARTESIANPOINT((0.026,0.0225,0.4604111)) ;
#49=IFCCARTESIANPOINT((0.026,0.0225,0.4604111)) ;
#53=IFCCARTESIANPOINT((-0.019,0.0225,0.4604111)) ;
#56=IFCCARTESIANPOINT((-0.019,0.0225,0.4604111)) ;
#60=IFCCARTESIANPOINT((-0.019,0.0225,0.3804111)) ;
#78=IFCCARTESIANPOINT((0.281,-1.7775,-0.25)) ;
#82=IFCCARTESIANPOINT((0.026,-1.7775,0.4604111)) ;
#85=IFCCARTESIANPOINT((0.026,-1.7775,0.4604111)) ;
#87=IFCCARTESIANPOINT((-0.019,-1.7775,0.4604111)) ;
#91=IFCCARTESIANPOINT((0.026,-1.7775,0.3804111)) ;
#94=IFCCARTESIANPOINT((0.026,-1.7775,0.3804111)) ;
#98=IFCCARTESIANPOINT((-0.019,-1.7775,0.3804111)) ;
#101=IFCCARTESIANPOINT((-0.019,-1.7775,0.3804111)) ;
#105=IFCCARTESIANPOINT((-0.019,-1.7775,0.4604111)) ;
#119=IFCCARTESIANPOINT((-0.019,0.114287798753,0.4604111)) ;
#123=IFCCARTESIANPOINT((-0.019,0.0225,0.4604111)) ;
#128=IFCCARTESIANPOINT((-0.019,0.0225,0.3804111)) ;
#142=IFCCARTESIANPOINT((-0.019,0.114287798753,0.4604111)) ;
#146=IFCCARTESIANPOINT((0.026,0.0225,0.4604111)) ;
#160=IFCCARTESIANPOINT((0.026,0.114287798753,0.4604111)) ;
#164=IFCCARTESIANPOINT((0.026,0.0225,0.3804111)) ;
#178=IFCCARTESIANPOINT((-0.019,0.114287798753,0.3804111)) ;
#199=IFCCARTESIANPOINT((-0.014,0.0225,0.3804111)) ;
#203=IFCCARTESIANPOINT((0.0815,0.0225,0.3804111)) ;
#206=IFCCARTESIANPOINT((0.0815,0.0225,0.3804111)) ;
#208=IFCCARTESIANPOINT((0.0365,0.0225,0.3804111)) ;
#212=IFCCARTESIANPOINT((0.0815,0.0225,0.4604111)) ;
#215=IFCCARTESIANPOINT((0.0815,0.0225,0.4604111)) ;
#219=IFCCARTESIANPOINT((0.0365,0.0225,0.4604111)) ;
#222=IFCCARTESIANPOINT((0.0365,0.0225,0.4604111)) ;
#226=IFCCARTESIANPOINT((0.0365,0.0225,0.3804111)) ;
#240=IFCCARTESIANPOINT((0.3365,-1.7775,-0.25)) ;
#244=IFCCARTESIANPOINT((0.0815,-1.7775,0.4604111)) ;
#247=IFCCARTESIANPOINT((0.0815,-1.7775,0.4604111)) ;
#249=IFCCARTESIANPOINT((0.0365,-1.7775,0.4604111)) ;
#253=IFCCARTESIANPOINT((0.0815,-1.7775,0.3804111)) ;
#256=IFCCARTESIANPOINT((0.0815,-1.7775,0.3804111)) ;
#260=IFCCARTESIANPOINT((0.0365,-1.7775,0.3804111)) ;
#263=IFCCARTESIANPOINT((0.0365,-1.7775,0.3804111)) ;
#267=IFCCARTESIANPOINT((0.0365,-1.7775,0.4604111)) ;
#281=IFCCARTESIANPOINT((0.0365,0.114287798753,0.4604111)) ;
#285=IFCCARTESIANPOINT((0.0365,0.0225,0.4604111)) ;
#290=IFCCARTESIANPOINT((0.0365,0.0225,0.3804111)) ;
#304=IFCCARTESIANPOINT((0.0365,0.114287798753,0.4604111)) ;
#308=IFCCARTESIANPOINT((0.0815,0.0225,0.4604111)) ;
#322=IFCCARTESIANPOINT((0.0815,0.114287798753,0.4604111)) ;
#326=IFCCARTESIANPOINT((0.0815,0.0225,0.3804111)) ;
#340=IFCCARTESIANPOINT((0.0365,0.114287798753,0.3804111)) ;
#357=IFCCARTESIANPOINT((-0.014,0.0225,0.3804111)) ;
#361=IFCCARTESIANPOINT((0.137,0.0225,0.3804111)) ;
#364=IFCCARTESIANPOINT((0.137,0.0225,0.3804111)) ;
#366=IFCCARTESIANPOINT((0.092,0.0225,0.3804111)) ;
#370=IFCCARTESIANPOINT((0.137,0.0225,0.4604111)) ;
#373=IFCCARTESIANPOINT((0.137,0.0225,0.4604111)) ;
#377=IFCCARTESIANPOINT((0.092,0.0225,0.4604111)) ;
#380=IFCCARTESIANPOINT((0.092,0.0225,0.4604111)) ;
#384=IFCCARTESIANPOINT((0.092,0.0225,0.3804111)) ;
#398=IFCCARTESIANPOINT((0.392,-1.7775,-0.25)) ;
#402=IFCCARTESIANPOINT((0.137,-1.7775,0.4604111)) ;
#405=IFCCARTESIANPOINT((0.137,-1.7775,0.4604111)) ;
#407=IFCCARTESIANPOINT((0.092,-1.7775,0.4604111)) ;
#411=IFCCARTESIANPOINT((0.137,-1.7775,0.3804111)) ;
#414=IFCCARTESIANPOINT((0.137,-1.7775,0.3804111)) ;
#418=IFCCARTESIANPOINT((0.092,-1.7775,0.3804111)) ;
#421=IFCCARTESIANPOINT((0.092,-1.7775,0.3804111)) ;
#425=IFCCARTESIANPOINT((0.092,-1.7775,0.4604111)) ;
#439=IFCCARTESIANPOINT((0.092,0.114287798753,0.4604111)) ;
#443=IFCCARTESIANPOINT((0.092,0.0225,0.4604111)) ;
#448=IFCCARTESIANPOINT((0.092,0.0225,0.3804111)) ;
#462=IFCCARTESIANPOINT((0.092,0.114287798753,0.4604111)) ;
#466=IFCCARTESIANPOINT((0.137,0.0225,0.4604111)) ;
#480=IFCCARTESIANPOINT((0.137,0.114287798753,0.4604111)) ;
#484=IFCCARTESIANPOINT((0.137,0.0225,0.3804111)) ;
#498=IFCCARTESIANPOINT((0.092,0.114287798753,0.3804111)) ;
#515=IFCCARTESIANPOINT((-0.014,0.0225,0.3804111)) ;
#519=IFCCARTESIANPOINT((0.1925,0.0225,0.3804111)) ;
#522=IFCCARTESIANPOINT((0.1925,0.0225,0.3804111)) ;
#524=IFCCARTESIANPOINT((0.1475,0.0225,0.3804111)) ;
#528=IFCCARTESIANPOINT((0.1925,0.0225,0.4604111)) ;
#531=IFCCARTESIANPOINT((0.1925,0.0225,0.4604111)) ;
#535=IFCCARTESIANPOINT((0.1475,0.0225,0.4604111)) ;
#538=IFCCARTESIANPOINT((0.1475,0.0225,0.4604111)) ;
#542=IFCCARTESIANPOINT((0.1475,0.0225,0.3804111)) ;
#556=IFCCARTESIANPOINT((0.4475,-1.7775,-0.25)) ;
#560=IFCCARTESIANPOINT((0.1925,-1.7775,0.4604111)) ;
#563=IFCCARTESIANPOINT((0.1925,-1.7775,0.4604111)) ;
#565=IFCCARTESIANPOINT((0.1475,-1.7775,0.4604111)) ;
#569=IFCCARTESIANPOINT((0.1925,-1.7775,0.3804111)) ;
#572=IFCCARTESIANPOINT((0.1925,-1.7775,0.3804111)) ;
#576=IFCCARTESIANPOINT((0.1475,-1.7775,0.3804111)) ;
#579=IFCCARTESIANPOINT((0.1475,-1.7775,0.3804111)) ;
#583=IFCCARTESIANPOINT((0.1475,-1.7775,0.4604111)) ;
#597=IFCCARTESIANPOINT((0.1475,0.114287798753,0.4604111)) ;
#601=IFCCARTESIANPOINT((0.1475,0.0225,0.4604111)) ;
#606=IFCCARTESIANPOINT((0.1475,0.0225,0.3804111)) ;
#620=IFCCARTESIANPOINT((0.1475,0.114287798753,0.4604111)) ;
#624=IFCCARTESIANPOINT((0.1925,0.0225,0.4604111)) ;
#638=IFCCARTESIANPOINT((0.1925,0.114287798753,0.4604111)) ;
#642=IFCCARTESIANPOINT((0.1925,0.0225,0.3804111)) ;
#656=IFCCARTESIANPOINT((0.1475,0.114287798753,0.3804111)) ;
#673=IFCCARTESIANPOINT((-0.014,0.0225,0.3804111)) ;
#677=IFCCARTESIANPOINT((0.248,0.0225,0.3804111)) ;
#680=IFCCARTESIANPOINT((0.248,0.0225,0.3804111)) ;
#682=IFCCARTESIANPOINT((0.203,0.0225,0.3804111)) ;
#686=IFCCARTESIANPOINT((0.248,0.0225,0.4604111)) ;
#689=IFCCARTESIANPOINT((0.248,0.0225,0.4604111)) ;
#693=IFCCARTESIANPOINT((0.203,0.0225,0.4604111)) ;
#696=IFCCARTESIANPOINT((0.203,0.0225,0.4604111)) ;
#700=IFCCARTESIANPOINT((0.203,0.0225,0.3804111)) ;
#714=IFCCARTESIANPOINT((0.503,-1.7775,-0.25)) ;
#718=IFCCARTESIANPOINT((0.248,-1.7775,0.4604111)) ;
#721=IFCCARTESIANPOINT((0.248,-1.7775,0.4604111)) ;
#723=IFCCARTESIANPOINT((0.203,-1.7775,0.4604111)) ;
#727=IFCCARTESIANPOINT((0.248,-1.7775,0.3804111)) ;
#730=IFCCARTESIANPOINT((0.248,-1.7775,0.3804111)) ;
#734=IFCCARTESIANPOINT((0.203,-1.7775,0.3804111)) ;
#737=IFCCARTESIANPOINT((0.203,-1.7775,0.3804111)) ;
#741=IFCCARTESIANPOINT((0.203,-1.7775,0.4604111)) ;
#755=IFCCARTESIANPOINT((0.203,0.114287798753,0.4604111)) ;
#759=IFCCARTESIANPOINT((0.203,0.0225,0.4604111)) ;
#764=IFCCARTESIANPOINT((0.203,0.0225,0.3804111)) ;
#778=IFCCARTESIANPOINT((0.203,0.114287798753,0.4604111)) ;
#782=IFCCARTESIANPOINT((0.248,0.0225,0.4604111)) ;
#796=IFCCARTESIANPOINT((0.248,0.114287798753,0.4604111)) ;
#800=IFCCARTESIANPOINT((0.248,0.0225,0.3804111)) ;
#814=IFCCARTESIANPOINT((0.203,0.114287798753,0.3804111)) ;
#831=IFCCARTESIANPOINT((-0.014,0.0225,0.3804111)) ;
#835=IFCCARTESIANPOINT((0.3035,0.0225,0.3804111)) ;
#838=IFCCARTESIANPOINT((0.3035,0.0225,0.3804111)) ;
#840=IFCCARTESIANPOINT((0.2585,0.0225,0.3804111)) ;
#844=IFCCARTESIANPOINT((0.3035,0.0225,0.4604111)) ;
#847=IFCCARTESIANPOINT((0.3035,0.0225,0.4604111)) ;
#851=IFCCARTESIANPOINT((0.2585,0.0225,0.4604111)) ;
#854=IFCCARTESIANPOINT((0.2585,0.0225,0.4604111)) ;
#858=IFCCARTESIANPOINT((0.2585,0.0225,0.3804111)) ;
#872=IFCCARTESIANPOINT((0.5585,-1.7775,-0.25)) ;
#876=IFCCARTESIANPOINT((0.3035,-1.7775,0.4604111)) ;
#879=IFCCARTESIANPOINT((0.3035,-1.7775,0.4604111)) ;
#881=IFCCARTESIANPOINT((0.2585,-1.7775,0.4604111)) ;
#885=IFCCARTESIANPOINT((0.3035,-1.7775,0.3804111)) ;
#888=IFCCARTESIANPOINT((0.3035,-1.7775,0.3804111)) ;
#892=IFCCARTESIANPOINT((0.2585,-1.7775,0.3804111)) ;
#895=IFCCARTESIANPOINT((0.2585,-1.7775,0.3804111)) ;
#899=IFCCARTESIANPOINT((0.2585,-1.7775,0.4604111)) ;
#913=IFCCARTESIANPOINT((0.2585,0.114287798753,0.4604111)) ;
#917=IFCCARTESIANPOINT((0.2585,0.0225,0.4604111)) ;
#922=IFCCARTESIANPOINT((0.2585,0.0225,0.3804111)) ;
#936=IFCCARTESIANPOINT((0.2585,0.114287798753,0.4604111)) ;
#940=IFCCARTESIANPOINT((0.3035,0.0225,0.4604111)) ;
#954=IFCCARTESIANPOINT((0.3035,0.114287798753,0.4604111)) ;
#958=IFCCARTESIANPOINT((0.3035,0.0225,0.3804111)) ;
#972=IFCCARTESIANPOINT((0.2585,0.114287798753,0.3804111)) ;
#989=IFCCARTESIANPOINT((-0.014,0.0225,0.3804111)) ;
#993=IFCCARTESIANPOINT((0.359,0.0225,0.3804111)) ;
#996=IFCCARTESIANPOINT((0.359,0.0225,0.3804111)) ;
#998=IFCCARTESIANPOINT((0.314,0.0225,0.3804111)) ;
#1002=IFCCARTESIANPOINT((0.359,0.0225,0.4604111)) ;
#1005=IFCCARTESIANPOINT((0.359,0.0225,0.4604111)) ;
#1009=IFCCARTESIANPOINT((0.314,0.0225,0.4604111)) ;
#1012=IFCCARTESIANPOINT((0.314,0.0225,0.4604111)) ;
#1016=IFCCARTESIANPOINT((0.314,0.0225,0.3804111)) ;
#1030=IFCCARTESIANPOINT((0.614,-1.7775,-0.25)) ;
#1034=IFCCARTESIANPOINT((0.359,-1.7775,0.4604111)) ;
#1037=IFCCARTESIANPOINT((0.359,-1.7775,0.4604111)) ;
#1039=IFCCARTESIANPOINT((0.314,-1.7775,0.4604111)) ;
#1043=IFCCARTESIANPOINT((0.359,-1.7775,0.3804111)) ;
#1046=IFCCARTESIANPOINT((0.359,-1.7775,0.3804111)) ;
#1050=IFCCARTESIANPOINT((0.314,-1.7775,0.3804111)) ;
#1053=IFCCARTESIANPOINT((0.314,-1.7775,0.3804111)) ;
#1057=IFCCARTESIANPOINT((0.314,-1.7775,0.4604111)) ;
#1071=IFCCARTESIANPOINT((0.314,0.114287798753,0.4604111)) ;
#1075=IFCCARTESIANPOINT((0.314,0.0225,0.4604111)) ;
#1080=IFCCARTESIANPOINT((0.314,0.0225,0.3804111)) ;
#1094=IFCCARTESIANPOINT((0.314,0.114287798753,0.4604111)) ;
#1098=IFCCARTESIANPOINT((0.359,0.0225,0.4604111)) ;
#1112=IFCCARTESIANPOINT((0.359,0.114287798753,0.4604111)) ;
#1116=IFCCARTESIANPOINT((0.359,0.0225,0.3804111)) ;
#1130=IFCCARTESIANPOINT((0.314,0.114287798753,0.3804111)) ;
#1147=IFCCARTESIANPOINT((-0.014,0.0225,0.3804111)) ;
#1151=IFCCARTESIANPOINT((0.4145,0.0225,0.3804111)) ;
#1154=IFCCARTESIANPOINT((0.4145,0.0225,0.3804111)) ;
#1156=IFCCARTESIANPOINT((0.3695,0.0225,0.3804111)) ;
#1160=IFCCARTESIANPOINT((0.4145,0.0225,0.4604111)) ;
#1163=IFCCARTESIANPOINT((0.4145,0.0225,0.4604111)) ;
#1167=IFCCARTESIANPOINT((0.3695,0.0225,0.4604111)) ;
#1170=IFCCARTESIANPOINT((0.3695,0.0225,0.4604111)) ;
#1174=IFCCARTESIANPOINT((0.3695,0.0225,0.3804111)) ;
#1188=IFCCARTESIANPOINT((0.6695,-1.7775,-0.25)) ;
#1192=IFCCARTESIANPOINT((0.4145,-1.7775,0.4604111)) ;
#1195=IFCCARTESIANPOINT((0.4145,-1.7775,0.4604111)) ;
#1197=IFCCARTESIANPOINT((0.3695,-1.7775,0.4604111)) ;
#1201=IFCCARTESIANPOINT((0.4145,-1.7775,0.3804111)) ;
#1204=IFCCARTESIANPOINT((0.4145,-1.7775,0.3804111)) ;
#1208=IFCCARTESIANPOINT((0.3695,-1.7775,0.3804111)) ;
#1211=IFCCARTESIANPOINT((0.3695,-1.7775,0.3804111)) ;
#1215=IFCCARTESIANPOINT((0.3695,-1.7775,0.4604111)) ;
#1229=IFCCARTESIANPOINT((0.3695,0.114287798753,0.4604111)) ;
#1233=IFCCARTESIANPOINT((0.3695,0.0225,0.4604111)) ;
#1238=IFCCARTESIANPOINT((0.3695,0.0225,0.3804111)) ;
#1252=IFCCARTESIANPOINT((0.3695,0.114287798753,0.4604111)) ;
#1256=IFCCARTESIANPOINT((0.4145,0.0225,0.4604111)) ;
#1270=IFCCARTESIANPOINT((0.4145,0.114287798753,0.4604111)) ;
#1274=IFCCARTESIANPOINT((0.4145,0.0225,0.3804111)) ;
#1288=IFCCARTESIANPOINT((0.3695,0.114287798753,0.3804111)) ;
#1305=IFCCARTESIANPOINT((-0.014,0.0225,0.3804111)) ;
#1309=IFCCARTESIANPOINT((0.47,0.0225,0.3804111)) ;
#1312=IFCCARTESIANPOINT((0.47,0.0225,0.3804111)) ;
#1314=IFCCARTESIANPOINT((0.425,0.0225,0.3804111)) ;
#1318=IFCCARTESIANPOINT((0.47,0.0225,0.4604111)) ;
#1321=IFCCARTESIANPOINT((0.47,0.0225,0.4604111)) ;
#1325=IFCCARTESIANPOINT((0.425,0.0225,0.4604111)) ;
#1328=IFCCARTESIANPOINT((0.425,0.0225,0.4604111)) ;
#1332=IFCCARTESIANPOINT((0.425,0.0225,0.3804111)) ;
#1346=IFCCARTESIANPOINT((0.725,-1.7775,-0.25)) ;
#1350=IFCCARTESIANPOINT((0.47,-1.7775,0.4604111)) ;
#1353=IFCCARTESIANPOINT((0.47,-1.7775,0.4604111)) ;
#1355=IFCCARTESIANPOINT((0.425,-1.7775,0.4604111)) ;
#1359=IFCCARTESIANPOINT((0.47,-1.7775,0.3804111)) ;
#1362=IFCCARTESIANPOINT((0.47,-1.7775,0.3804111)) ;
#1366=IFCCARTESIANPOINT((0.425,-1.7775,0.3804111)) ;
#1369=IFCCARTESIANPOINT((0.425,-1.7775,0.3804111)) ;
#1373=IFCCARTESIANPOINT((0.425,-1.7775,0.4604111)) ;
#1387=IFCCARTESIANPOINT((0.425,0.114287798753,0.4604111)) ;
#1391=IFCCARTESIANPOINT((0.425,0.0225,0.4604111)) ;
#1396=IFCCARTESIANPOINT((0.425,0.0225,0.3804111)) ;
#1410=IFCCARTESIANPOINT((0.425,0.114287798753,0.4604111)) ;
#1414=IFCCARTESIANPOINT((0.47,0.0225,0.4604111)) ;
#1428=IFCCARTESIANPOINT((0.47,0.114287798753,0.4604111)) ;
#1432=IFCCARTESIANPOINT((0.47,0.0225,0.3804111)) ;
#1446=IFCCARTESIANPOINT((0.425,0.114287798753,0.3804111)) ;
#1463=IFCCARTESIANPOINT((-0.014,0.0225,0.3804111)) ;
#1467=IFCCARTESIANPOINT((0.5255,0.0225,0.3804111)) ;
#1470=IFCCARTESIANPOINT((0.5255,0.0225,0.3804111)) ;
#1472=IFCCARTESIANPOINT((0.4805,0.0225,0.3804111)) ;
#1476=IFCCARTESIANPOINT((0.5255,0.0225,0.4604111)) ;
#1479=IFCCARTESIANPOINT((0.5255,0.0225,0.4604111)) ;
#1483=IFCCARTESIANPOINT((0.4805,0.0225,0.4604111)) ;
#1486=IFCCARTESIANPOINT((0.4805,0.0225,0.4604111)) ;
#1490=IFCCARTESIANPOINT((0.4805,0.0225,0.3804111)) ;
#1504=IFCCARTESIANPOINT((0.7805,-1.7775,-0.25)) ;
#1508=IFCCARTESIANPOINT((0.5255,-1.7775,0.4604111)) ;
#1511=IFCCARTESIANPOINT((0.5255,-1.7775,0.4604111)) ;
#1513=IFCCARTESIANPOINT((0.4805,-1.7775,0.4604111)) ;
#1517=IFCCARTESIANPOINT((0.5255,-1.7775,0.3804111)) ;
#1520=IFCCARTESIANPOINT((0.5255,-1.7775,0.3804111)) ;
#1524=IFCCARTESIANPOINT((0.4805,-1.7775,0.3804111)) ;
#1527=IFCCARTESIANPOINT((0.4805,-1.7775,0.3804111)) ;
#1531=IFCCARTESIANPOINT((0.4805,-1.7775,0.4604111)) ;
#1545=IFCCARTESIANPOINT((0.4805,0.114287798753,0.4604111)) ;
#1549=IFCCARTESIANPOINT((0.4805,0.0225,0.4604111)) ;
#1554=IFCCARTESIANPOINT((0.4805,0.0225,0.3804111)) ;
#1568=IFCCARTESIANPOINT((0.4805,0.114287798753,0.4604111)) ;
#1572=IFCCARTESIANPOINT((0.5255,0.0225,0.4604111)) ;
#1586=IFCCARTESIANPOINT((0.5255,0.114287798753,0.4604111)) ;
#1590=IFCCARTESIANPOINT((0.5255,0.0225,0.3804111)) ;
#1604=IFCCARTESIANPOINT((0.4805,0.114287798753,0.3804111)) ;
#1621=IFCCARTESIANPOINT((-0.014,0.0225,0.3804111)) ;
#1625=IFCCARTESIANPOINT((0.573880424716,0.0225,0.781791796901)) ;
#1628=IFCCARTESIANPOINT((0.573880424716,0.0225,0.781791796901)) ;
#1630=IFCCARTESIANPOINT((0.495095804475,0.0225,0.795683651114)) ;
#1634=IFCCARTESIANPOINT((0.581694592711,0.0225,0.826108145787)) ;
#1637=IFCCARTESIANPOINT((0.581694592711,0.0225,0.826108145787)) ;
#1641=IFCCARTESIANPOINT((0.50290997247,0.0225,0.84)) ;
#1644=IFCCARTESIANPOINT((0.50290997247,0.0225,0.84)) ;
#1648=IFCCARTESIANPOINT((0.495095804475,0.0225,0.795683651114)) ;
#1662=IFCCARTESIANPOINT((0.281,-1.7775,-0.25)) ;
#1666=IFCCARTESIANPOINT((0.581694592711,-1.7775,0.826108145787)) ;
#1669=IFCCARTESIANPOINT((0.581694592711,-1.7775,0.826108145787)) ;
#1671=IFCCARTESIANPOINT((0.50290997247,-1.7775,0.84)) ;
#1675=IFCCARTESIANPOINT((0.573880424716,-1.7775,0.781791796901)) ;
#1678=IFCCARTESIANPOINT((0.573880424716,-1.7775,0.781791796901)) ;
#1682=IFCCARTESIANPOINT((0.495095804475,-1.7775,0.795683651114)) ;
#1685=IFCCARTESIANPOINT((0.495095804475,-1.7775,0.795683651114)) ;
#1689=IFCCARTESIANPOINT((0.50290997247,-1.7775,0.84)) ;
#1703=IFCCARTESIANPOINT((0.50290997247,0.126843399561,0.84)) ;
#1707=IFCCARTESIANPOINT((0.50290997247,0.0225,0.84)) ;
#1712=IFCCARTESIANPOINT((0.495095804475,0.0225,0.795683651114)) ;
#1726=IFCCARTESIANPOINT((0.50290997247,0.126843399561,0.84)) ;
#1730=IFCCARTESIANPOINT((0.581694592711,0.0225,0.826108145787)) ;
#1744=IFCCARTESIANPOINT((0.581694592711,0.126843399561,0.826108145787)) ;
#1748=IFCCARTESIANPOINT((0.573880424716,0.0225,0.781791796901)) ;
#1762=IFCCARTESIANPOINT((0.495095804475,0.126843399561,0.795683651114)) ;
#1779=IFCCARTESIANPOINT((0.485458330614,0.126843399561,0.741026820822)) ;
#1783=IFCCARTESIANPOINT((0.485458330614,0.0225,0.741026820822)) ;
#1786=IFCCARTESIANPOINT((0.485458330614,0.0225,0.741026820822)) ;
#1788=IFCCARTESIANPOINT((0.485458330614,-1.7775,0.741026820822)) ;
#1792=IFCCARTESIANPOINT((0.485458330614,-1.7775,0.741026820822)) ;
#1795=IFCCARTESIANPOINT((0.564242950855,-1.7775,0.727134966609)) ;
#1799=IFCCARTESIANPOINT((0.564242950855,0.0225,0.727134966609)) ;
#1802=IFCCARTESIANPOINT((0.564242950855,0.0225,0.727134966609)) ;
#1806=IFCCARTESIANPOINT((0.564242950855,0.0225,0.727134966609)) ;
#1820=IFCCARTESIANPOINT((0.281,-1.7775,-0.25)) ;
#1824=IFCCARTESIANPOINT((0.57205711885,-1.7775,0.771451315494)) ;
#1827=IFCCARTESIANPOINT((0.57205711885,-1.7775,0.771451315494)) ;
#1829=IFCCARTESIANPOINT((0.493272498609,-1.7775,0.785343169708)) ;
#1833=IFCCARTESIANPOINT((0.564242950855,-1.7775,0.727134966609)) ;
#1838=IFCCARTESIANPOINT((0.493272498609,-1.7775,0.785343169708)) ;
#1852=IFCCARTESIANPOINT((0.57205711885,0.126843399561,0.771451315494)) ;
#1856=IFCCARTESIANPOINT((0.57205711885,0.0225,0.771451315494)) ;
#1859=IFCCARTESIANPOINT((0.57205711885,0.0225,0.771451315494)) ;
#1863=IFCCARTESIANPOINT((0.57205711885,0.0225,0.771451315494)) ;
#1877=IFCCARTESIANPOINT((0.493272498609,0.126843399561,0.785343169708)) ;
#1881=IFCCARTESIANPOINT((0.493272498609,0.0225,0.785343169708)) ;
#1884=IFCCARTESIANPOINT((0.493272498609,0.0225,0.785343169708)) ;
#1888=IFCCARTESIANPOINT((0.485458330614,0.0225,0.741026820822)) ;
#1902=IFCCARTESIANPOINT((0.493272498609,0.126843399561,0.785343169708)) ;
#1906=IFCCARTESIANPOINT((0.493272498609,0.0225,0.785343169708)) ;
#1920=IFCCARTESIANPOINT((-0.014,0.0225,0.3804111)) ;
#1937=IFCCARTESIANPOINT((0.475820856754,0.126843399561,0.68636999053)) ;
#1941=IFCCARTESIANPOINT((0.475820856754,0.0225,0.68636999053)) ;
#1944=IFCCARTESIANPOINT((0.475820856754,0.0225,0.68636999053)) ;
#1946=IFCCARTESIANPOINT((0.475820856754,-1.7775,0.68636999053)) ;
#1950=IFCCARTESIANPOINT((0.475820856754,-1.7775,0.68636999053)) ;
#1953=IFCCARTESIANPOINT((0.554605476995,-1.7775,0.672478136317)) ;
#1957=IFCCARTESIANPOINT((0.554605476995,0.0225,0.672478136317)) ;
#1960=IFCCARTESIANPOINT((0.554605476995,0.0225,0.672478136317)) ;
#1964=IFCCARTESIANPOINT((0.554605476995,0.0225,0.672478136317)) ;
#1978=IFCCARTESIANPOINT((0.281,-1.7775,-0.25)) ;
#1982=IFCCARTESIANPOINT((0.56241964499,-1.7775,0.716794485202)) ;
#1985=IFCCARTESIANPOINT((0.56241964499,-1.7775,0.716794485202)) ;
#1987=IFCCARTESIANPOINT((0.483635024749,-1.7775,0.730686339416)) ;
#1991=IFCCARTESIANPOINT((0.554605476995,-1.7775,0.672478136317)) ;
#1996=IFCCARTESIANPOINT((0.483635024749,-1.7775,0.730686339416)) ;
#2010=IFCCARTESIANPOINT((0.56241964499,0.126843399561,0.716794485202)) ;
#2014=IFCCARTESIANPOINT((0.56241964499,0.0225,0.716794485202)) ;
#2017=IFCCARTESIANPOINT((0.56241964499,0.0225,0.716794485202)) ;
#2021=IFCCARTESIANPOINT((0.56241964499,0.0225,0.716794485202)) ;
#2035=IFCCARTESIANPOINT((0.483635024749,0.126843399561,0.730686339416)) ;
#2039=IFCCARTESIANPOINT((0.483635024749,0.0225,0.730686339416)) ;
#2042=IFCCARTESIANPOINT((0.483635024749,0.0225,0.730686339416)) ;
#2046=IFCCARTESIANPOINT((0.475820856754,0.0225,0.68636999053)) ;
#2060=IFCCARTESIANPOINT((0.483635024749,0.126843399561,0.730686339416)) ;
#2064=IFCCARTESIANPOINT((0.483635024749,0.0225,0.730686339416)) ;
#2078=IFCCARTESIANPOINT((-0.014,0.0225,0.3804111)) ;
#2095=IFCCARTESIANPOINT((0.466183382893,0.126843399561,0.631713160238)) ;
#2099=IFCCARTESIANPOINT((0.466183382893,0.0225,0.631713160238)) ;
#2102=IFCCARTESIANPOINT((0.466183382893,0.0225,0.631713160238)) ;
#2104=IFCCARTESIANPOINT((0.466183382893,-1.7775,0.631713160238)) ;
#2108=IFCCARTESIANPOINT((0.466183382893,-1.7775,0.631713160238)) ;
#2111=IFCCARTESIANPOINT((0.544968003134,-1.7775,0.617821306025)) ;
#2115=IFCCARTESIANPOINT((0.544968003134,0.0225,0.617821306025)) ;
#2118=IFCCARTESIANPOINT((0.544968003134,0.0225,0.617821306025)) ;
#2122=IFCCARTESIANPOINT((0.544968003134,0.0225,0.617821306025)) ;
#2136=IFCCARTESIANPOINT((0.281,-1.7775,-0.25)) ;
#2140=IFCCARTESIANPOINT((0.552782171129,-1.7775,0.66213765491)) ;
#2143=IFCCARTESIANPOINT((0.552782171129,-1.7775,0.66213765491)) ;
#2145=IFCCARTESIANPOINT((0.473997550888,-1.7775,0.676029509123)) ;
#2149=IFCCARTESIANPOINT((0.544968003134,-1.7775,0.617821306025)) ;
#2154=IFCCARTESIANPOINT((0.473997550888,-1.7775,0.676029509123)) ;
#2168=IFCCARTESIANPOINT((0.552782171129,0.126843399561,0.66213765491)) ;
#2172=IFCCARTESIANPOINT((0.552782171129,0.0225,0.66213765491)) ;
#2175=IFCCARTESIANPOINT((0.552782171129,0.0225,0.66213765491)) ;
#2179=IFCCARTESIANPOINT((0.552782171129,0.0225,0.66213765491)) ;
#2193=IFCCARTESIANPOINT((0.473997550888,0.126843399561,0.676029509123)) ;
#2197=IFCCARTESIANPOINT((0.473997550888,0.0225,0.676029509123)) ;
#2200=IFCCARTESIANPOINT((0.473997550888,0.0225,0.676029509123)) ;
#2204=IFCCARTESIANPOINT((0.466183382893,0.0225,0.631713160238)) ;
#2218=IFCCARTESIANPOINT((0.473997550888,0.126843399561,0.676029509123)) ;
#2222=IFCCARTESIANPOINT((0.473997550888,0.0225,0.676029509123)) ;
#2236=IFCCARTESIANPOINT((-0.014,0.0225,0.3804111)) ;
#2253=IFCCARTESIANPOINT((0.456545909033,0.126843399561,0.577056329946)) ;
#2257=IFCCARTESIANPOINT((0.456545909033,0.0225,0.577056329946)) ;
#2260=IFCCARTESIANPOINT((0.456545909033,0.0225,0.577056329946)) ;
#2262=IFCCARTESIANPOINT((0.456545909033,-1.7775,0.577056329946)) ;
#2266=IFCCARTESIANPOINT((0.456545909033,-1.7775,0.577056329946)) ;
#2269=IFCCARTESIANPOINT((0.535330529274,-1.7775,0.563164475732)) ;
#2273=IFCCARTESIANPOINT((0.535330529274,0.0225,0.563164475732)) ;
#2276=IFCCARTESIANPOINT((0.535330529274,0.0225,0.563164475732)) ;
#2280=IFCCARTESIANPOINT((0.535330529274,0.0225,0.563164475732)) ;
#2294=IFCCARTESIANPOINT((0.281,-1.7775,-0.25)) ;
#2298=IFCCARTESIANPOINT((0.543144697269,-1.7775,0.607480824618)) ;
#2301=IFCCARTESIANPOINT((0.543144697269,-1.7775,0.607480824618)) ;
#2303=IFCCARTESIANPOINT((0.464360077028,-1.7775,0.621372678831)) ;
#2307=IFCCARTESIANPOINT((0.535330529274,-1.7775,0.563164475732)) ;
#2312=IFCCARTESIANPOINT((0.464360077028,-1.7775,0.621372678831)) ;
#2326=IFCCARTESIANPOINT((0.543144697269,0.126843399561,0.607480824618)) ;
#2330=IFCCARTESIANPOINT((0.543144697269,0.0225,0.607480824618)) ;
#2333=IFCCARTESIANPOINT((0.543144697269,0.0225,0.607480824618)) ;
#2337=IFCCARTESIANPOINT((0.543144697269,0.0225,0.607480824618)) ;
#2351=IFCCARTESIANPOINT((0.464360077028,0.126843399561,0.621372678831)) ;
#2355=IFCCARTESIANPOINT((0.464360077028,0.0225,0.621372678831)) ;
#2358=IFCCARTESIANPOINT((0.464360077028,0.0225,0.621372678831)) ;
#2362=IFCCARTESIANPOINT((0.456545909033,0.0225,0.577056329946)) ;
#2376=IFCCARTESIANPOINT((0.464360077028,0.126843399561,0.621372678831)) ;
#2380=IFCCARTESIANPOINT((0.464360077028,0.0225,0.621372678831)) ;
#2394=IFCCARTESIANPOINT((-0.014,0.0225,0.3804111)) ;
#2411=IFCCARTESIANPOINT((0.525693055413,0.126843399561,0.50850764544)) ;
#2415=IFCCARTESIANPOINT((0.446908435172,0.0225,0.522399499654)) ;
#2418=IFCCARTESIANPOINT((0.446908435172,0.0225,0.522399499654)) ;
#2420=IFCCARTESIANPOINT((0.446908435172,-1.7775,0.522399499654)) ;
#2424=IFCCARTESIANPOINT((0.446908435172,-1.7775,0.522399499654)) ;
#2427=IFCCARTESIANPOINT((0.525693055413,-1.7775,0.50850764544)) ;
#2431=IFCCARTESIANPOINT((0.525693055413,0.0225,0.50850764544)) ;
#2434=IFCCARTESIANPOINT((0.525693055413,0.0225,0.50850764544)) ;
#2438=IFCCARTESIANPOINT((0.525693055413,0.0225,0.50850764544)) ;
#2452=IFCCARTESIANPOINT((0.281,-1.7775,-0.25)) ;
#2456=IFCCARTESIANPOINT((0.533507223408,-1.7775,0.552823994326)) ;
#2459=IFCCARTESIANPOINT((0.533507223408,-1.7775,0.552823994326)) ;
#2461=IFCCARTESIANPOINT((0.454722603167,-1.7775,0.566715848539)) ;
#2465=IFCCARTESIANPOINT((0.525693055413,-1.7775,0.50850764544)) ;
#2470=IFCCARTESIANPOINT((0.454722603167,-1.7775,0.566715848539)) ;
#2484=IFCCARTESIANPOINT((0.533507223408,0.126843399561,0.552823994326)) ;
#2488=IFCCARTESIANPOINT((0.533507223408,0.0225,0.552823994326)) ;
#2491=IFCCARTESIANPOINT((0.533507223408,0.0225,0.552823994326)) ;
#2495=IFCCARTESIANPOINT((0.533507223408,0.0225,0.552823994326)) ;
#2509=IFCCARTESIANPOINT((0.446908435172,0.126843399561,0.522399499654)) ;
#2513=IFCCARTESIANPOINT((0.454722603167,0.0225,0.566715848539)) ;
#2516=IFCCARTESIANPOINT((0.454722603167,0.0225,0.566715848539)) ;
#2520=IFCCARTESIANPOINT((0.446908435172,0.0225,0.522399499654)) ;
#2534=IFCCARTESIANPOINT((0.454722603167,0.126843399561,0.566715848539)) ;
#2538=IFCCARTESIANPOINT((0.454722603167,0.0225,0.566715848539)) ;
#2552=IFCCARTESIANPOINT((-0.014,0.0225,0.3804111)) ;
#2569=IFCCARTESIANPOINT((0.581,0.114287798753,0.4604111)) ;
#2573=IFCCARTESIANPOINT((0.581,-1.7075,0.3804111)) ;
#2576=IFCCARTESIANPOINT((0.581,-1.7075,0.3804111)) ;
#2578=IFCCARTESIANPOINT((0.581,-1.7775,0.3804111)) ;
#2582=IFCCARTESIANPOINT((0.581,-1.7775,0.3804111)) ;
#2585=IFCCARTESIANPOINT((0.581,-1.7775,0.4604111)) ;
#2589=IFCCARTESIANPOINT((0.581,-1.7075,0.4604111)) ;
#2592=IFCCARTESIANPOINT((0.581,-1.7075,0.4604111)) ;
#2596=IFCCARTESIANPOINT((0.581,-1.7075,0.3804111)) ;
#2610=IFCCARTESIANPOINT((0.536,0.114287798753,0.4604111)) ;
#2614=IFCCARTESIANPOINT((0.581,-1.7775,0.4604111)) ;
#2617=IFCCARTESIANPOINT((0.536,-1.7775,0.4604111)) ;
#2621=IFCCARTESIANPOINT((0.536,-1.7075,0.4604111)) ;
#2624=IFCCARTESIANPOINT((0.536,-1.7075,0.4604111)) ;
#2628=IFCCARTESIANPOINT((0.536,-1.7075,0.4604111)) ;
#2642=IFCCARTESIANPOINT((0.536,0.114287798753,0.3804111)) ;
#2646=IFCCARTESIANPOINT((0.536,-1.7075,0.3804111)) ;
#2649=IFCCARTESIANPOINT((0.536,-1.7075,0.3804111)) ;
#2651=IFCCARTESIANPOINT((0.536,-1.7775,0.3804111)) ;
#2655=IFCCARTESIANPOINT((0.536,-1.7775,0.3804111)) ;
#2660=IFCCARTESIANPOINT((0.581,-1.7075,0.3804111)) ;
#2674=IFCCARTESIANPOINT((0.836,-1.7775,-0.25)) ;
#2678=IFCCARTESIANPOINT((0.536,-1.7775,0.4604111)) ;
#2692=IFCCARTESIANPOINT((0.536,-1.7075,0.335134174309)) ;
#2696=IFCCARTESIANPOINT((0.536,-1.7075,0.3804111)) ;
#2710=IFCCARTESIANPOINT((0.536,0.114287798753,0.4604111)) ;
#2727=IFCCARTESIANPOINT((0.52825,-0.9,291.558)) ;
#2731=IFCCARTESIANPOINT((0.52825,-0.9,0.52300879879)) ;
#2734=IFCCARTESIANPOINT((0.52825,-0.9,0.52300879879)) ;
#2736=IFCCARTESIANPOINT((0.52825,-0.855,0.52300879879)) ;
#2740=IFCCARTESIANPOINT((0.52825,-0.9,0.3804111)) ;
#2743=IFCCARTESIANPOINT((0.52825,-0.9,0.3804111)) ;
#2747=IFCCARTESIANPOINT((0.52825,-0.9,0.3804111)) ;
#2750=IFCCARTESIANPOINT((0.52825,-0.855,0.3804111)) ;
#2754=IFCCARTESIANPOINT((0.52825,-0.855,0.3804111)) ;
#2768=IFCCARTESIANPOINT((-399.717058925,-0.9,0.3804111)) ;
#2772=IFCCARTESIANPOINT((0.53325,-0.9,0.3804111)) ;
#2775=IFCCARTESIANPOINT((0.53325,-0.9,0.3804111)) ;
#2779=IFCCARTESIANPOINT((0.53325,-0.9,0.3804111)) ;
#2782=IFCCARTESIANPOINT((0.53325,-0.88,0.3804111)) ;
#2786=IFCCARTESIANPOINT((0.576,-0.88,0.3804111)) ;
#2789=IFCCARTESIANPOINT((0.576,-0.88,0.3804111)) ;
#2793=IFCCARTESIANPOINT((0.576,-0.88,0.3804111)) ;
#2796=IFCCARTESIANPOINT((0.576,-0.875,0.3804111)) ;
#2800=IFCCARTESIANPOINT((0.576,-0.875,0.3804111)) ;
#2803=IFCCARTESIANPOINT((0.53325,-0.875,0.3804111)) ;
#2807=IFCCARTESIANPOINT((0.53325,-0.875,0.3804111)) ;
#2810=IFCCARTESIANPOINT((0.53325,-0.855,0.3804111)) ;
#2814=IFCCARTESIANPOINT((0.53325,-0.855,0.3804111)) ;
#2832=IFCCARTESIANPOINT((38.2292918897,-0.9,214.336242249)) ;
#2837=IFCCARTESIANPOINT((0.578221629157,-0.89,0.806411990726)) ;
#2840=IFCCARTESIANPOINT((0.578221629157,-0.9,0.806411990726)) ;
#2842=IFCCARTESIANPOINT((0.579958110934,-0.89,0.816260068256)) ;
#2846=IFCCARTESIANPOINT((0.52825,-0.9,0.52300879879)) ;
#2851=IFCCARTESIANPOINT((0.52825,-0.855,0.52300879879)) ;
#2854=IFCCARTESIANPOINT((0.578221629157,-0.855,0.806411990726)) ;
#2859=IFCCARTESIANPOINT((0.578221629157,-0.865,0.806411990726)) ;
#2862=IFCCARTESIANPOINT((0.579958110934,-0.865,0.816260068256)) ;
#2866=IFCCARTESIANPOINT((0.579958110934,-0.89,0.816260068256)) ;
#2882=IFCCARTESIANPOINT((38.2342159285,-0.9,214.335374008)) ;
#2886=IFCCARTESIANPOINT((0.53325,-0.875,0.522571355472)) ;
#2889=IFCCARTESIANPOINT((0.53325,-0.875,0.522571355472)) ;
#2891=IFCCARTESIANPOINT((0.53325,-0.855,0.522571355472)) ;
#2895=IFCCARTESIANPOINT((0.53325,-0.875,0.522571355472)) ;
#2898=IFCCARTESIANPOINT((0.581,-0.875,0.793375062359)) ;
#2902=IFCCARTESIANPOINT((0.581,-0.88,0.793375062359)) ;
#2905=IFCCARTESIANPOINT((0.581,-0.88,0.793375062359)) ;
#2909=IFCCARTESIANPOINT((0.53325,-0.88,0.522571355472)) ;
#2912=IFCCARTESIANPOINT((0.53325,-0.88,0.522571355472)) ;
#2916=IFCCARTESIANPOINT((0.53325,-0.9,0.522571355472)) ;
#2919=IFCCARTESIANPOINT((0.53325,-0.9,0.522571355472)) ;
#2923=IFCCARTESIANPOINT((0.583145667922,-0.9,0.805543749838)) ;
#2926=IFCCARTESIANPOINT((0.583145667922,-0.9,0.805543749838)) ;
#2931=IFCCARTESIANPOINT((0.583145667922,-0.89,0.805543749838)) ;
#2934=IFCCARTESIANPOINT((0.584882149699,-0.89,0.815391827368)) ;
#2938=IFCCARTESIANPOINT((0.584882149699,-0.89,0.815391827368)) ;
#2941=IFCCARTESIANPOINT((0.584882149699,-0.865,0.815391827368)) ;
#2946=IFCCARTESIANPOINT((0.583145667922,-0.865,0.805543749838)) ;
#2949=IFCCARTESIANPOINT((0.583145667922,-0.855,0.805543749838)) ;
#2953=IFCCARTESIANPOINT((0.583145667922,-0.855,0.805543749838)) ;
#2973=IFCCARTESIANPOINT((0.53325,-0.9,291.558)) ;
#2977=IFCCARTESIANPOINT((0.53325,-0.9,0.522571355472)) ;
#2982=IFCCARTESIANPOINT((0.53325,-0.88,0.3804111)) ;
#2995=IFCCARTESIANPOINT((0.47061941899,-0.865,0.825385163563)) ;
#3000=IFCCARTESIANPOINT((0.578221629157,-0.855,0.806411990726)) ;
#3005=IFCCARTESIANPOINT((0.579958110934,-0.865,0.816260068256)) ;
#3018=IFCCARTESIANPOINT((-437.368129186,-0.89,78.0281697422)) ;
#3023=IFCCARTESIANPOINT((0.579958110934,-0.89,0.816260068256)) ;
#3028=IFCCARTESIANPOINT((0.578221629157,-0.9,0.806411990726)) ;
#3042=IFCCARTESIANPOINT((0.576,-0.875,0.3754111)) ;
#3046=IFCCARTESIANPOINT((0.581,-0.875,0.793375062359)) ;
#3049=IFCCARTESIANPOINT((0.581,-0.875,0.3754111)) ;
#3053=IFCCARTESIANPOINT((0.53325,-0.875,0.3804111)) ;
#3059=IFCCARTESIANPOINT((0.576,-0.875,0.3754111)) ;
#3074=IFCCARTESIANPOINT((0.576,-0.88,0.3754111)) ;
#3078=IFCCARTESIANPOINT((0.581,-0.88,0.793375062359)) ;
#3081=IFCCARTESIANPOINT((0.581,-0.88,0.3754111)) ;
#3086=IFCCARTESIANPOINT((0.576,-0.88,0.3754111)) ;
#3101=IFCCARTESIANPOINT((0.581,-0.88,291.558)) ;
#3105=IFCCARTESIANPOINT((0.581,-0.88,0.3754111)) ;
#3118=IFCCARTESIANPOINT((0.576,-0.88,0.3754111)) ;
#3132=IFCCARTESIANPOINT((0.281,-0.9,-0.25)) ;
#3147=IFCCARTESIANPOINT((0.281,-0.855,-0.25)) ;
#3151=IFCCARTESIANPOINT((0.53325,-0.855,0.522571355472)) ;
#3167=IFCCARTESIANPOINT((-437.366392704,-0.9,78.0380178198)) ;
#3180=IFCCARTESIANPOINT((0.53325,-0.9,291.558)) ;
#3197=IFCCARTESIANPOINT((0.536,0.114287798753,0.3804111)) ;
#3201=IFCCARTESIANPOINT((0.536,-0.88,0.3804111)) ;
#3204=IFCCARTESIANPOINT((0.536,-0.88,0.3804111)) ;
#3206=IFCCARTESIANPOINT((0.536,-1.7025,0.3804111)) ;
#3210=IFCCARTESIANPOINT((0.536,-1.7025,0.3804111)) ;
#3213=IFCCARTESIANPOINT((0.581,-1.7025,0.3804111)) ;
#3217=IFCCARTESIANPOINT((0.581,-0.88,0.3804111)) ;
#3220=IFCCARTESIANPOINT((0.581,-0.88,0.3804111)) ;
#3224=IFCCARTESIANPOINT((0.581,-0.88,0.3804111)) ;
#3238=IFCCARTESIANPOINT((0.581,0.114287798753,0.4604111)) ;
#3242=IFCCARTESIANPOINT((0.581,-1.7025,0.3804111)) ;
#3245=IFCCARTESIANPOINT((0.581,-1.7025,0.4604111)) ;
#3249=IFCCARTESIANPOINT((0.581,-0.88,0.4604111)) ;
#3252=IFCCARTESIANPOINT((0.581,-0.88,0.4604111)) ;
#3256=IFCCARTESIANPOINT((0.581,-0.88,0.3804111)) ;
#3270=IFCCARTESIANPOINT((0.536,0.114287798753,0.4604111)) ;
#3274=IFCCARTESIANPOINT((0.581,-1.7025,0.4604111)) ;
#3277=IFCCARTESIANPOINT((0.536,-1.7025,0.4604111)) ;
#3281=IFCCARTESIANPOINT((0.536,-0.88,0.4604111)) ;
#3284=IFCCARTESIANPOINT((0.536,-0.88,0.4604111)) ;
#3288=IFCCARTESIANPOINT((0.536,-0.88,0.4604111)) ;
#3302=IFCCARTESIANPOINT((0.536,0.114287798753,0.4604111)) ;
#3306=IFCCARTESIANPOINT((0.536,-1.7025,0.3804111)) ;
#3311=IFCCARTESIANPOINT((0.536,-0.88,0.3804111)) ;
#3325=IFCCARTESIANPOINT((0.581,-0.88,0.335134174309)) ;
#3338=IFCCARTESIANPOINT((0.536,-1.7025,0.335134174309)) ;
#3355=IFCCARTESIANPOINT((0.536,-0.0525,0.335134174309)) ;
#3359=IFCCARTESIANPOINT((0.581,-0.0525,0.3804111)) ;
#3362=IFCCARTESIANPOINT((0.581,-0.0525,0.3804111)) ;
#3364=IFCCARTESIANPOINT((0.581,-0.0525,0.4604111)) ;
#3368=IFCCARTESIANPOINT((0.536,-0.0525,0.4604111)) ;
#3371=IFCCARTESIANPOINT((0.536,-0.0525,0.4604111)) ;
#3375=IFCCARTESIANPOINT((0.536,-0.0525,0.3804111)) ;
#3378=IFCCARTESIANPOINT((0.536,-0.0525,0.3804111)) ;
#3382=IFCCARTESIANPOINT((0.581,-0.0525,0.3804111)) ;
#3396=IFCCARTESIANPOINT((0.536,0.114287798753,0.4604111)) ;
#3400=IFCCARTESIANPOINT((0.536,-0.0525,0.3804111)) ;
#3403=IFCCARTESIANPOINT((0.536,-0.875,0.3804111)) ;
#3407=IFCCARTESIANPOINT((0.536,-0.0525,0.4604111)) ;
#3410=IFCCARTESIANPOINT((0.536,-0.875,0.4604111)) ;
#3414=IFCCARTESIANPOINT((0.536,-0.875,0.3804111)) ;
#3428=IFCCARTESIANPOINT((0.536,0.114287798753,0.3804111)) ;
#3432=IFCCARTESIANPOINT((0.581,-0.0525,0.3804111)) ;
#3435=IFCCARTESIANPOINT((0.581,-0.875,0.3804111)) ;
#3439=IFCCARTESIANPOINT((0.536,-0.875,0.3804111)) ;
#3453=IFCCARTESIANPOINT((0.581,0.114287798753,0.4604111)) ;
#3457=IFCCARTESIANPOINT((0.581,-0.0525,0.4604111)) ;
#3460=IFCCARTESIANPOINT((0.581,-0.875,0.4604111)) ;
#3464=IFCCARTESIANPOINT((0.581,-0.875,0.3804111)) ;
#3478=IFCCARTESIANPOINT((0.536,0.114287798753,0.4604111)) ;
#3482=IFCCARTESIANPOINT((0.581,-0.875,0.4604111)) ;
#3496=IFCCARTESIANPOINT((0.581,-0.875,0.335134174309)) ;
#3513=IFCCARTESIANPOINT((0.536,0.114287798753,0.4604111)) ;
#3517=IFCCARTESIANPOINT((0.536,0.0225,0.3804111)) ;
#3520=IFCCARTESIANPOINT((0.536,0.0225,0.3804111)) ;
#3522=IFCCARTESIANPOINT((0.536,-0.0475,0.3804111)) ;
#3526=IFCCARTESIANPOINT((0.536,0.0225,0.3804111)) ;
#3529=IFCCARTESIANPOINT((0.536,0.0225,0.4604111)) ;
#3533=IFCCARTESIANPOINT((0.536,0.0225,0.4604111)) ;
#3536=IFCCARTESIANPOINT((0.536,-0.0475,0.4604111)) ;
#3540=IFCCARTESIANPOINT((0.536,-0.0475,0.3804111)) ;
#3554=IFCCARTESIANPOINT((0.536,0.114287798753,0.4604111)) ;
#3558=IFCCARTESIANPOINT((0.536,0.0225,0.4604111)) ;
#3561=IFCCARTESIANPOINT((0.581,0.0225,0.4604111)) ;
#3565=IFCCARTESIANPOINT((0.581,0.0225,0.4604111)) ;
#3568=IFCCARTESIANPOINT((0.581,-0.0475,0.4604111)) ;
#3572=IFCCARTESIANPOINT((0.581,-0.0475,0.4604111)) ;
#3586=IFCCARTESIANPOINT((0.581,0.114287798753,0.4604111)) ;
#3590=IFCCARTESIANPOINT((0.581,0.0225,0.4604111)) ;
#3593=IFCCARTESIANPOINT((0.581,0.0225,0.3804111)) ;
#3597=IFCCARTESIANPOINT((0.581,0.0225,0.3804111)) ;
#3600=IFCCARTESIANPOINT((0.581,-0.0475,0.3804111)) ;
#3604=IFCCARTESIANPOINT((0.581,-0.0475,0.3804111)) ;
#3618=IFCCARTESIANPOINT((0.536,0.114287798753,0.3804111)) ;
#3622=IFCCARTESIANPOINT((0.581,0.0225,0.3804111)) ;
#3627=IFCCARTESIANPOINT((0.536,-0.0475,0.3804111)) ;
#3641=IFCCARTESIANPOINT((0.536,-0.0475,0.335134174309)) ;
#3654=IFCCARTESIANPOINT((-0.014,0.0225,0.3804111)) ;
#3670=IFCCARTESIANPOINT((-0.014,-0.572375,0.3754111)) ;
#3676=IFCCARTESIANPOINT((-0.014,-0.572375,0.3754111)) ;
#3679=IFCCARTESIANPOINT((-0.014,-0.577375,0.3754111)) ;
#3681=IFCCARTESIANPOINT((-0.019,-0.572375,0.3754111)) ;
#3686=IFCCARTESIANPOINT((-0.014,-0.572375,0.3754111)) ;
#3689=IFCCARTESIANPOINT((-0.014,-0.572375,0.3804111)) ;
#3694=IFCCARTESIANPOINT((-0.014,-0.572375,0.3754111)) ;
#3706=IFCCARTESIANPOINT((-0.014,-0.572375,0.3804111)) ;
#3711=IFCCARTESIANPOINT((-0.014,-0.577375,0.3754111)) ;
#3714=IFCCARTESIANPOINT((-0.014,-0.577375,0.0454111)) ;
#3719=IFCCARTESIANPOINT((-0.014,-0.572375,0.0454111)) ;
#3722=IFCCARTESIANPOINT((-0.019,-0.572375,0.0454111)) ;
#3726=IFCCARTESIANPOINT((-0.019,-0.572375,0.3754111)) ;
#3739=IFCCARTESIANPOINT((0.286125,0.0175,0.0454111)) ;
#3745=IFCCARTESIANPOINT((0.286125,0.0175,0.0454111)) ;
#3748=IFCCARTESIANPOINT((0.281125,0.0175,0.0454111)) ;
#3750=IFCCARTESIANPOINT((0.286125,0.0225,0.0454111)) ;
#3755=IFCCARTESIANPOINT((0.286125,0.0175,0.0454111)) ;
#3758=IFCCARTESIANPOINT((0.286125,0.0175,0.0404111)) ;
#3763=IFCCARTESIANPOINT((0.286125,0.0175,0.0454111)) ;
#3775=IFCCARTESIANPOINT((-0.014,0.0175,0.0454111)) ;
#3781=IFCCARTESIANPOINT((-0.014,0.0175,0.0454111)) ;
#3784=IFCCARTESIANPOINT((-0.014,0.0225,0.0454111)) ;
#3786=IFCCARTESIANPOINT((-0.014,0.0175,0.0404111)) ;
#3790=IFCCARTESIANPOINT((0.275875,0.0175,0.0404111)) ;
#3793=IFCCARTESIANPOINT((0.275875,0.0175,0.0404111)) ;
#3798=IFCCARTESIANPOINT((0.275875,0.0175,0.0454111)) ;
#3801=IFCCARTESIANPOINT((0.275875,0.0225,0.0454111)) ;
#3805=IFCCARTESIANPOINT((0.275875,0.0225,0.0454111)) ;
#3818=IFCCARTESIANPOINT((-0.014,0.0175,0.3754111)) ;
#3824=IFCCARTESIANPOINT((-0.014,0.0175,0.3754111)) ;
#3827=IFCCARTESIANPOINT((-0.014,0.0175,0.3804111)) ;
#3829=IFCCARTESIANPOINT((-0.014,0.0225,0.3754111)) ;
#3833=IFCCARTESIANPOINT((0.275875,0.0225,0.3754111)) ;
#3836=IFCCARTESIANPOINT((0.275875,0.0225,0.3754111)) ;
#3841=IFCCARTESIANPOINT((0.275875,0.0175,0.3754111)) ;
#3844=IFCCARTESIANPOINT((0.275875,0.0175,0.3804111)) ;
#3848=IFCCARTESIANPOINT((0.275875,0.0175,0.3804111)) ;
#3861=IFCCARTESIANPOINT((-0.014,0.0175,0.0454111)) ;
#3867=IFCCARTESIANPOINT((0.576,0.0175,0.0454111)) ;
#3870=IFCCARTESIANPOINT((0.576,0.0225,0.0454111)) ;
#3872=IFCCARTESIANPOINT((0.576,0.0175,0.0404111)) ;
#3876=IFCCARTESIANPOINT((0.576,0.0225,0.0454111)) ;
#3881=IFCCARTESIANPOINT((0.576,0.0175,0.0404111)) ;
#3894=IFCCARTESIANPOINT((0.576,0.0175,0.3754111)) ;
#3900=IFCCARTESIANPOINT((0.576,-0.0525,0.3754111)) ;
#3903=IFCCARTESIANPOINT((0.576,-0.0525,0.3804111)) ;
#3905=IFCCARTESIANPOINT((0.581,-0.0525,0.3754111)) ;
#3909=IFCCARTESIANPOINT((0.581,-0.572375,0.3754111)) ;
#3912=IFCCARTESIANPOINT((0.581,-0.572375,0.3754111)) ;
#3917=IFCCARTESIANPOINT((0.576,-0.572375,0.3754111)) ;
#3920=IFCCARTESIANPOINT((0.576,-0.572375,0.3804111)) ;
#3924=IFCCARTESIANPOINT((0.576,-0.572375,0.3804111)) ;
#3937=IFCCARTESIANPOINT((-0.014,0.0175,0.3754111)) ;
#3943=IFCCARTESIANPOINT((0.576,0.0175,0.3754111)) ;
#3946=IFCCARTESIANPOINT((0.576,0.0175,0.3804111)) ;
#3948=IFCCARTESIANPOINT((0.576,0.0225,0.3754111)) ;
#3952=IFCCARTESIANPOINT((0.576,0.0175,0.3804111)) ;
#3955=IFCCARTESIANPOINT((0.286125,0.0175,0.3804111)) ;
#3960=IFCCARTESIANPOINT((0.286125,0.0175,0.3754111)) ;
#3963=IFCCARTESIANPOINT((0.286125,0.0225,0.3754111)) ;
#3967=IFCCARTESIANPOINT((0.576,0.0225,0.3754111)) ;
#3980=IFCCARTESIANPOINT((-0.014,0.0175,0.0454111)) ;
#3986=IFCCARTESIANPOINT((-0.014,0.0175,0.0454111)) ;
#3989=IFCCARTESIANPOINT((-0.019,0.0175,0.0454111)) ;
#3994=IFCCARTESIANPOINT((-0.014,0.0175,0.0454111)) ;
#4007=IFCCARTESIANPOINT((0.579958110934,-1.6825,0.816260068257)) ;
#4012=IFCCARTESIANPOINT((0.578221629157,-1.7175,0.806411990726)) ;
#4015=IFCCARTESIANPOINT((0.578221629157,-1.7275,0.806411990726)) ;
#4017=IFCCARTESIANPOINT((0.579958110934,-1.7175,0.816260068257)) ;
#4021=IFCCARTESIANPOINT((0.578221629157,-1.7275,0.806411990726)) ;
#4024=IFCCARTESIANPOINT((0.52825,-1.7275,0.52300879879)) ;
#4028=IFCCARTESIANPOINT((0.52825,-1.6825,0.52300879879)) ;
#4031=IFCCARTESIANPOINT((0.52825,-1.6825,0.52300879879)) ;
#4035=IFCCARTESIANPOINT((0.578221629157,-1.6825,0.806411990726)) ;
#4038=IFCCARTESIANPOINT((0.578221629157,-1.6825,0.806411990726)) ;
#4043=IFCCARTESIANPOINT((0.578221629157,-1.6925,0.806411990726)) ;
#4046=IFCCARTESIANPOINT((0.579958110934,-1.6925,0.816260068257)) ;
#4050=IFCCARTESIANPOINT((0.579958110934,-1.6925,0.816260068257)) ;
#4065=IFCCARTESIANPOINT((-0.014,0.0175,0.0454111)) ;
#4071=IFCCARTESIANPOINT((-0.014,-1.172375,0.0454111)) ;
#4074=IFCCARTESIANPOINT((-0.014,-1.172375,0.0404111)) ;
#4076=IFCCARTESIANPOINT((-0.019,-1.172375,0.0454111)) ;
#4080=IFCCARTESIANPOINT((-0.014,-0.582625,0.0404111)) ;
#4083=IFCCARTESIANPOINT((-0.014,-0.582625,0.0404111)) ;
#4088=IFCCARTESIANPOINT((-0.014,-0.582625,0.0454111)) ;
#4091=IFCCARTESIANPOINT((-0.019,-0.582625,0.0454111)) ;
#4095=IFCCARTESIANPOINT((-0.019,-0.582625,0.0454111)) ;
#4108=IFCCARTESIANPOINT((0.576,-1.7725,0.3754111)) ;
#4114=IFCCARTESIANPOINT((0.576,-1.7725,0.3754111)) ;
#4117=IFCCARTESIANPOINT((0.576,-1.7725,0.3804111)) ;
#4119=IFCCARTESIANPOINT((0.581,-1.7725,0.3754111)) ;
#4124=IFCCARTESIANPOINT((0.576,-1.7725,0.3754111)) ;
#4127=IFCCARTESIANPOINT((0.576,-1.7775,0.3754111)) ;
#4132=IFCCARTESIANPOINT((0.576,-1.7725,0.3754111)) ;
#4144=IFCCARTESIANPOINT((-0.014,-1.7725,0.3754111)) ;
#4149=IFCCARTESIANPOINT((0.286125,-1.7775,0.3754111)) ;
#4152=IFCCARTESIANPOINT((0.286125,-1.7775,0.3754111)) ;
#4157=IFCCARTESIANPOINT((0.286125,-1.7725,0.3754111)) ;
#4160=IFCCARTESIANPOINT((0.286125,-1.7725,0.3804111)) ;
#4164=IFCCARTESIANPOINT((0.286125,-1.7725,0.3804111)) ;
#4177=IFCCARTESIANPOINT((0.576,0.0175,0.3754111)) ;
#4183=IFCCARTESIANPOINT((0.576,0.0175,0.3754111)) ;
#4186=IFCCARTESIANPOINT((0.581,0.0175,0.3754111)) ;
#4191=IFCCARTESIANPOINT((0.576,0.0175,0.3754111)) ;
#4203=IFCCARTESIANPOINT((-0.014,-1.7725,0.3754111)) ;
#4209=IFCCARTESIANPOINT((-0.014,-1.7725,0.3754111)) ;
#4212=IFCCARTESIANPOINT((-0.019,-1.7725,0.3754111)) ;
#4214=IFCCARTESIANPOINT((-0.014,-1.7725,0.3804111)) ;
#4219=IFCCARTESIANPOINT((-0.014,-1.7725,0.3754111)) ;
#4222=IFCCARTESIANPOINT((-0.014,-1.7775,0.3754111)) ;
#4227=IFCCARTESIANPOINT((-0.014,-1.7725,0.3754111)) ;
#4239=IFCCARTESIANPOINT((-0.014,0.0175,0.3754111)) ;
#4245=IFCCARTESIANPOINT((-0.014,-0.582625,0.3754111)) ;
#4248=IFCCARTESIANPOINT((-0.014,-0.582625,0.3804111)) ;
#4250=IFCCARTESIANPOINT((-0.019,-0.582625,0.3754111)) ;
#4254=IFCCARTESIANPOINT((-0.014,-0.582625,0.3804111)) ;
#4257=IFCCARTESIANPOINT((-0.014,-1.172375,0.3804111)) ;
#4262=IFCCARTESIANPOINT((-0.014,-1.172375,0.3754111)) ;
#4265=IFCCARTESIANPOINT((-0.019,-1.172375,0.3754111)) ;
#4269=IFCCARTESIANPOINT((-0.019,-0.582625,0.3754111)) ;
#4282=IFCCARTESIANPOINT((-0.014,0.0175,0.3754111)) ;
#4288=IFCCARTESIANPOINT((-0.014,0.0175,0.3754111)) ;
#4291=IFCCARTESIANPOINT((-0.019,0.0175,0.3754111)) ;
#4296=IFCCARTESIANPOINT((-0.014,0.0175,0.3754111)) ;
#4308=IFCCARTESIANPOINT((0.5585,-2.22044604925E-16,0.0404111)) ;
#4313=IFCCARTESIANPOINT((0.562,1.11022302463E-16,0.0404111)) ;
#4316=IFCCARTESIANPOINT((0.562,1.11022302463E-16,0.0404111)) ;
#4318=IFCCARTESIANPOINT((0.562,1.11022302463E-16,0.)) ;
#4323=IFCCARTESIANPOINT((0.5585,-2.22044604925E-16,0.0404111)) ;
#4326=IFCCARTESIANPOINT((0.5585,0.0035,0.0404111)) ;
#4330=IFCCARTESIANPOINT((0.5585,0.0035,0.0404111)) ;
#4333=IFCCARTESIANPOINT((0.5585,0.0035,0.)) ;
#4338=IFCCARTESIANPOINT((0.5585,-2.22044604925E-16,0.)) ;
#4352=IFCCARTESIANPOINT((0.0035,0.0035,0.0404111)) ;
#4356=IFCCARTESIANPOINT((0.5585,0.0035,0.0404111)) ;
#4359=IFCCARTESIANPOINT((0.0035,0.0035,0.0404111)) ;
#4363=IFCCARTESIANPOINT((0.0035,0.0035,0.0404111)) ;
#4366=IFCCARTESIANPOINT((0.0035,0.0035,0.)) ;
#4370=IFCCARTESIANPOINT((0.5585,0.0035,0.)) ;
#4383=IFCCARTESIANPOINT((0.0035,-3.33066907388E-16,0.0404111)) ;
#4389=IFCCARTESIANPOINT((0.0035,-3.33066907388E-16,0.0404111)) ;
#4392=IFCCARTESIANPOINT((0.,0.,0.0404111)) ;
#4396=IFCCARTESIANPOINT((0.,0.,0.0404111)) ;
#4399=IFCCARTESIANPOINT((0.,0.,0.)) ;
#4404=IFCCARTESIANPOINT((0.0035,-3.33066907388E-16,0.)) ;
#4418=IFCCARTESIANPOINT((-1.11022302463E-16,0.,0.0404111)) ;
#4422=IFCCARTESIANPOINT((0.,0.,0.0404111)) ;
#4425=IFCCARTESIANPOINT((1.11022302463E-16,-1.755,0.0404111)) ;
#4429=IFCCARTESIANPOINT((1.11022302463E-16,-1.755,0.0404111)) ;
#4432=IFCCARTESIANPOINT((1.11022302463E-16,-1.755,0.)) ;
#4436=IFCCARTESIANPOINT((0.,0.,0.)) ;
#4449=IFCCARTESIANPOINT((0.0035,-1.755,0.0404111)) ;
#4455=IFCCARTESIANPOINT((0.0035,-1.755,0.0404111)) ;
#4458=IFCCARTESIANPOINT((0.0035,-1.7585,0.0404111)) ;
#4462=IFCCARTESIANPOINT((0.0035,-1.7585,0.0404111)) ;
#4465=IFCCARTESIANPOINT((0.0035,-1.7585,0.)) ;
#4470=IFCCARTESIANPOINT((0.0035,-1.755,0.)) ;
#4484=IFCCARTESIANPOINT((0.0035,-1.7585,0.0404111)) ;
#4488=IFCCARTESIANPOINT((0.0035,-1.7585,0.0404111)) ;
#4491=IFCCARTESIANPOINT((0.5585,-1.7585,0.0404111)) ;
#4495=IFCCARTESIANPOINT((0.5585,-1.7585,0.0404111)) ;
#4498=IFCCARTESIANPOINT((0.5585,-1.7585,0.)) ;
#4502=IFCCARTESIANPOINT((0.0035,-1.7585,0.)) ;
#4515=IFCCARTESIANPOINT((0.5585,-1.755,0.0404111)) ;
#4521=IFCCARTESIANPOINT((0.5585,-1.755,0.0404111)) ;
#4524=IFCCARTESIANPOINT((0.562,-1.755,0.0404111)) ;
#4528=IFCCARTESIANPOINT((0.562,-1.755,0.0404111)) ;
#4531=IFCCARTESIANPOINT((0.562,-1.755,0.)) ;
#4536=IFCCARTESIANPOINT((0.5585,-1.755,0.)) ;
#4550=IFCCARTESIANPOINT((0.562,1.11022302463E-16,0.0404111)) ;
#4554=IFCCARTESIANPOINT((0.562,-1.755,0.0404111)) ;
#4559=IFCCARTESIANPOINT((0.562,-1.755,0.)) ;
#4573=IFCCARTESIANPOINT((0.5585,-2.22044604925E-16,0.)) ;
#4589=IFCCARTESIANPOINT((-0.014,0.0175,0.3804111)) ;
#4594=IFCCARTESIANPOINT((-0.019,0.0175,0.3754111)) ;
#4599=IFCCARTESIANPOINT((-0.014,0.0225,0.3754111)) ;
#4613=IFCCARTESIANPOINT((-0.019,0.0175,0.3804111)) ;
#4617=IFCCARTESIANPOINT((-0.019,-1.172375,0.3754111)) ;
#4622=IFCCARTESIANPOINT((-0.019,-0.582625,0.0454111)) ;
#4635=IFCCARTESIANPOINT((-0.014,-1.7725,0.3804111)) ;
#4640=IFCCARTESIANPOINT((-0.014,-1.7775,0.3754111)) ;
#4643=IFCCARTESIANPOINT((-0.014,-1.7775,0.0454111)) ;
#4648=IFCCARTESIANPOINT((-0.014,-1.7725,0.0454111)) ;
#4651=IFCCARTESIANPOINT((-0.019,-1.7725,0.0454111)) ;
#4655=IFCCARTESIANPOINT((-0.019,-1.7725,0.3754111)) ;
#4669=IFCCARTESIANPOINT((-0.014,-1.7775,0.3804111)) ;
#4673=IFCCARTESIANPOINT((0.576,-1.7775,0.3754111)) ;
#4676=IFCCARTESIANPOINT((0.576,-1.7775,0.0454111)) ;
#4680=IFCCARTESIANPOINT((0.286125,-1.7775,0.0454111)) ;
#4683=IFCCARTESIANPOINT((0.286125,-1.7775,0.0454111)) ;
#4687=IFCCARTESIANPOINT((0.286125,-1.7775,0.0454111)) ;
#4700=IFCCARTESIANPOINT((0.576,-1.7725,0.3804111)) ;
#4705=IFCCARTESIANPOINT((0.581,-1.7725,0.3754111)) ;
#4708=IFCCARTESIANPOINT((0.581,-1.7725,0.0454111)) ;
#4713=IFCCARTESIANPOINT((0.576,-1.7725,0.0454111)) ;
#4727=IFCCARTESIANPOINT((0.581,0.0175,0.3804111)) ;
#4731=IFCCARTESIANPOINT((0.581,-1.7725,0.3754111)) ;
#4734=IFCCARTESIANPOINT((0.581,-1.7075,0.3754111)) ;
#4738=IFCCARTESIANPOINT((0.581,-1.7075,0.3754111)) ;
#4741=IFCCARTESIANPOINT((0.581,-1.7075,0.793375062359)) ;
#4745=IFCCARTESIANPOINT((0.581,-1.7025,0.793375062359)) ;
#4748=IFCCARTESIANPOINT((0.581,-1.7025,0.793375062359)) ;
#4752=IFCCARTESIANPOINT((0.581,-1.7025,0.3754111)) ;
#4755=IFCCARTESIANPOINT((0.581,-1.7025,0.3754111)) ;
#4759=IFCCARTESIANPOINT((0.581,-1.7025,0.3754111)) ;
#4762=IFCCARTESIANPOINT((0.581,-1.182625,0.3754111)) ;
#4766=IFCCARTESIANPOINT((0.581,-1.182625,0.0454111)) ;
#4769=IFCCARTESIANPOINT((0.581,-1.182625,0.0454111)) ;
#4773=IFCCARTESIANPOINT((0.581,-1.7725,0.0454111)) ;
#4790=IFCCARTESIANPOINT((0.576,0.0175,0.3804111)) ;
#4795=IFCCARTESIANPOINT((0.576,0.0225,0.3754111)) ;
#4801=IFCCARTESIANPOINT((0.576,0.0175,0.0454111)) ;
#4804=IFCCARTESIANPOINT((0.581,0.0175,0.0454111)) ;
#4808=IFCCARTESIANPOINT((0.581,0.0175,0.3754111)) ;
#4822=IFCCARTESIANPOINT((-0.014,0.0225,0.3804111)) ;
#4826=IFCCARTESIANPOINT((0.275875,0.0225,0.3754111)) ;
#4840=IFCCARTESIANPOINT((-0.014,0.0175,0.0404111)) ;
#4844=IFCCARTESIANPOINT((-0.014,-1.7725,0.0404111)) ;
#4847=IFCCARTESIANPOINT((0.275875,-1.7725,0.0404111)) ;
#4849=IFCCARTESIANPOINT((-0.014,-1.7725,0.0404111)) ;
#4853=IFCCARTESIANPOINT((0.275875,-1.7725,0.0404111)) ;
#4856=IFCCARTESIANPOINT((0.286125,-1.7725,0.0404111)) ;
#4860=IFCCARTESIANPOINT((0.286125,-1.7725,0.0404111)) ;
#4863=IFCCARTESIANPOINT((0.576,-1.7725,0.0404111)) ;
#4867=IFCCARTESIANPOINT((0.576,-1.7725,0.0404111)) ;
#4870=IFCCARTESIANPOINT((0.576,-1.182625,0.0404111)) ;
#4874=IFCCARTESIANPOINT((0.576,-1.182625,0.0404111)) ;
#4877=IFCCARTESIANPOINT((0.576,-1.172375,0.0404111)) ;
#4881=IFCCARTESIANPOINT((0.576,-1.172375,0.0404111)) ;
#4884=IFCCARTESIANPOINT((0.576,-0.582625,0.0404111)) ;
#4888=IFCCARTESIANPOINT((0.576,-0.582625,0.0404111)) ;
#4891=IFCCARTESIANPOINT((0.576,-0.572375,0.0404111)) ;
#4895=IFCCARTESIANPOINT((0.576,-0.572375,0.0404111)) ;
#4900=IFCCARTESIANPOINT((0.286125,0.0175,0.0404111)) ;
#4905=IFCCARTESIANPOINT((-0.014,0.0175,0.0404111)) ;
#4908=IFCCARTESIANPOINT((-0.014,-0.572375,0.0404111)) ;
#4912=IFCCARTESIANPOINT((-0.014,-0.572375,0.0404111)) ;
#4917=IFCCARTESIANPOINT((-0.014,-1.172375,0.0404111)) ;
#4920=IFCCARTESIANPOINT((-0.014,-1.182625,0.0404111)) ;
#4924=IFCCARTESIANPOINT((-0.014,-1.182625,0.0404111)) ;
#4960=IFCCARTESIANPOINT((-0.014,0.0175,0.3804111)) ;
#4964=IFCCARTESIANPOINT((0.576,-1.172375,0.3804111)) ;
#4967=IFCCARTESIANPOINT((0.576,-1.172375,0.3804111)) ;
#4969=IFCCARTESIANPOINT((0.576,-0.582625,0.3804111)) ;
#4973=IFCCARTESIANPOINT((0.576,-1.182625,0.3804111)) ;
#4976=IFCCARTESIANPOINT((0.576,-1.182625,0.3804111)) ;
#4980=IFCCARTESIANPOINT((0.576,-1.7025,0.3804111)) ;
#4983=IFCCARTESIANPOINT((0.576,-1.7025,0.3804111)) ;
#4987=IFCCARTESIANPOINT((0.53325,-1.7025,0.3804111)) ;
#4990=IFCCARTESIANPOINT((0.53325,-1.7025,0.3804111)) ;
#4994=IFCCARTESIANPOINT((0.53325,-1.6825,0.3804111)) ;
#4997=IFCCARTESIANPOINT((0.53325,-1.6825,0.3804111)) ;
#5001=IFCCARTESIANPOINT((0.52825,-1.6825,0.3804111)) ;
#5004=IFCCARTESIANPOINT((0.52825,-1.6825,0.3804111)) ;
#5008=IFCCARTESIANPOINT((0.52825,-1.6825,0.3804111)) ;
#5011=IFCCARTESIANPOINT((0.52825,-1.7275,0.3804111)) ;
#5015=IFCCARTESIANPOINT((0.52825,-1.7275,0.3804111)) ;
#5018=IFCCARTESIANPOINT((0.53325,-1.7275,0.3804111)) ;
#5022=IFCCARTESIANPOINT((0.53325,-1.7075,0.3804111)) ;
#5025=IFCCARTESIANPOINT((0.53325,-1.7075,0.3804111)) ;
#5029=IFCCARTESIANPOINT((0.53325,-1.7075,0.3804111)) ;
#5032=IFCCARTESIANPOINT((0.576,-1.7075,0.3804111)) ;
#5036=IFCCARTESIANPOINT((0.576,-1.7725,0.3804111)) ;
#5041=IFCCARTESIANPOINT((0.275875,-1.7725,0.3804111)) ;
#5044=IFCCARTESIANPOINT((0.275875,-1.7725,0.3804111)) ;
#5048=IFCCARTESIANPOINT((-0.014,-1.7725,0.3804111)) ;
#5053=IFCCARTESIANPOINT((-0.014,-1.182625,0.3804111)) ;
#5056=IFCCARTESIANPOINT((-0.014,-1.182625,0.3804111)) ;
#5060=IFCCARTESIANPOINT((-0.014,-1.172375,0.3804111)) ;
#5065=IFCCARTESIANPOINT((-0.014,-0.572375,0.3804111)) ;
#5070=IFCCARTESIANPOINT((-0.014,0.0175,0.3804111)) ;
#5075=IFCCARTESIANPOINT((0.286125,0.0175,0.3804111)) ;
#5080=IFCCARTESIANPOINT((0.576,-0.0475,0.3804111)) ;
#5083=IFCCARTESIANPOINT((0.576,-0.0475,0.3804111)) ;
#5087=IFCCARTESIANPOINT((0.53325,-0.0475,0.3804111)) ;
#5090=IFCCARTESIANPOINT((0.53325,-0.0475,0.3804111)) ;
#5094=IFCCARTESIANPOINT((0.53325,-0.0475,0.3804111)) ;
#5097=IFCCARTESIANPOINT((0.53325,-0.0275,0.3804111)) ;
#5101=IFCCARTESIANPOINT((0.52825,-0.0275,0.3804111)) ;
#5104=IFCCARTESIANPOINT((0.52825,-0.0275,0.3804111)) ;
#5108=IFCCARTESIANPOINT((0.52825,-0.0725,0.3804111)) ;
#5111=IFCCARTESIANPOINT((0.52825,-0.0725,0.3804111)) ;
#5115=IFCCARTESIANPOINT((0.52825,-0.0725,0.3804111)) ;
#5118=IFCCARTESIANPOINT((0.53325,-0.0725,0.3804111)) ;
#5122=IFCCARTESIANPOINT((0.53325,-0.0725,0.3804111)) ;
#5125=IFCCARTESIANPOINT((0.53325,-0.0525,0.3804111)) ;
#5129=IFCCARTESIANPOINT((0.53325,-0.0525,0.3804111)) ;
#5134=IFCCARTESIANPOINT((0.576,-0.582625,0.3804111)) ;
#5176=IFCCARTESIANPOINT((0.52825,-1.6825,0.3804111)) ;
#5180=IFCCARTESIANPOINT((0.52825,-1.6825,0.52300879879)) ;
#5185=IFCCARTESIANPOINT((0.52825,-1.7275,0.52300879879)) ;
#5199=IFCCARTESIANPOINT((0.53325,-1.6825,0.3804111)) ;
#5203=IFCCARTESIANPOINT((0.53325,-1.7275,0.3804111)) ;
#5206=IFCCARTESIANPOINT((0.53325,-1.7275,0.522571355472)) ;
#5210=IFCCARTESIANPOINT((0.53325,-1.7075,0.522571355472)) ;
#5213=IFCCARTESIANPOINT((0.53325,-1.7075,0.522571355472)) ;
#5217=IFCCARTESIANPOINT((0.53325,-1.7075,0.522571355472)) ;
#5231=IFCCARTESIANPOINT((0.584882149699,-1.6825,0.815391827368)) ;
#5235=IFCCARTESIANPOINT((0.53325,-1.6825,0.522571355472)) ;
#5238=IFCCARTESIANPOINT((0.53325,-1.6825,0.522571355472)) ;
#5240=IFCCARTESIANPOINT((0.53325,-1.7025,0.522571355472)) ;
#5244=IFCCARTESIANPOINT((0.581,-1.7025,0.793375062359)) ;
#5249=IFCCARTESIANPOINT((0.581,-1.7075,0.793375062359)) ;
#5254=IFCCARTESIANPOINT((0.53325,-1.7275,0.522571355472)) ;
#5257=IFCCARTESIANPOINT((0.583145667922,-1.7275,0.805543749838)) ;
#5262=IFCCARTESIANPOINT((0.583145667922,-1.7175,0.805543749838)) ;
#5265=IFCCARTESIANPOINT((0.584882149699,-1.7175,0.815391827368)) ;
#5269=IFCCARTESIANPOINT((0.584882149699,-1.6925,0.815391827368)) ;
#5272=IFCCARTESIANPOINT((0.584882149699,-1.6925,0.815391827368)) ;
#5277=IFCCARTESIANPOINT((0.583145667922,-1.6925,0.805543749838)) ;
#5280=IFCCARTESIANPOINT((0.583145667922,-1.6825,0.805543749838)) ;
#5284=IFCCARTESIANPOINT((0.53325,-1.6825,0.522571355472)) ;
#5304=IFCCARTESIANPOINT((0.579958110934,-1.6825,0.816260068257)) ;
#5308=IFCCARTESIANPOINT((0.584882149699,-1.7175,0.815391827368)) ;
#5313=IFCCARTESIANPOINT((0.584882149699,-1.6925,0.815391827368)) ;
#5327=IFCCARTESIANPOINT((0.281,-1.7275,-0.25)) ;
#5331=IFCCARTESIANPOINT((0.583145667922,-1.7275,0.805543749838)) ;
#5347=IFCCARTESIANPOINT((0.281,-1.6825,-0.25)) ;
#5351=IFCCARTESIANPOINT((0.53325,-1.6825,0.3804111)) ;
#5356=IFCCARTESIANPOINT((0.583145667922,-1.6825,0.805543749838)) ;
#5372=IFCCARTESIANPOINT((0.576,-1.7075,0.3754111)) ;
#5377=IFCCARTESIANPOINT((0.576,-1.7075,0.3754111)) ;
#5392=IFCCARTESIANPOINT((0.576,-1.7025,0.3754111)) ;
#5396=IFCCARTESIANPOINT((0.53325,-1.7025,0.522571355472)) ;
#5402=IFCCARTESIANPOINT((0.576,-1.7025,0.3754111)) ;
#5417=IFCCARTESIANPOINT((0.579958110934,-0.0725,0.816260068257)) ;
#5421=IFCCARTESIANPOINT((0.52825,-0.0725,0.52300879879)) ;
#5424=IFCCARTESIANPOINT((0.52825,-0.0725,0.52300879879)) ;
#5426=IFCCARTESIANPOINT((0.52825,-0.0275,0.52300879879)) ;
#5430=IFCCARTESIANPOINT((0.578221629157,-0.0275,0.806411990726)) ;
#5433=IFCCARTESIANPOINT((0.578221629157,-0.0275,0.806411990726)) ;
#5438=IFCCARTESIANPOINT((0.578221629157,-0.0375,0.806411990726)) ;
#5441=IFCCARTESIANPOINT((0.579958110934,-0.0375,0.816260068257)) ;
#5445=IFCCARTESIANPOINT((0.579958110934,-0.0625,0.816260068257)) ;
#5448=IFCCARTESIANPOINT((0.579958110934,-0.0625,0.816260068257)) ;
#5453=IFCCARTESIANPOINT((0.578221629157,-0.0625,0.806411990726)) ;
#5456=IFCCARTESIANPOINT((0.578221629157,-0.0725,0.806411990726)) ;
#5460=IFCCARTESIANPOINT((0.578221629157,-0.0725,0.806411990726)) ;
#5476=IFCCARTESIANPOINT((0.579958110934,-0.0725,0.816260068257)) ;
#5480=IFCCARTESIANPOINT((0.584882149699,-0.0375,0.815391827368)) ;
#5483=IFCCARTESIANPOINT((0.584882149699,-0.0375,0.815391827368)) ;
#5487=IFCCARTESIANPOINT((0.584882149699,-0.0625,0.815391827368)) ;
#5490=IFCCARTESIANPOINT((0.584882149699,-0.0625,0.815391827368)) ;
#5494=IFCCARTESIANPOINT((0.584882149699,-0.0625,0.815391827368)) ;
#5508=IFCCARTESIANPOINT((0.584882149699,-0.0725,0.815391827368)) ;
#5513=IFCCARTESIANPOINT((0.583145667922,-0.0375,0.805543749838)) ;
#5516=IFCCARTESIANPOINT((0.583145667922,-0.0275,0.805543749838)) ;
#5520=IFCCARTESIANPOINT((0.53325,-0.0275,0.522571355472)) ;
#5523=IFCCARTESIANPOINT((0.53325,-0.0275,0.522571355472)) ;
#5527=IFCCARTESIANPOINT((0.53325,-0.0475,0.522571355472)) ;
#5530=IFCCARTESIANPOINT((0.53325,-0.0475,0.522571355472)) ;
#5534=IFCCARTESIANPOINT((0.581,-0.0475,0.793375062359)) ;
#5537=IFCCARTESIANPOINT((0.581,-0.0475,0.793375062359)) ;
#5541=IFCCARTESIANPOINT((0.581,-0.0525,0.793375062359)) ;
#5544=IFCCARTESIANPOINT((0.581,-0.0525,0.793375062359)) ;
#5548=IFCCARTESIANPOINT((0.581,-0.0525,0.793375062359)) ;
#5551=IFCCARTESIANPOINT((0.53325,-0.0525,0.522571355472)) ;
#5555=IFCCARTESIANPOINT((0.53325,-0.0725,0.522571355472)) ;
#5558=IFCCARTESIANPOINT((0.53325,-0.0725,0.522571355472)) ;
#5562=IFCCARTESIANPOINT((0.53325,-0.0725,0.522571355472)) ;
#5565=IFCCARTESIANPOINT((0.583145667922,-0.0725,0.805543749838)) ;
#5570=IFCCARTESIANPOINT((0.583145667922,-0.0625,0.805543749838)) ;
#5590=IFCCARTESIANPOINT((0.53325,-0.0725,0.3804111)) ;
#5594=IFCCARTESIANPOINT((0.53325,-0.0275,0.3804111)) ;
#5599=IFCCARTESIANPOINT((0.53325,-0.0475,0.522571355472)) ;
#5613=IFCCARTESIANPOINT((0.52825,-0.0725,0.3804111)) ;
#5617=IFCCARTESIANPOINT((0.52825,-0.0725,0.52300879879)) ;
#5622=IFCCARTESIANPOINT((0.52825,-0.0275,0.52300879879)) ;
#5636=IFCCARTESIANPOINT((0.281,-0.0275,-0.25)) ;
#5640=IFCCARTESIANPOINT((0.583145667922,-0.0275,0.805543749838)) ;
#5656=IFCCARTESIANPOINT((0.281,-0.0725,-0.25)) ;
#5660=IFCCARTESIANPOINT((0.53325,-0.0725,0.3804111)) ;
#5665=IFCCARTESIANPOINT((0.583145667922,-0.0725,0.805543749838)) ;
#5681=IFCCARTESIANPOINT((0.576,-0.0475,0.3754111)) ;
#5685=IFCCARTESIANPOINT((0.581,-0.0475,0.3754111)) ;
#5688=IFCCARTESIANPOINT((0.581,-0.0475,0.3754111)) ;
#5693=IFCCARTESIANPOINT((0.576,-0.0475,0.3754111)) ;
#5708=IFCCARTESIANPOINT((0.576,-0.0525,0.3754111)) ;
#5712=IFCCARTESIANPOINT((0.53325,-0.0525,0.522571355472)) ;
#5717=IFCCARTESIANPOINT((0.581,-0.0525,0.3754111)) ;
#5732=IFCCARTESIANPOINT((0.281,-1.7725,-0.25)) ;
#5737=IFCCARTESIANPOINT((0.286125,-1.7725,0.3754111)) ;
#5740=IFCCARTESIANPOINT((0.281125,-1.7725,0.3754111)) ;
#5744=IFCCARTESIANPOINT((0.281125,-1.7725,0.0454111)) ;
#5747=IFCCARTESIANPOINT((0.281125,-1.7725,0.0454111)) ;
#5752=IFCCARTESIANPOINT((0.286125,-1.7725,0.0454111)) ;
#5758=IFCCARTESIANPOINT((0.275875,-1.7725,0.0454111)) ;
#5761=IFCCARTESIANPOINT((0.280875,-1.7725,0.0454111)) ;
#5765=IFCCARTESIANPOINT((0.280875,-1.7725,0.3754111)) ;
#5768=IFCCARTESIANPOINT((0.280875,-1.7725,0.3754111)) ;
#5773=IFCCARTESIANPOINT((0.275875,-1.7725,0.3754111)) ;
#5791=IFCCARTESIANPOINT((-0.014,-0.8775,-0.25)) ;
#5796=IFCCARTESIANPOINT((-0.014,-0.582625,0.3754111)) ;
#5799=IFCCARTESIANPOINT((-0.014,-0.577625,0.3754111)) ;
#5803=IFCCARTESIANPOINT((-0.014,-0.577625,0.0454111)) ;
#5806=IFCCARTESIANPOINT((-0.014,-0.577625,0.0454111)) ;
#5811=IFCCARTESIANPOINT((-0.014,-0.582625,0.0454111)) ;
#5817=IFCCARTESIANPOINT((-0.014,-0.572375,0.0454111)) ;
#5835=IFCCARTESIANPOINT((-0.014,-0.8775,-0.25)) ;
#5840=IFCCARTESIANPOINT((-0.014,-1.182625,0.3754111)) ;
#5843=IFCCARTESIANPOINT((-0.014,-1.177625,0.3754111)) ;
#5847=IFCCARTESIANPOINT((-0.014,-1.177625,0.0454111)) ;
#5850=IFCCARTESIANPOINT((-0.014,-1.177625,0.0454111)) ;
#5855=IFCCARTESIANPOINT((-0.014,-1.182625,0.0454111)) ;
#5861=IFCCARTESIANPOINT((-0.014,-1.172375,0.0454111)) ;
#5864=IFCCARTESIANPOINT((-0.014,-1.177375,0.0454111)) ;
#5868=IFCCARTESIANPOINT((-0.014,-1.177375,0.3754111)) ;
#5871=IFCCARTESIANPOINT((-0.014,-1.177375,0.3754111)) ;
#5876=IFCCARTESIANPOINT((-0.014,-1.172375,0.3754111)) ;
#5894=IFCCARTESIANPOINT((0.576,-0.8775,-0.25)) ;
#5899=IFCCARTESIANPOINT((0.576,-0.572375,0.3754111)) ;
#5902=IFCCARTESIANPOINT((0.576,-0.577375,0.3754111)) ;
#5906=IFCCARTESIANPOINT((0.576,-0.577375,0.3754111)) ;
#5909=IFCCARTESIANPOINT((0.576,-0.577375,0.0454111)) ;
#5914=IFCCARTESIANPOINT((0.576,-0.572375,0.0454111)) ;
#5920=IFCCARTESIANPOINT((0.576,-0.582625,0.0454111)) ;
#5923=IFCCARTESIANPOINT((0.576,-0.577625,0.0454111)) ;
#5927=IFCCARTESIANPOINT((0.576,-0.577625,0.0454111)) ;
#5930=IFCCARTESIANPOINT((0.576,-0.577625,0.3754111)) ;
#5935=IFCCARTESIANPOINT((0.576,-0.582625,0.3754111)) ;
#5953=IFCCARTESIANPOINT((0.576,-0.8775,-0.25)) ;
#5958=IFCCARTESIANPOINT((0.576,-1.172375,0.3754111)) ;
#5961=IFCCARTESIANPOINT((0.576,-1.177375,0.3754111)) ;
#5965=IFCCARTESIANPOINT((0.576,-1.177375,0.3754111)) ;
#5968=IFCCARTESIANPOINT((0.576,-1.177375,0.0454111)) ;
#5973=IFCCARTESIANPOINT((0.576,-1.172375,0.0454111)) ;
#5979=IFCCARTESIANPOINT((0.576,-1.182625,0.0454111)) ;
#5982=IFCCARTESIANPOINT((0.576,-1.177625,0.0454111)) ;
#5986=IFCCARTESIANPOINT((0.576,-1.177625,0.0454111)) ;
#5989=IFCCARTESIANPOINT((0.576,-1.177625,0.3754111)) ;
#5994=IFCCARTESIANPOINT((0.576,-1.182625,0.3754111)) ;
#6012=IFCCARTESIANPOINT((0.281,0.0175,-0.25)) ;
#6017=IFCCARTESIANPOINT((0.275875,0.0175,0.0454111)) ;
#6020=IFCCARTESIANPOINT((0.280875,0.0175,0.0454111)) ;
#6024=IFCCARTESIANPOINT((0.281125,0.0175,0.0454111)) ;
#6027=IFCCARTESIANPOINT((0.281125,0.0175,0.3754111)) ;
#6032=IFCCARTESIANPOINT((0.286125,0.0175,0.3754111)) ;
#6038=IFCCARTESIANPOINT((0.275875,0.0175,0.3754111)) ;
#6041=IFCCARTESIANPOINT((0.280875,0.0175,0.3754111)) ;
#6045=IFCCARTESIANPOINT((0.280875,0.0175,0.3754111)) ;
#6062=IFCCARTESIANPOINT((0.576,-1.182625,0.3754111)) ;
#6068=IFCCARTESIANPOINT((0.576,-1.182625,0.3754111)) ;
#6074=IFCCARTESIANPOINT((0.576,-1.182625,0.3754111)) ;
#6086=IFCCARTESIANPOINT((0.576,-1.182625,0.3804111)) ;
#6092=IFCCARTESIANPOINT((0.576,-1.182625,0.0454111)) ;
#6105=IFCCARTESIANPOINT((0.576,-1.172375,0.3754111)) ;
#6111=IFCCARTESIANPOINT((0.576,-1.172375,0.3754111)) ;
#6114=IFCCARTESIANPOINT((0.581,-1.172375,0.3754111)) ;
#6119=IFCCARTESIANPOINT((0.576,-1.172375,0.3754111)) ;
#6131=IFCCARTESIANPOINT((0.576,-1.172375,0.3804111)) ;
#6136=IFCCARTESIANPOINT((0.581,-1.172375,0.3754111)) ;
#6139=IFCCARTESIANPOINT((0.581,-1.172375,0.0454111)) ;
#6144=IFCCARTESIANPOINT((0.576,-1.172375,0.0454111)) ;
#6157=IFCCARTESIANPOINT((0.576,-1.172375,0.0454111)) ;
#6163=IFCCARTESIANPOINT((0.576,-1.172375,0.0454111)) ;
#6175=IFCCARTESIANPOINT((0.576,-0.582625,0.0454111)) ;
#6181=IFCCARTESIANPOINT((0.576,-0.582625,0.0454111)) ;
#6184=IFCCARTESIANPOINT((0.581,-0.582625,0.0454111)) ;
#6189=IFCCARTESIANPOINT((0.576,-0.582625,0.0454111)) ;
#6201=IFCCARTESIANPOINT((0.576,-0.582625,0.3804111)) ;
#6206=IFCCARTESIANPOINT((0.581,-0.582625,0.0454111)) ;
#6209=IFCCARTESIANPOINT((0.581,-0.582625,0.3754111)) ;
#6214=IFCCARTESIANPOINT((0.576,-0.582625,0.3754111)) ;
#6227=IFCCARTESIANPOINT((0.576,-0.582625,0.3754111)) ;
#6233=IFCCARTESIANPOINT((0.576,-0.582625,0.3754111)) ;
#6245=IFCCARTESIANPOINT((0.576,-0.572375,0.3754111)) ;
#6251=IFCCARTESIANPOINT((0.576,-0.572375,0.3754111)) ;
#6263=IFCCARTESIANPOINT((0.576,-0.572375,0.3804111)) ;
#6268=IFCCARTESIANPOINT((0.581,-0.572375,0.3754111)) ;
#6271=IFCCARTESIANPOINT((0.581,-0.572375,0.0454111)) ;
#6276=IFCCARTESIANPOINT((0.576,-0.572375,0.0454111)) ;
#6289=IFCCARTESIANPOINT((0.576,-0.572375,0.0454111)) ;
#6295=IFCCARTESIANPOINT((0.576,-0.572375,0.0454111)) ;
#6307=IFCCARTESIANPOINT((0.275875,0.0175,0.3754111)) ;
#6313=IFCCARTESIANPOINT((0.275875,0.0175,0.3754111)) ;
#6325=IFCCARTESIANPOINT((0.275875,0.0175,0.3804111)) ;
#6331=IFCCARTESIANPOINT((0.275875,0.0175,0.0454111)) ;
#6344=IFCCARTESIANPOINT((0.275875,0.0175,0.0454111)) ;
#6356=IFCCARTESIANPOINT((0.286125,0.0175,0.3804111)) ;
#6361=IFCCARTESIANPOINT((0.286125,0.0225,0.0454111)) ;
#6367=IFCCARTESIANPOINT((0.286125,0.0175,0.3754111)) ;
#6380=IFCCARTESIANPOINT((0.286125,0.0175,0.3754111)) ;
#6392=IFCCARTESIANPOINT((-0.014,-0.572375,0.0454111)) ;
#6398=IFCCARTESIANPOINT((-0.014,-0.572375,0.0454111)) ;
#6410=IFCCARTESIANPOINT((-0.014,-0.582625,0.3754111)) ;
#6416=IFCCARTESIANPOINT((-0.014,-0.582625,0.3754111)) ;
#6428=IFCCARTESIANPOINT((-0.014,-0.582625,0.3804111)) ;
#6434=IFCCARTESIANPOINT((-0.014,-0.582625,0.0454111)) ;
#6447=IFCCARTESIANPOINT((0.286125,-1.7725,0.0454111)) ;
#6453=IFCCARTESIANPOINT((0.286125,-1.7725,0.0454111)) ;
#6459=IFCCARTESIANPOINT((0.286125,-1.7725,0.0454111)) ;
#6471=IFCCARTESIANPOINT((0.286125,-1.7725,0.3804111)) ;
#6477=IFCCARTESIANPOINT((0.286125,-1.7725,0.3754111)) ;
#6490=IFCCARTESIANPOINT((0.286125,-1.7725,0.3754111)) ;
#6502=IFCCARTESIANPOINT((0.275875,-1.7725,0.0454111)) ;
#6508=IFCCARTESIANPOINT((0.275875,-1.7725,0.0454111)) ;
#6511=IFCCARTESIANPOINT((0.275875,-1.7775,0.0454111)) ;
#6516=IFCCARTESIANPOINT((0.275875,-1.7725,0.0454111)) ;
#6528=IFCCARTESIANPOINT((0.275875,-1.7725,0.3804111)) ;
#6533=IFCCARTESIANPOINT((0.275875,-1.7775,0.3754111)) ;
#6536=IFCCARTESIANPOINT((0.275875,-1.7775,0.3754111)) ;
#6541=IFCCARTESIANPOINT((0.275875,-1.7725,0.3754111)) ;
#6554=IFCCARTESIANPOINT((0.275875,-1.7725,0.3754111)) ;
#6560=IFCCARTESIANPOINT((0.275875,-1.7725,0.3754111)) ;
#6572=IFCCARTESIANPOINT((-0.014,-1.172375,0.3754111)) ;
#6578=IFCCARTESIANPOINT((-0.014,-1.172375,0.3754111)) ;
#6590=IFCCARTESIANPOINT((-0.014,-1.172375,0.3804111)) ;
#6596=IFCCARTESIANPOINT((-0.014,-1.172375,0.0454111)) ;
#6609=IFCCARTESIANPOINT((-0.014,-1.172375,0.0454111)) ;
#6621=IFCCARTESIANPOINT((-0.014,-1.182625,0.0454111)) ;
#6627=IFCCARTESIANPOINT((-0.014,-1.182625,0.0454111)) ;
#6630=IFCCARTESIANPOINT((-0.019,-1.182625,0.0454111)) ;
#6635=IFCCARTESIANPOINT((-0.014,-1.182625,0.0454111)) ;
#6647=IFCCARTESIANPOINT((-0.014,-1.182625,0.3804111)) ;
#6652=IFCCARTESIANPOINT((-0.019,-1.182625,0.0454111)) ;
#6655=IFCCARTESIANPOINT((-0.019,-1.182625,0.3754111)) ;
#6660=IFCCARTESIANPOINT((-0.014,-1.182625,0.3754111)) ;
#6673=IFCCARTESIANPOINT((-0.014,-1.182625,0.3754111)) ;
#6679=IFCCARTESIANPOINT((-0.014,-1.182625,0.3754111)) ;
#6691=IFCCARTESIANPOINT((-0.014,-0.582625,0.0454111)) ;
#6703=IFCCARTESIANPOINT((0.576,-1.182625,0.0454111)) ;
#6709=IFCCARTESIANPOINT((0.576,-1.182625,0.0454111)) ;
#6721=IFCCARTESIANPOINT((-0.014,-1.7725,0.0454111)) ;
#6727=IFCCARTESIANPOINT((0.576,-1.7725,0.0454111)) ;
#6740=IFCCARTESIANPOINT((-0.014,-1.7725,0.3754111)) ;
#6745=IFCCARTESIANPOINT((-0.014,-1.7775,0.3754111)) ;
#6759=IFCCARTESIANPOINT((-0.014,-1.7775,0.3804111)) ;
#6763=IFCCARTESIANPOINT((-0.014,-1.7775,0.0454111)) ;
#6776=IFCCARTESIANPOINT((-0.014,-1.7725,0.0454111)) ;
#6782=IFCCARTESIANPOINT((-0.014,-1.7725,0.0454111)) ;
#6796=IFCCARTESIANPOINT((-0.019,0.0175,0.3804111)) ;
#6800=IFCCARTESIANPOINT((-0.019,0.0175,0.3754111)) ;
#6805=IFCCARTESIANPOINT((-0.019,0.0175,0.0454111)) ;
#6818=IFCCARTESIANPOINT((-0.014,0.0175,0.3754111)) ;
#6831=IFCCARTESIANPOINT((-0.014,0.0175,0.0454111)) ;
#6844=IFCCARTESIANPOINT((-0.014,0.0175,0.0454111)) ;
#6850=IFCCARTESIANPOINT((-0.014,-1.7725,0.0454111)) ;
#6855=IFCCARTESIANPOINT((-0.019,-1.182625,0.0454111)) ;
#6868=IFCCARTESIANPOINT((-0.014,0.0175,0.3754111)) ;
#6873=IFCCARTESIANPOINT((-0.019,-1.182625,0.3754111)) ;
#6887=IFCCARTESIANPOINT((-0.019,0.0175,0.3804111)) ;
#6899=IFCCARTESIANPOINT((0.576,0.0175,0.0454111)) ;
#6904=IFCCARTESIANPOINT((0.581,-1.172375,0.0454111)) ;
#6917=IFCCARTESIANPOINT((0.576,0.0175,0.3754111)) ;
#6922=IFCCARTESIANPOINT((0.581,-1.172375,0.3754111)) ;
#6936=IFCCARTESIANPOINT((0.581,0.0175,0.3804111)) ;
#6948=IFCCARTESIANPOINT((0.576,0.0175,0.0454111)) ;
#6954=IFCCARTESIANPOINT((0.576,0.0175,0.0454111)) ;
#6959=IFCCARTESIANPOINT((0.581,-0.572375,0.0454111)) ;
#6973=IFCCARTESIANPOINT((0.581,0.0175,0.3804111)) ;
#6977=IFCCARTESIANPOINT((0.581,-0.0475,0.3754111)) ;
#6994=IFCCARTESIANPOINT((0.576,0.0175,0.0454111)) ;
#7000=IFCCARTESIANPOINT((0.576,-1.7725,0.0454111)) ;
#7013=IFCCARTESIANPOINT((0.576,0.0175,0.3754111)) ;
#7027=IFCCARTESIANPOINT((-0.014,0.0225,0.3804111)) ;
#7039=IFCCARTESIANPOINT((0.578221629157,-0.0375,0.806411990726)) ;
#7052=IFCCARTESIANPOINT((0.47061941899,-0.0625,0.825385163563)) ;
#7065=IFCCARTESIANPOINT((0.576,0.0175,0.3754111)) ;
#7079=IFCCARTESIANPOINT((0.53325,-0.0725,0.3804111)) ;
#7091=IFCCARTESIANPOINT((0.47061941899,-1.7175,0.825385163563)) ;
#7104=IFCCARTESIANPOINT((0.578221629157,-1.6925,0.806411990726)) ;
#7117=IFCCARTESIANPOINT((0.576,0.0175,0.3754111)) ;
#7131=IFCCARTESIANPOINT((0.53325,-1.6825,0.3804111)) ;
#7143=IFCCARTESIANPOINT((-0.014,-1.7725,0.0454111)) ;
#7155=IFCCARTESIANPOINT((0.576,0.0175,0.0454111)) ;
#7167=IFCCARTESIANPOINT((0.576,-1.7725,0.0454111)) ;
#7186=IFCCARTESIANPOINT((0.,0.,0.)) ;
#16=IFCDIRECTION((0.,0.,1.)) ;
#17=IFCDIRECTION((1.,0.,0.)) ;
#34=IFCDIRECTION((0.,-1.,0.)) ;
#35=IFCDIRECTION((0.,0.,-1.)) ;
#39=IFCDIRECTION((-1.,0.,0.)) ;
#48=IFCDIRECTION((0.,0.,-1.)) ;
#55=IFCDIRECTION((1.,0.,0.)) ;
#62=IFCDIRECTION((3.10862446895E-15,0.,1.)) ;
#79=IFCDIRECTION((0.,-1.,0.)) ;
#80=IFCDIRECTION((0.,0.,-1.)) ;
#84=IFCDIRECTION((-1.,0.,0.)) ;
#93=IFCDIRECTION((0.,0.,1.)) ;
#100=IFCDIRECTION((1.,0.,0.)) ;
#107=IFCDIRECTION((-3.10862446895E-15,0.,-1.)) ;
#120=IFCDIRECTION((-1.,0.,2.08166817117E-15)) ;
#121=IFCDIRECTION((2.08166817117E-15,0.,1.)) ;
#125=IFCDIRECTION((0.,-1.,0.)) ;
#130=IFCDIRECTION((0.,-1.,0.)) ;
#143=IFCDIRECTION((0.,0.,1.)) ;
#144=IFCDIRECTION((1.,0.,0.)) ;
#148=IFCDIRECTION((0.,-1.,0.)) ;
#161=IFCDIRECTION((1.,0.,0.)) ;
#162=IFCDIRECTION((0.,0.,-1.)) ;
#166=IFCDIRECTION((0.,-1.,0.)) ;
#179=IFCDIRECTION((2.46716227694E-15,0.,-1.)) ;
#180=IFCDIRECTION((-1.,0.,-2.46716227694E-15)) ;
#200=IFCDIRECTION((0.,-1.,0.)) ;
#201=IFCDIRECTION((0.,0.,-1.)) ;
#205=IFCDIRECTION((-1.,0.,0.)) ;
#214=IFCDIRECTION((0.,0.,-1.)) ;
#221=IFCDIRECTION((1.,0.,0.)) ;
#228=IFCDIRECTION((0.,0.,1.)) ;
#241=IFCDIRECTION((0.,-1.,0.)) ;
#242=IFCDIRECTION((0.,0.,-1.)) ;
#246=IFCDIRECTION((-1.,0.,0.)) ;
#255=IFCDIRECTION((0.,0.,1.)) ;
#262=IFCDIRECTION((1.,0.,0.)) ;
#269=IFCDIRECTION((0.,0.,-1.)) ;
#282=IFCDIRECTION((-1.,0.,2.08166817117E-15)) ;
#283=IFCDIRECTION((2.08166817117E-15,0.,1.)) ;
#287=IFCDIRECTION((0.,-1.,0.)) ;
#292=IFCDIRECTION((0.,-1.,0.)) ;
#305=IFCDIRECTION((0.,0.,1.)) ;
#306=IFCDIRECTION((1.,0.,0.)) ;
#310=IFCDIRECTION((0.,-1.,0.)) ;
#323=IFCDIRECTION((1.,0.,0.)) ;
#324=IFCDIRECTION((0.,0.,-1.)) ;
#328=IFCDIRECTION((0.,-1.,0.)) ;
#341=IFCDIRECTION((2.46716227694E-15,0.,-1.)) ;
#342=IFCDIRECTION((-1.,0.,-2.46716227694E-15)) ;
#358=IFCDIRECTION((0.,-1.,0.)) ;
#359=IFCDIRECTION((0.,0.,-1.)) ;
#363=IFCDIRECTION((-1.,0.,0.)) ;
#372=IFCDIRECTION((0.,0.,-1.)) ;
#379=IFCDIRECTION((1.,0.,0.)) ;
#386=IFCDIRECTION((0.,0.,1.)) ;
#399=IFCDIRECTION((0.,-1.,0.)) ;
#400=IFCDIRECTION((0.,0.,-1.)) ;
#404=IFCDIRECTION((-1.,0.,0.)) ;
#413=IFCDIRECTION((0.,0.,1.)) ;
#420=IFCDIRECTION((1.,0.,0.)) ;
#427=IFCDIRECTION((0.,0.,-1.)) ;
#440=IFCDIRECTION((-1.,0.,2.08166817117E-15)) ;
#441=IFCDIRECTION((2.08166817117E-15,0.,1.)) ;
#445=IFCDIRECTION((0.,-1.,0.)) ;
#450=IFCDIRECTION((0.,-1.,0.)) ;
#463=IFCDIRECTION((0.,0.,1.)) ;
#464=IFCDIRECTION((1.,0.,0.)) ;
#468=IFCDIRECTION((0.,-1.,0.)) ;
#481=IFCDIRECTION((1.,0.,0.)) ;
#482=IFCDIRECTION((0.,0.,-1.)) ;
#486=IFCDIRECTION((0.,-1.,0.)) ;
#499=IFCDIRECTION((2.46716227694E-15,0.,-1.)) ;
#500=IFCDIRECTION((-1.,0.,-2.46716227694E-15)) ;
#516=IFCDIRECTION((0.,-1.,0.)) ;
#517=IFCDIRECTION((0.,0.,-1.)) ;
#521=IFCDIRECTION((-1.,0.,0.)) ;
#530=IFCDIRECTION((0.,0.,-1.)) ;
#537=IFCDIRECTION((1.,0.,0.)) ;
#544=IFCDIRECTION((0.,0.,1.)) ;
#557=IFCDIRECTION((0.,-1.,0.)) ;
#558=IFCDIRECTION((0.,0.,-1.)) ;
#562=IFCDIRECTION((-1.,0.,0.)) ;
#571=IFCDIRECTION((0.,0.,1.)) ;
#578=IFCDIRECTION((1.,0.,0.)) ;
#585=IFCDIRECTION((0.,0.,-1.)) ;
#598=IFCDIRECTION((-1.,0.,2.08166817117E-15)) ;
#599=IFCDIRECTION((2.08166817117E-15,0.,1.)) ;
#603=IFCDIRECTION((0.,-1.,0.)) ;
#608=IFCDIRECTION((0.,-1.,0.)) ;
#621=IFCDIRECTION((0.,0.,1.)) ;
#622=IFCDIRECTION((1.,0.,0.)) ;
#626=IFCDIRECTION((0.,-1.,0.)) ;
#639=IFCDIRECTION((1.,0.,0.)) ;
#640=IFCDIRECTION((0.,0.,-1.)) ;
#644=IFCDIRECTION((0.,-1.,0.)) ;
#657=IFCDIRECTION((2.46716227694E-15,0.,-1.)) ;
#658=IFCDIRECTION((-1.,0.,-2.46716227694E-15)) ;
#674=IFCDIRECTION((0.,-1.,0.)) ;
#675=IFCDIRECTION((0.,0.,-1.)) ;
#679=IFCDIRECTION((-1.,0.,0.)) ;
#688=IFCDIRECTION((0.,0.,-1.)) ;
#695=IFCDIRECTION((1.,0.,0.)) ;
#702=IFCDIRECTION((0.,0.,1.)) ;
#715=IFCDIRECTION((0.,-1.,0.)) ;
#716=IFCDIRECTION((0.,0.,-1.)) ;
#720=IFCDIRECTION((-1.,0.,0.)) ;
#729=IFCDIRECTION((0.,0.,1.)) ;
#736=IFCDIRECTION((1.,0.,0.)) ;
#743=IFCDIRECTION((0.,0.,-1.)) ;
#756=IFCDIRECTION((-1.,0.,2.08166817117E-15)) ;
#757=IFCDIRECTION((2.08166817117E-15,0.,1.)) ;
#761=IFCDIRECTION((0.,-1.,0.)) ;
#766=IFCDIRECTION((0.,-1.,0.)) ;
#779=IFCDIRECTION((0.,0.,1.)) ;
#780=IFCDIRECTION((1.,0.,0.)) ;
#784=IFCDIRECTION((0.,-1.,0.)) ;
#797=IFCDIRECTION((1.,0.,0.)) ;
#798=IFCDIRECTION((0.,0.,-1.)) ;
#802=IFCDIRECTION((0.,-1.,0.)) ;
#815=IFCDIRECTION((2.46716227694E-15,0.,-1.)) ;
#816=IFCDIRECTION((-1.,0.,-2.46716227694E-15)) ;
#832=IFCDIRECTION((0.,-1.,0.)) ;
#833=IFCDIRECTION((0.,0.,-1.)) ;
#837=IFCDIRECTION((-1.,0.,0.)) ;
#846=IFCDIRECTION((0.,0.,-1.)) ;
#853=IFCDIRECTION((1.,0.,0.)) ;
#860=IFCDIRECTION((0.,0.,1.)) ;
#873=IFCDIRECTION((0.,-1.,0.)) ;
#874=IFCDIRECTION((0.,0.,-1.)) ;
#878=IFCDIRECTION((-1.,0.,0.)) ;
#887=IFCDIRECTION((0.,0.,1.)) ;
#894=IFCDIRECTION((1.,0.,0.)) ;
#901=IFCDIRECTION((0.,0.,-1.)) ;
#914=IFCDIRECTION((-1.,0.,2.08166817117E-15)) ;
#915=IFCDIRECTION((2.08166817117E-15,0.,1.)) ;
#919=IFCDIRECTION((0.,-1.,0.)) ;
#924=IFCDIRECTION((0.,-1.,0.)) ;
#937=IFCDIRECTION((0.,0.,1.)) ;
#938=IFCDIRECTION((1.,0.,0.)) ;
#942=IFCDIRECTION((0.,-1.,0.)) ;
#955=IFCDIRECTION((1.,0.,0.)) ;
#956=IFCDIRECTION((0.,0.,-1.)) ;
#960=IFCDIRECTION((0.,-1.,0.)) ;
#973=IFCDIRECTION((2.46716227694E-15,0.,-1.)) ;
#974=IFCDIRECTION((-1.,0.,-2.46716227694E-15)) ;
#990=IFCDIRECTION((0.,-1.,0.)) ;
#991=IFCDIRECTION((0.,0.,-1.)) ;
#995=IFCDIRECTION((-1.,0.,0.)) ;
#1004=IFCDIRECTION((0.,0.,-1.)) ;
#1011=IFCDIRECTION((1.,0.,0.)) ;
#1018=IFCDIRECTION((0.,0.,1.)) ;
#1031=IFCDIRECTION((0.,-1.,0.)) ;
#1032=IFCDIRECTION((0.,0.,-1.)) ;
#1036=IFCDIRECTION((-1.,0.,0.)) ;
#1045=IFCDIRECTION((0.,0.,1.)) ;
#1052=IFCDIRECTION((1.,0.,0.)) ;
#1059=IFCDIRECTION((0.,0.,-1.)) ;
#1072=IFCDIRECTION((-1.,0.,2.08166817117E-15)) ;
#1073=IFCDIRECTION((2.08166817117E-15,0.,1.)) ;
#1077=IFCDIRECTION((0.,-1.,0.)) ;
#1082=IFCDIRECTION((0.,-1.,0.)) ;
#1095=IFCDIRECTION((0.,0.,1.)) ;
#1096=IFCDIRECTION((1.,0.,0.)) ;
#1100=IFCDIRECTION((0.,-1.,0.)) ;
#1113=IFCDIRECTION((1.,0.,0.)) ;
#1114=IFCDIRECTION((0.,0.,-1.)) ;
#1118=IFCDIRECTION((0.,-1.,0.)) ;
#1131=IFCDIRECTION((2.46716227694E-15,0.,-1.)) ;
#1132=IFCDIRECTION((-1.,0.,-2.46716227694E-15)) ;
#1148=IFCDIRECTION((0.,-1.,0.)) ;
#1149=IFCDIRECTION((0.,0.,-1.)) ;
#1153=IFCDIRECTION((-1.,0.,0.)) ;
#1162=IFCDIRECTION((0.,0.,-1.)) ;
#1169=IFCDIRECTION((1.,0.,0.)) ;
#1176=IFCDIRECTION((0.,0.,1.)) ;
#1189=IFCDIRECTION((0.,-1.,0.)) ;
#1190=IFCDIRECTION((0.,0.,-1.)) ;
#1194=IFCDIRECTION((-1.,0.,0.)) ;
#1203=IFCDIRECTION((0.,0.,1.)) ;
#1210=IFCDIRECTION((1.,0.,0.)) ;
#1217=IFCDIRECTION((0.,0.,-1.)) ;
#1230=IFCDIRECTION((-1.,0.,2.08166817117E-15)) ;
#1231=IFCDIRECTION((2.08166817117E-15,0.,1.)) ;
#1235=IFCDIRECTION((0.,-1.,0.)) ;
#1240=IFCDIRECTION((0.,-1.,0.)) ;
#1253=IFCDIRECTION((0.,0.,1.)) ;
#1254=IFCDIRECTION((1.,0.,0.)) ;
#1258=IFCDIRECTION((0.,-1.,0.)) ;
#1271=IFCDIRECTION((1.,0.,0.)) ;
#1272=IFCDIRECTION((0.,0.,-1.)) ;
#1276=IFCDIRECTION((0.,-1.,0.)) ;
#1289=IFCDIRECTION((2.46716227694E-15,0.,-1.)) ;
#1290=IFCDIRECTION((-1.,0.,-2.46716227694E-15)) ;
#1306=IFCDIRECTION((0.,-1.,0.)) ;
#1307=IFCDIRECTION((0.,0.,-1.)) ;
#1311=IFCDIRECTION((-1.,0.,0.)) ;
#1320=IFCDIRECTION((0.,0.,-1.)) ;
#1327=IFCDIRECTION((1.,0.,0.)) ;
#1334=IFCDIRECTION((0.,0.,1.)) ;
#1347=IFCDIRECTION((0.,-1.,0.)) ;
#1348=IFCDIRECTION((0.,0.,-1.)) ;
#1352=IFCDIRECTION((-1.,0.,0.)) ;
#1361=IFCDIRECTION((0.,0.,1.)) ;
#1368=IFCDIRECTION((1.,0.,0.)) ;
#1375=IFCDIRECTION((0.,0.,-1.)) ;
#1388=IFCDIRECTION((-1.,0.,2.08166817117E-15)) ;
#1389=IFCDIRECTION((2.08166817117E-15,0.,1.)) ;
#1393=IFCDIRECTION((0.,-1.,0.)) ;
#1398=IFCDIRECTION((0.,-1.,0.)) ;
#1411=IFCDIRECTION((0.,0.,1.)) ;
#1412=IFCDIRECTION((1.,0.,0.)) ;
#1416=IFCDIRECTION((0.,-1.,0.)) ;
#1429=IFCDIRECTION((1.,0.,0.)) ;
#1430=IFCDIRECTION((0.,0.,-1.)) ;
#1434=IFCDIRECTION((0.,-1.,0.)) ;
#1447=IFCDIRECTION((2.46716227694E-15,0.,-1.)) ;
#1448=IFCDIRECTION((-1.,0.,-2.46716227694E-15)) ;
#1464=IFCDIRECTION((0.,-1.,0.)) ;
#1465=IFCDIRECTION((0.,0.,-1.)) ;
#1469=IFCDIRECTION((-1.,0.,0.)) ;
#1478=IFCDIRECTION((0.,0.,-1.)) ;
#1485=IFCDIRECTION((1.,0.,0.)) ;
#1492=IFCDIRECTION((0.,0.,1.)) ;
#1505=IFCDIRECTION((0.,-1.,0.)) ;
#1506=IFCDIRECTION((0.,0.,-1.)) ;
#1510=IFCDIRECTION((-1.,0.,0.)) ;
#1519=IFCDIRECTION((0.,0.,1.)) ;
#1526=IFCDIRECTION((1.,0.,0.)) ;
#1533=IFCDIRECTION((0.,0.,-1.)) ;
#1546=IFCDIRECTION((-1.,0.,2.08166817117E-15)) ;
#1547=IFCDIRECTION((2.08166817117E-15,0.,1.)) ;
#1551=IFCDIRECTION((0.,-1.,0.)) ;
#1556=IFCDIRECTION((0.,-1.,0.)) ;
#1569=IFCDIRECTION((0.,0.,1.)) ;
#1570=IFCDIRECTION((1.,0.,0.)) ;
#1574=IFCDIRECTION((0.,-1.,0.)) ;
#1587=IFCDIRECTION((1.,0.,0.)) ;
#1588=IFCDIRECTION((0.,0.,-1.)) ;
#1592=IFCDIRECTION((0.,-1.,0.)) ;
#1605=IFCDIRECTION((2.46716227694E-15,0.,-1.)) ;
#1606=IFCDIRECTION((-1.,0.,-2.46716227694E-15)) ;
#1622=IFCDIRECTION((0.,-1.,0.)) ;
#1623=IFCDIRECTION((0.,0.,-1.)) ;
#1627=IFCDIRECTION((-0.984807753012,0.,0.173648177667)) ;
#1636=IFCDIRECTION((-0.173648177667,0.,-0.984807753012)) ;
#1643=IFCDIRECTION((0.984807753012,0.,-0.173648177667)) ;
#1650=IFCDIRECTION((0.173648177667,0.,0.984807753012)) ;
#1663=IFCDIRECTION((0.,-1.,0.)) ;
#1664=IFCDIRECTION((0.,0.,-1.)) ;
#1668=IFCDIRECTION((-0.984807753012,0.,0.173648177667)) ;
#1677=IFCDIRECTION((0.173648177667,0.,0.984807753012)) ;
#1684=IFCDIRECTION((0.984807753012,0.,-0.173648177667)) ;
#1691=IFCDIRECTION((-0.173648177667,0.,-0.984807753012)) ;
#1704=IFCDIRECTION((-0.984807753012,0.,0.173648177667)) ;
#1705=IFCDIRECTION((0.173648177667,0.,0.984807753012)) ;
#1709=IFCDIRECTION((0.,-1.,0.)) ;
#1714=IFCDIRECTION((0.,-1.,0.)) ;
#1727=IFCDIRECTION((0.173648177667,0.,0.984807753012)) ;
#1728=IFCDIRECTION((0.984807753012,0.,-0.173648177667)) ;
#1732=IFCDIRECTION((0.,-1.,0.)) ;
#1745=IFCDIRECTION((0.984807753012,0.,-0.173648177667)) ;
#1746=IFCDIRECTION((-0.173648177667,0.,-0.984807753012)) ;
#1750=IFCDIRECTION((0.,-1.,0.)) ;
#1763=IFCDIRECTION((-0.173648177667,0.,-0.984807753012)) ;
#1764=IFCDIRECTION((-0.984807753012,0.,0.173648177667)) ;
#1780=IFCDIRECTION((-0.173648177667,0.,-0.984807753012)) ;
#1781=IFCDIRECTION((-0.984807753012,0.,0.173648177667)) ;
#1785=IFCDIRECTION((0.,-1.,0.)) ;
#1794=IFCDIRECTION((0.984807753012,0.,-0.173648177667)) ;
#1801=IFCDIRECTION((0.,-1.,0.)) ;
#1808=IFCDIRECTION((-0.984807753012,0.,0.173648177667)) ;
#1821=IFCDIRECTION((0.,-1.,0.)) ;
#1822=IFCDIRECTION((0.,0.,-1.)) ;
#1826=IFCDIRECTION((-0.984807753012,0.,0.173648177667)) ;
#1835=IFCDIRECTION((0.173648177667,0.,0.984807753012)) ;
#1840=IFCDIRECTION((-0.173648177667,0.,-0.984807753012)) ;
#1853=IFCDIRECTION((0.984807753012,0.,-0.173648177667)) ;
#1854=IFCDIRECTION((-0.173648177667,0.,-0.984807753012)) ;
#1858=IFCDIRECTION((0.,-1.,0.)) ;
#1865=IFCDIRECTION((-0.173648177667,0.,-0.984807753012)) ;
#1878=IFCDIRECTION((-0.984807753012,0.,0.173648177667)) ;
#1879=IFCDIRECTION((0.173648177667,0.,0.984807753012)) ;
#1883=IFCDIRECTION((0.,-1.,0.)) ;
#1890=IFCDIRECTION((0.173648177667,0.,0.984807753012)) ;
#1903=IFCDIRECTION((0.173648177667,0.,0.984807753012)) ;
#1904=IFCDIRECTION((0.984807753012,0.,-0.173648177667)) ;
#1908=IFCDIRECTION((0.984807753012,0.,-0.173648177667)) ;
#1921=IFCDIRECTION((0.,-1.,0.)) ;
#1922=IFCDIRECTION((0.,0.,-1.)) ;
#1938=IFCDIRECTION((-0.173648177667,0.,-0.984807753012)) ;
#1939=IFCDIRECTION((-0.984807753012,0.,0.173648177667)) ;
#1943=IFCDIRECTION((0.,-1.,0.)) ;
#1952=IFCDIRECTION((0.984807753012,0.,-0.173648177667)) ;
#1959=IFCDIRECTION((0.,-1.,0.)) ;
#1966=IFCDIRECTION((-0.984807753012,0.,0.173648177667)) ;
#1979=IFCDIRECTION((0.,-1.,0.)) ;
#1980=IFCDIRECTION((0.,0.,-1.)) ;
#1984=IFCDIRECTION((-0.984807753012,0.,0.173648177667)) ;
#1993=IFCDIRECTION((0.173648177667,0.,0.984807753012)) ;
#1998=IFCDIRECTION((-0.173648177667,0.,-0.984807753012)) ;
#2011=IFCDIRECTION((0.984807753012,0.,-0.173648177667)) ;
#2012=IFCDIRECTION((-0.173648177667,0.,-0.984807753012)) ;
#2016=IFCDIRECTION((0.,-1.,0.)) ;
#2023=IFCDIRECTION((-0.173648177667,0.,-0.984807753012)) ;
#2036=IFCDIRECTION((-0.984807753012,0.,0.173648177667)) ;
#2037=IFCDIRECTION((0.173648177667,0.,0.984807753012)) ;
#2041=IFCDIRECTION((0.,-1.,0.)) ;
#2048=IFCDIRECTION((0.173648177667,0.,0.984807753012)) ;
#2061=IFCDIRECTION((0.173648177667,0.,0.984807753012)) ;
#2062=IFCDIRECTION((0.984807753012,0.,-0.173648177667)) ;
#2066=IFCDIRECTION((0.984807753012,0.,-0.173648177667)) ;
#2079=IFCDIRECTION((0.,-1.,0.)) ;
#2080=IFCDIRECTION((0.,0.,-1.)) ;
#2096=IFCDIRECTION((-0.173648177667,0.,-0.984807753012)) ;
#2097=IFCDIRECTION((-0.984807753012,0.,0.173648177667)) ;
#2101=IFCDIRECTION((0.,-1.,0.)) ;
#2110=IFCDIRECTION((0.984807753012,0.,-0.173648177667)) ;
#2117=IFCDIRECTION((0.,-1.,0.)) ;
#2124=IFCDIRECTION((-0.984807753012,0.,0.173648177667)) ;
#2137=IFCDIRECTION((0.,-1.,0.)) ;
#2138=IFCDIRECTION((0.,0.,-1.)) ;
#2142=IFCDIRECTION((-0.984807753012,0.,0.173648177667)) ;
#2151=IFCDIRECTION((0.173648177667,0.,0.984807753012)) ;
#2156=IFCDIRECTION((-0.173648177667,0.,-0.984807753012)) ;
#2169=IFCDIRECTION((0.984807753012,0.,-0.173648177667)) ;
#2170=IFCDIRECTION((-0.173648177667,0.,-0.984807753012)) ;
#2174=IFCDIRECTION((0.,-1.,0.)) ;
#2181=IFCDIRECTION((-0.173648177667,0.,-0.984807753012)) ;
#2194=IFCDIRECTION((-0.984807753012,0.,0.173648177667)) ;
#2195=IFCDIRECTION((0.173648177667,0.,0.984807753012)) ;
#2199=IFCDIRECTION((0.,-1.,0.)) ;
#2206=IFCDIRECTION((0.173648177667,0.,0.984807753012)) ;
#2219=IFCDIRECTION((0.173648177667,0.,0.984807753012)) ;
#2220=IFCDIRECTION((0.984807753012,0.,-0.173648177667)) ;
#2224=IFCDIRECTION((0.984807753012,0.,-0.173648177667)) ;
#2237=IFCDIRECTION((0.,-1.,0.)) ;
#2238=IFCDIRECTION((0.,0.,-1.)) ;
#2254=IFCDIRECTION((-0.173648177667,0.,-0.984807753012)) ;
#2255=IFCDIRECTION((-0.984807753012,0.,0.173648177667)) ;
#2259=IFCDIRECTION((0.,-1.,0.)) ;
#2268=IFCDIRECTION((0.984807753012,0.,-0.173648177667)) ;
#2275=IFCDIRECTION((0.,-1.,0.)) ;
#2282=IFCDIRECTION((-0.984807753012,0.,0.173648177667)) ;
#2295=IFCDIRECTION((0.,-1.,0.)) ;
#2296=IFCDIRECTION((0.,0.,-1.)) ;
#2300=IFCDIRECTION((-0.984807753012,0.,0.173648177667)) ;
#2309=IFCDIRECTION((0.173648177667,0.,0.984807753012)) ;
#2314=IFCDIRECTION((-0.173648177667,0.,-0.984807753012)) ;
#2327=IFCDIRECTION((0.984807753012,0.,-0.173648177667)) ;
#2328=IFCDIRECTION((-0.173648177667,0.,-0.984807753012)) ;
#2332=IFCDIRECTION((0.,-1.,0.)) ;
#2339=IFCDIRECTION((-0.173648177667,0.,-0.984807753012)) ;
#2352=IFCDIRECTION((-0.984807753012,0.,0.173648177667)) ;
#2353=IFCDIRECTION((0.173648177667,0.,0.984807753012)) ;
#2357=IFCDIRECTION((0.,-1.,0.)) ;
#2364=IFCDIRECTION((0.173648177667,0.,0.984807753012)) ;
#2377=IFCDIRECTION((0.173648177667,0.,0.984807753012)) ;
#2378=IFCDIRECTION((0.984807753012,0.,-0.173648177667)) ;
#2382=IFCDIRECTION((0.984807753012,0.,-0.173648177667)) ;
#2395=IFCDIRECTION((0.,-1.,0.)) ;
#2396=IFCDIRECTION((0.,0.,-1.)) ;
#2412=IFCDIRECTION((-0.173648177667,0.,-0.984807753012)) ;
#2413=IFCDIRECTION((-0.984807753012,0.,0.173648177667)) ;
#2417=IFCDIRECTION((0.,-1.,0.)) ;
#2426=IFCDIRECTION((0.984807753012,0.,-0.173648177667)) ;
#2433=IFCDIRECTION((0.,-1.,0.)) ;
#2440=IFCDIRECTION((-0.984807753012,0.,0.173648177667)) ;
#2453=IFCDIRECTION((0.,1.,0.)) ;
#2454=IFCDIRECTION((0.,0.,1.)) ;
#2458=IFCDIRECTION((-0.984807753012,0.,0.173648177667)) ;
#2467=IFCDIRECTION((0.173648177667,0.,0.984807753012)) ;
#2472=IFCDIRECTION((-0.173648177667,0.,-0.984807753012)) ;
#2485=IFCDIRECTION((0.984807753012,0.,-0.173648177667)) ;
#2486=IFCDIRECTION((-0.173648177667,0.,-0.984807753012)) ;
#2490=IFCDIRECTION((0.,-1.,0.)) ;
#2497=IFCDIRECTION((-0.173648177667,0.,-0.984807753012)) ;
#2510=IFCDIRECTION((-0.984807753012,0.,0.173648177667)) ;
#2511=IFCDIRECTION((0.173648177667,0.,0.984807753012)) ;
#2515=IFCDIRECTION((0.,-1.,0.)) ;
#2522=IFCDIRECTION((0.173648177667,0.,0.984807753012)) ;
#2535=IFCDIRECTION((0.173648177667,0.,0.984807753012)) ;
#2536=IFCDIRECTION((0.984807753012,0.,-0.173648177667)) ;
#2540=IFCDIRECTION((0.984807753012,0.,-0.173648177667)) ;
#2553=IFCDIRECTION((0.,-1.,0.)) ;
#2554=IFCDIRECTION((0.,0.,-1.)) ;
#2570=IFCDIRECTION((1.,0.,0.)) ;
#2571=IFCDIRECTION((0.,0.,-1.)) ;
#2575=IFCDIRECTION((0.,-1.,0.)) ;
#2584=IFCDIRECTION((0.,0.,1.)) ;
#2591=IFCDIRECTION((0.,-1.,0.)) ;
#2598=IFCDIRECTION((0.,0.,1.)) ;
#2611=IFCDIRECTION((0.,0.,1.)) ;
#2612=IFCDIRECTION((1.,0.,0.)) ;
#2616=IFCDIRECTION((-1.,0.,0.)) ;
#2623=IFCDIRECTION((0.,-1.,0.)) ;
#2630=IFCDIRECTION((1.,0.,0.)) ;
#2643=IFCDIRECTION((2.46716227694E-15,0.,-1.)) ;
#2644=IFCDIRECTION((-1.,0.,-2.46716227694E-15)) ;
#2648=IFCDIRECTION((0.,-1.,0.)) ;
#2657=IFCDIRECTION((1.,0.,0.)) ;
#2662=IFCDIRECTION((-1.,0.,0.)) ;
#2675=IFCDIRECTION((0.,-1.,0.)) ;
#2676=IFCDIRECTION((0.,0.,-1.)) ;
#2680=IFCDIRECTION((0.,0.,-1.)) ;
#2693=IFCDIRECTION((0.,-1.,0.)) ;
#2694=IFCDIRECTION((0.,0.,-1.)) ;
#2698=IFCDIRECTION((0.,0.,1.)) ;
#2711=IFCDIRECTION((-1.,0.,2.08166817117E-15)) ;
#2712=IFCDIRECTION((2.08166817117E-15,0.,1.)) ;
#2728=IFCDIRECTION((-1.,0.,-1.94642521241E-16)) ;
#2729=IFCDIRECTION((-1.94642521241E-16,0.,1.)) ;
#2733=IFCDIRECTION((0.,1.,0.)) ;
#2742=IFCDIRECTION((-1.46695061129E-13,0.,1.)) ;
#2749=IFCDIRECTION((0.,1.,0.)) ;
#2756=IFCDIRECTION((-1.46695061129E-13,0.,1.)) ;
#2769=IFCDIRECTION((0.,0.,-1.)) ;
#2770=IFCDIRECTION((-1.,0.,0.)) ;
#2774=IFCDIRECTION((-1.,0.,0.)) ;
#2781=IFCDIRECTION((0.,1.,0.)) ;
#2788=IFCDIRECTION((-1.,0.,0.)) ;
#2795=IFCDIRECTION((0.,1.,0.)) ;
#2802=IFCDIRECTION((-1.,0.,0.)) ;
#2809=IFCDIRECTION((0.,1.,0.)) ;
#2816=IFCDIRECTION((-1.,0.,0.)) ;
#2833=IFCDIRECTION((-0.984807753012,0.,0.173648177667)) ;
#2834=IFCDIRECTION((0.173648177667,0.,0.984807753012)) ;
#2838=IFCDIRECTION((-0.984807753012,0.,0.173648177667)) ;
#2839=IFCDIRECTION((0.173648177667,0.,0.984807753012)) ;
#2848=IFCDIRECTION((0.173648177667,0.,0.984807753012)) ;
#2853=IFCDIRECTION((0.173648177667,0.,0.984807753012)) ;
#2860=IFCDIRECTION((-0.984807753012,0.,0.173648177667)) ;
#2861=IFCDIRECTION((0.173648177667,0.,0.984807753012)) ;
#2868=IFCDIRECTION((0.,1.,0.)) ;
#2883=IFCDIRECTION((0.984807753012,0.,-0.173648177667)) ;
#2884=IFCDIRECTION((-0.173648177667,0.,-0.984807753012)) ;
#2888=IFCDIRECTION((0.,1.,-2.85353962681E-12)) ;
#2897=IFCDIRECTION((0.173648177667,0.,0.984807753012)) ;
#2904=IFCDIRECTION((-9.77706804406E-12,1.,-6.8212102633E-11)) ;
#2911=IFCDIRECTION((0.173648177667,0.,0.984807753012)) ;
#2918=IFCDIRECTION((0.,1.,0.)) ;
#2925=IFCDIRECTION((-0.173648177667,0.,-0.984807753012)) ;
#2932=IFCDIRECTION((0.984807753012,0.,-0.173648177667)) ;
#2933=IFCDIRECTION((-0.173648177667,0.,-0.984807753012)) ;
#2940=IFCDIRECTION((0.,1.,0.)) ;
#2947=IFCDIRECTION((0.984807753012,0.,-0.173648177667)) ;
#2948=IFCDIRECTION((-0.173648177667,0.,-0.984807753012)) ;
#2955=IFCDIRECTION((-0.173648177667,0.,-0.984807753012)) ;
#2974=IFCDIRECTION((1.,0.,0.)) ;
#2975=IFCDIRECTION((0.,0.,-1.)) ;
#2979=IFCDIRECTION((0.,0.,-1.)) ;
#2984=IFCDIRECTION((0.,0.,1.)) ;
#2996=IFCDIRECTION((0.984807753012,-0.,-0.173648177667)) ;
#2997=IFCDIRECTION((-0.173648177667,0.,-0.984807753012)) ;
#3002=IFCDIRECTION((0.984807753015,0.,-0.173648177652)) ;
#3007=IFCDIRECTION((0.984807753012,0.,-0.173648177666)) ;
#3019=IFCDIRECTION((-0.984807753012,-0.,0.173648177667)) ;
#3020=IFCDIRECTION((0.173648177667,0.,0.984807753012)) ;
#3025=IFCDIRECTION((0.984807753012,0.,-0.173648177666)) ;
#3030=IFCDIRECTION((0.984807753014,0.,-0.173648177658)) ;
#3043=IFCDIRECTION((0.,1.,0.)) ;
#3044=IFCDIRECTION((0.,0.,1.)) ;
#3048=IFCDIRECTION((1.16960658389E-13,0.,-1.)) ;
#3055=IFCDIRECTION((0.,0.,1.)) ;
#3060=IFCDIRECTION((0.,1.,0.)) ;
#3061=IFCDIRECTION((0.,0.,1.)) ;
#3075=IFCDIRECTION((0.,1.,0.)) ;
#3076=IFCDIRECTION((0.,0.,1.)) ;
#3080=IFCDIRECTION((0.,0.,-1.)) ;
#3087=IFCDIRECTION((0.,1.,0.)) ;
#3088=IFCDIRECTION((0.,0.,1.)) ;
#3102=IFCDIRECTION((1.,0.,0.)) ;
#3103=IFCDIRECTION((0.,0.,-1.)) ;
#3107=IFCDIRECTION((0.,1.,0.)) ;
#3119=IFCDIRECTION((-0.,-1.,-0.)) ;
#3120=IFCDIRECTION((0.,0.,-1.)) ;
#3133=IFCDIRECTION((0.,-1.,0.)) ;
#3134=IFCDIRECTION((0.,0.,-1.)) ;
#3148=IFCDIRECTION((0.,-1.,0.)) ;
#3149=IFCDIRECTION((0.,0.,-1.)) ;
#3153=IFCDIRECTION((0.,0.,-1.)) ;
#3168=IFCDIRECTION((0.173648177667,0.,0.984807753012)) ;
#3169=IFCDIRECTION((0.984807753012,0.,-0.173648177667)) ;
#3181=IFCDIRECTION((1.,0.,0.)) ;
#3182=IFCDIRECTION((0.,0.,-1.)) ;
#3198=IFCDIRECTION((2.46716227694E-15,0.,-1.)) ;
#3199=IFCDIRECTION((-1.,0.,-2.46716227694E-15)) ;
#3203=IFCDIRECTION((0.,-1.,0.)) ;
#3212=IFCDIRECTION((1.,0.,0.)) ;
#3219=IFCDIRECTION((0.,-1.,0.)) ;
#3226=IFCDIRECTION((-1.,0.,0.)) ;
#3239=IFCDIRECTION((1.,0.,0.)) ;
#3240=IFCDIRECTION((0.,0.,-1.)) ;
#3244=IFCDIRECTION((0.,0.,1.)) ;
#3251=IFCDIRECTION((0.,-1.,0.)) ;
#3258=IFCDIRECTION((0.,0.,1.)) ;
#3271=IFCDIRECTION((0.,0.,1.)) ;
#3272=IFCDIRECTION((1.,0.,0.)) ;
#3276=IFCDIRECTION((-1.,0.,0.)) ;
#3283=IFCDIRECTION((0.,-1.,0.)) ;
#3290=IFCDIRECTION((1.,0.,0.)) ;
#3303=IFCDIRECTION((-1.,0.,2.08166817117E-15)) ;
#3304=IFCDIRECTION((2.08166817117E-15,0.,1.)) ;
#3308=IFCDIRECTION((0.,0.,1.)) ;
#3313=IFCDIRECTION((0.,0.,1.)) ;
#3326=IFCDIRECTION((1.15648231732E-16,-1.,0.)) ;
#3327=IFCDIRECTION((1.,1.15648231732E-16,0.)) ;
#3339=IFCDIRECTION((0.,1.,0.)) ;
#3340=IFCDIRECTION((0.,0.,1.)) ;
#3356=IFCDIRECTION((0.,-1.,0.)) ;
#3357=IFCDIRECTION((0.,0.,-1.)) ;
#3361=IFCDIRECTION((0.,0.,1.)) ;
#3370=IFCDIRECTION((1.,0.,0.)) ;
#3377=IFCDIRECTION((0.,0.,1.)) ;
#3384=IFCDIRECTION((-1.,0.,0.)) ;
#3397=IFCDIRECTION((-1.,0.,2.08166817117E-15)) ;
#3398=IFCDIRECTION((2.08166817117E-15,0.,1.)) ;
#3402=IFCDIRECTION((0.,-1.,0.)) ;
#3409=IFCDIRECTION((0.,-1.,0.)) ;
#3416=IFCDIRECTION((0.,0.,1.)) ;
#3429=IFCDIRECTION((2.46716227694E-15,0.,-1.)) ;
#3430=IFCDIRECTION((-1.,0.,-2.46716227694E-15)) ;
#3434=IFCDIRECTION((0.,-1.,0.)) ;
#3441=IFCDIRECTION((1.,0.,0.)) ;
#3454=IFCDIRECTION((1.,0.,0.)) ;
#3455=IFCDIRECTION((0.,0.,-1.)) ;
#3459=IFCDIRECTION((0.,-1.,0.)) ;
#3466=IFCDIRECTION((0.,0.,1.)) ;
#3479=IFCDIRECTION((0.,0.,1.)) ;
#3480=IFCDIRECTION((1.,0.,0.)) ;
#3484=IFCDIRECTION((-1.,0.,0.)) ;
#3497=IFCDIRECTION((-1.54197642309E-16,1.,0.)) ;
#3498=IFCDIRECTION((-1.,-1.54197642309E-16,0.)) ;
#3514=IFCDIRECTION((-1.,0.,2.08166817117E-15)) ;
#3515=IFCDIRECTION((2.08166817117E-15,0.,1.)) ;
#3519=IFCDIRECTION((0.,-1.,0.)) ;
#3528=IFCDIRECTION((0.,0.,1.)) ;
#3535=IFCDIRECTION((0.,-1.,0.)) ;
#3542=IFCDIRECTION((0.,0.,1.)) ;
#3555=IFCDIRECTION((0.,0.,1.)) ;
#3556=IFCDIRECTION((1.,0.,0.)) ;
#3560=IFCDIRECTION((1.,0.,0.)) ;
#3567=IFCDIRECTION((0.,-1.,0.)) ;
#3574=IFCDIRECTION((-1.,0.,0.)) ;
#3587=IFCDIRECTION((1.,0.,0.)) ;
#3588=IFCDIRECTION((0.,0.,-1.)) ;
#3592=IFCDIRECTION((0.,0.,-1.)) ;
#3599=IFCDIRECTION((0.,-1.,0.)) ;
#3606=IFCDIRECTION((0.,0.,1.)) ;
#3619=IFCDIRECTION((2.46716227694E-15,0.,-1.)) ;
#3620=IFCDIRECTION((-1.,0.,-2.46716227694E-15)) ;
#3624=IFCDIRECTION((-1.,0.,0.)) ;
#3629=IFCDIRECTION((1.,0.,0.)) ;
#3642=IFCDIRECTION((0.,1.,0.)) ;
#3643=IFCDIRECTION((0.,0.,1.)) ;
#3655=IFCDIRECTION((0.,-1.,0.)) ;
#3656=IFCDIRECTION((0.,0.,-1.)) ;
#3671=IFCDIRECTION((-3.10118163303E-17,1.,0.)) ;
#3672=IFCDIRECTION((-1.,-3.10118163303E-17,0.)) ;
#3677=IFCDIRECTION((0.,0.,-1.)) ;
#3678=IFCDIRECTION((-1.,0.,0.)) ;
#3687=IFCDIRECTION((-3.10118163303E-17,1.,0.)) ;
#3688=IFCDIRECTION((-1.,0.,0.)) ;
#3695=IFCDIRECTION((1.,0.,0.)) ;
#3696=IFCDIRECTION((0.,0.,-1.)) ;
#3707=IFCDIRECTION((-0.,-0.,1.)) ;
#3708=IFCDIRECTION((1.,0.,0.)) ;
#3713=IFCDIRECTION((0.,0.,-1.)) ;
#3720=IFCDIRECTION((0.,0.,-1.)) ;
#3721=IFCDIRECTION((-1.,0.,0.)) ;
#3728=IFCDIRECTION((0.,0.,-1.)) ;
#3740=IFCDIRECTION((-1.,0.,0.)) ;
#3741=IFCDIRECTION((0.,0.,1.)) ;
#3746=IFCDIRECTION((0.,0.,-1.)) ;
#3747=IFCDIRECTION((-1.,0.,0.)) ;
#3756=IFCDIRECTION((0.,1.,0.)) ;
#3757=IFCDIRECTION((0.,0.,1.)) ;
#3764=IFCDIRECTION((-1.,0.,0.)) ;
#3765=IFCDIRECTION((0.,0.,1.)) ;
#3776=IFCDIRECTION((1.,-0.,-0.)) ;
#3777=IFCDIRECTION((0.,0.,-1.)) ;
#3782=IFCDIRECTION((-1.,0.,0.)) ;
#3783=IFCDIRECTION((0.,0.,1.)) ;
#3792=IFCDIRECTION((-1.,-1.0295056456E-15,0.)) ;
#3799=IFCDIRECTION((-1.,0.,0.)) ;
#3800=IFCDIRECTION((0.,0.,1.)) ;
#3807=IFCDIRECTION((-1.,0.,0.)) ;
#3819=IFCDIRECTION((-1.,-0.,-0.)) ;
#3820=IFCDIRECTION((-0.,0.,1.)) ;
#3825=IFCDIRECTION((-1.,0.,0.)) ;
#3826=IFCDIRECTION((0.,0.,1.)) ;
#3835=IFCDIRECTION((-1.,0.,0.)) ;
#3842=IFCDIRECTION((1.,0.,0.)) ;
#3843=IFCDIRECTION((0.,0.,-1.)) ;
#3850=IFCDIRECTION((-1.,-1.0295056456E-15,0.)) ;
#3862=IFCDIRECTION((1.,-0.,-0.)) ;
#3863=IFCDIRECTION((0.,0.,-1.)) ;
#3868=IFCDIRECTION((-1.,0.,0.)) ;
#3869=IFCDIRECTION((0.,0.,1.)) ;
#3878=IFCDIRECTION((-1.,0.,0.)) ;
#3883=IFCDIRECTION((-1.,1.0295056456E-15,0.)) ;
#3895=IFCDIRECTION((3.10118163303E-17,1.,-0.)) ;
#3896=IFCDIRECTION((-1.,3.10118163303E-17,0.)) ;
#3901=IFCDIRECTION((0.,1.,0.)) ;
#3902=IFCDIRECTION((0.,0.,-1.)) ;
#3911=IFCDIRECTION((0.,1.,0.)) ;
#3918=IFCDIRECTION((-3.10118163303E-17,-1.,0.)) ;
#3919=IFCDIRECTION((1.,0.,0.)) ;
#3926=IFCDIRECTION((0.,1.,0.)) ;
#3938=IFCDIRECTION((-1.,-0.,-0.)) ;
#3939=IFCDIRECTION((-0.,0.,1.)) ;
#3944=IFCDIRECTION((-1.,0.,0.)) ;
#3945=IFCDIRECTION((0.,0.,1.)) ;
#3954=IFCDIRECTION((-1.,1.0295056456E-15,0.)) ;
#3961=IFCDIRECTION((1.,0.,0.)) ;
#3962=IFCDIRECTION((0.,0.,-1.)) ;
#3969=IFCDIRECTION((-1.,0.,0.)) ;
#3981=IFCDIRECTION((0.,0.,1.)) ;
#3982=IFCDIRECTION((1.,0.,0.)) ;
#3987=IFCDIRECTION((0.,1.,0.)) ;
#3988=IFCDIRECTION((0.,0.,1.)) ;
#3995=IFCDIRECTION((0.,0.,-1.)) ;
#3996=IFCDIRECTION((-1.,0.,0.)) ;
#4008=IFCDIRECTION((-0.984807753012,0.,0.173648177667)) ;
#4009=IFCDIRECTION((0.173648177667,0.,0.984807753012)) ;
#4013=IFCDIRECTION((-0.984807753012,0.,0.173648177667)) ;
#4014=IFCDIRECTION((0.173648177667,0.,0.984807753012)) ;
#4023=IFCDIRECTION((-0.173648177667,0.,-0.984807753012)) ;
#4030=IFCDIRECTION((0.,-1.,0.)) ;
#4037=IFCDIRECTION((-0.173648177667,0.,-0.984807753012)) ;
#4044=IFCDIRECTION((-0.984807753012,0.,0.173648177667)) ;
#4045=IFCDIRECTION((0.173648177667,0.,0.984807753012)) ;
#4052=IFCDIRECTION((0.,-1.,0.)) ;
#4066=IFCDIRECTION((-3.10118163303E-17,1.,-0.)) ;
#4067=IFCDIRECTION((-1.,-3.10118163303E-17,0.)) ;
#4072=IFCDIRECTION((3.10118163303E-17,-1.,0.)) ;
#4073=IFCDIRECTION((1.,0.,0.)) ;
#4082=IFCDIRECTION((1.02409720288E-16,-1.,0.)) ;
#4089=IFCDIRECTION((3.10118163303E-17,-1.,0.)) ;
#4090=IFCDIRECTION((1.,0.,0.)) ;
#4097=IFCDIRECTION((0.,-1.,0.)) ;
#4109=IFCDIRECTION((0.,0.,1.)) ;
#4110=IFCDIRECTION((1.,0.,0.)) ;
#4115=IFCDIRECTION((-8.881784197E-14,1.,0.)) ;
#4116=IFCDIRECTION((-1.,-9.09494701773E-14,0.)) ;
#4125=IFCDIRECTION((0.,0.,-1.)) ;
#4126=IFCDIRECTION((-1.,0.,0.)) ;
#4133=IFCDIRECTION((-1.,0.,0.)) ;
#4134=IFCDIRECTION((0.,0.,1.)) ;
#4145=IFCDIRECTION((1.,-0.,-0.)) ;
#4146=IFCDIRECTION((0.,0.,-1.)) ;
#4151=IFCDIRECTION((1.,0.,0.)) ;
#4158=IFCDIRECTION((-1.,0.,0.)) ;
#4159=IFCDIRECTION((0.,0.,1.)) ;
#4166=IFCDIRECTION((1.,0.,0.)) ;
#4178=IFCDIRECTION((0.,0.,1.)) ;
#4179=IFCDIRECTION((1.,0.,0.)) ;
#4184=IFCDIRECTION((0.,0.,-1.)) ;
#4185=IFCDIRECTION((-1.,0.,0.)) ;
#4192=IFCDIRECTION((0.,1.,0.)) ;
#4193=IFCDIRECTION((0.,0.,1.)) ;
#4204=IFCDIRECTION((0.,0.,1.)) ;
#4205=IFCDIRECTION((1.,0.,0.)) ;
#4210=IFCDIRECTION((4.4408920985E-14,1.,-9.86076131526E-28)) ;
#4211=IFCDIRECTION((-1.,4.54747350886E-14,0.)) ;
#4220=IFCDIRECTION((-1.,0.,0.)) ;
#4221=IFCDIRECTION((0.,0.,1.)) ;
#4228=IFCDIRECTION((0.,0.,-1.)) ;
#4229=IFCDIRECTION((-1.,0.,0.)) ;
#4240=IFCDIRECTION((3.10118163303E-17,-1.,-0.)) ;
#4241=IFCDIRECTION((1.,3.10118163303E-17,0.)) ;
#4246=IFCDIRECTION((-3.10118163303E-17,1.,0.)) ;
#4247=IFCDIRECTION((-1.,0.,0.)) ;
#4256=IFCDIRECTION((1.02409720288E-16,-1.,0.)) ;
#4263=IFCDIRECTION((-3.10118163303E-17,1.,0.)) ;
#4264=IFCDIRECTION((-1.,0.,0.)) ;
#4271=IFCDIRECTION((0.,-1.,0.)) ;
#4283=IFCDIRECTION((0.,0.,1.)) ;
#4284=IFCDIRECTION((1.,0.,0.)) ;
#4289=IFCDIRECTION((0.,1.,0.)) ;
#4290=IFCDIRECTION((0.,0.,1.)) ;
#4297=IFCDIRECTION((0.,0.,-1.)) ;
#4298=IFCDIRECTION((-1.,0.,0.)) ;
#4309=IFCDIRECTION((-0.,-0.,1.)) ;
#4310=IFCDIRECTION((1.,0.,0.)) ;
#4315=IFCDIRECTION((0.,0.,-1.)) ;
#4324=IFCDIRECTION((0.,0.,1.)) ;
#4325=IFCDIRECTION((-1.,0.,0.)) ;
#4332=IFCDIRECTION((0.,0.,-1.)) ;
#4339=IFCDIRECTION((0.,0.,1.)) ;
#4340=IFCDIRECTION((-1.,0.,0.)) ;
#4353=IFCDIRECTION((2.00040184617E-16,-1.,0.)) ;
#4354=IFCDIRECTION((1.,2.00040184617E-16,0.)) ;
#4358=IFCDIRECTION((-1.,-1.9843986314E-16,0.)) ;
#4365=IFCDIRECTION((0.,0.,-1.)) ;
#4372=IFCDIRECTION((-1.,-1.9843986314E-16,0.)) ;
#4384=IFCDIRECTION((-0.,-0.,1.)) ;
#4385=IFCDIRECTION((1.,0.,0.)) ;
#4390=IFCDIRECTION((0.,0.,1.)) ;
#4391=IFCDIRECTION((1.,0.,0.)) ;
#4398=IFCDIRECTION((0.,0.,-1.)) ;
#4405=IFCDIRECTION((0.,0.,1.)) ;
#4406=IFCDIRECTION((1.,0.,0.)) ;
#4419=IFCDIRECTION((1.,1.26521142407E-16,0.)) ;
#4420=IFCDIRECTION((-1.26521142407E-16,1.,0.)) ;
#4424=IFCDIRECTION((6.32605712037E-17,-1.,0.)) ;
#4431=IFCDIRECTION((0.,0.,-1.)) ;
#4438=IFCDIRECTION((6.32605712037E-17,-1.,0.)) ;
#4450=IFCDIRECTION((-0.,-0.,1.)) ;
#4451=IFCDIRECTION((1.,0.,0.)) ;
#4456=IFCDIRECTION((0.,0.,1.)) ;
#4457=IFCDIRECTION((1.,0.,0.)) ;
#4464=IFCDIRECTION((0.,0.,-1.)) ;
#4471=IFCDIRECTION((0.,0.,1.)) ;
#4472=IFCDIRECTION((1.,0.,0.)) ;
#4485=IFCDIRECTION((2.00040184617E-16,1.,0.)) ;
#4486=IFCDIRECTION((-1.,2.00040184617E-16,0.)) ;
#4490=IFCDIRECTION((1.,0.,0.)) ;
#4497=IFCDIRECTION((0.,0.,-1.)) ;
#4504=IFCDIRECTION((1.,0.,0.)) ;
#4516=IFCDIRECTION((-0.,-0.,1.)) ;
#4517=IFCDIRECTION((1.,0.,0.)) ;
#4522=IFCDIRECTION((0.,0.,1.)) ;
#4523=IFCDIRECTION((1.,0.,0.)) ;
#4530=IFCDIRECTION((0.,0.,-1.)) ;
#4537=IFCDIRECTION((0.,0.,1.)) ;
#4538=IFCDIRECTION((1.,0.,0.)) ;
#4551=IFCDIRECTION((-1.,-1.26521142407E-16,0.)) ;
#4552=IFCDIRECTION((1.26521142407E-16,-1.,0.)) ;
#4556=IFCDIRECTION((0.,1.,0.)) ;
#4561=IFCDIRECTION((0.,1.,0.)) ;
#4574=IFCDIRECTION((0.,0.,-1.)) ;
#4575=IFCDIRECTION((-1.,0.,0.)) ;
#4590=IFCDIRECTION((-0.,-0.,1.)) ;
#4591=IFCDIRECTION((1.,0.,0.)) ;
#4596=IFCDIRECTION((0.,0.,-1.)) ;
#4601=IFCDIRECTION((0.,0.,-1.)) ;
#4614=IFCDIRECTION((1.,3.10118163303E-17,0.)) ;
#4615=IFCDIRECTION((-3.10118163303E-17,1.,0.)) ;
#4619=IFCDIRECTION((0.,0.,-1.)) ;
#4624=IFCDIRECTION((0.,0.,1.)) ;
#4636=IFCDIRECTION((-0.,-0.,1.)) ;
#4637=IFCDIRECTION((1.,0.,0.)) ;
#4642=IFCDIRECTION((0.,0.,-1.)) ;
#4649=IFCDIRECTION((0.,0.,-1.)) ;
#4650=IFCDIRECTION((-1.,0.,0.)) ;
#4657=IFCDIRECTION((0.,0.,-1.)) ;
#4670=IFCDIRECTION((0.,1.,0.)) ;
#4671=IFCDIRECTION((0.,0.,1.)) ;
#4675=IFCDIRECTION((0.,0.,-1.)) ;
#4682=IFCDIRECTION((1.,0.,0.)) ;
#4689=IFCDIRECTION((0.,0.,1.)) ;
#4701=IFCDIRECTION((-0.,-0.,1.)) ;
#4702=IFCDIRECTION((1.,0.,0.)) ;
#4707=IFCDIRECTION((0.,0.,-1.)) ;
#4714=IFCDIRECTION((0.,0.,-1.)) ;
#4715=IFCDIRECTION((-1.,0.,0.)) ;
#4728=IFCDIRECTION((-1.,3.10118163303E-17,0.)) ;
#4729=IFCDIRECTION((-3.10118163303E-17,-1.,0.)) ;
#4733=IFCDIRECTION((0.,1.,0.)) ;
#4740=IFCDIRECTION((0.,0.,1.)) ;
#4747=IFCDIRECTION((0.,-1.,2.04636307899E-13)) ;
#4754=IFCDIRECTION((0.,0.,1.)) ;
#4761=IFCDIRECTION((0.,1.,0.)) ;
#4768=IFCDIRECTION((0.,0.,1.)) ;
#4775=IFCDIRECTION((0.,1.,0.)) ;
#4791=IFCDIRECTION((-0.,-0.,1.)) ;
#4792=IFCDIRECTION((1.,0.,0.)) ;
#4797=IFCDIRECTION((0.,0.,-1.)) ;
#4802=IFCDIRECTION((0.,0.,-1.)) ;
#4803=IFCDIRECTION((-1.,0.,0.)) ;
#4810=IFCDIRECTION((0.,0.,-1.)) ;
#4823=IFCDIRECTION((0.,-1.,0.)) ;
#4824=IFCDIRECTION((0.,0.,-1.)) ;
#4828=IFCDIRECTION((0.,0.,-1.)) ;
#4841=IFCDIRECTION((0.,0.,1.)) ;
#4842=IFCDIRECTION((1.,0.,0.)) ;
#4846=IFCDIRECTION((1.,0.,0.)) ;
#4855=IFCDIRECTION((1.,0.,0.)) ;
#4862=IFCDIRECTION((1.,0.,0.)) ;
#4869=IFCDIRECTION((0.,1.,0.)) ;
#4876=IFCDIRECTION((0.,1.,0.)) ;
#4883=IFCDIRECTION((0.,1.,0.)) ;
#4890=IFCDIRECTION((0.,1.,0.)) ;
#4897=IFCDIRECTION((0.,1.,0.)) ;
#4902=IFCDIRECTION((-1.,0.,0.)) ;
#4907=IFCDIRECTION((0.,-1.,0.)) ;
#4914=IFCDIRECTION((0.,-1.,0.)) ;
#4919=IFCDIRECTION((0.,-1.,0.)) ;
#4926=IFCDIRECTION((0.,-1.,0.)) ;
#4961=IFCDIRECTION((0.,0.,1.)) ;
#4962=IFCDIRECTION((1.,0.,0.)) ;
#4966=IFCDIRECTION((0.,1.,0.)) ;
#4975=IFCDIRECTION((0.,1.,0.)) ;
#4982=IFCDIRECTION((0.,1.,0.)) ;
#4989=IFCDIRECTION((1.,0.,0.)) ;
#4996=IFCDIRECTION((0.,-1.,0.)) ;
#5003=IFCDIRECTION((1.,0.,0.)) ;
#5010=IFCDIRECTION((0.,-1.,0.)) ;
#5017=IFCDIRECTION((1.,0.,0.)) ;
#5024=IFCDIRECTION((0.,-1.,0.)) ;
#5031=IFCDIRECTION((1.,0.,0.)) ;
#5038=IFCDIRECTION((0.,1.,0.)) ;
#5043=IFCDIRECTION((1.,0.,0.)) ;
#5050=IFCDIRECTION((1.,0.,0.)) ;
#5055=IFCDIRECTION((0.,-1.,0.)) ;
#5062=IFCDIRECTION((0.,-1.,0.)) ;
#5067=IFCDIRECTION((0.,-1.,0.)) ;
#5072=IFCDIRECTION((0.,-1.,0.)) ;
#5077=IFCDIRECTION((-1.,0.,0.)) ;
#5082=IFCDIRECTION((0.,1.,0.)) ;
#5089=IFCDIRECTION((1.,0.,0.)) ;
#5096=IFCDIRECTION((0.,1.,0.)) ;
#5103=IFCDIRECTION((1.,0.,0.)) ;
#5110=IFCDIRECTION((0.,1.,0.)) ;
#5117=IFCDIRECTION((1.,0.,0.)) ;
#5124=IFCDIRECTION((0.,1.,0.)) ;
#5131=IFCDIRECTION((1.,0.,0.)) ;
#5136=IFCDIRECTION((0.,1.,0.)) ;
#5177=IFCDIRECTION((-1.,0.,-1.94642521241E-16)) ;
#5178=IFCDIRECTION((-1.94642521241E-16,0.,1.)) ;
#5182=IFCDIRECTION((0.,0.,-1.)) ;
#5187=IFCDIRECTION((0.,0.,-1.)) ;
#5200=IFCDIRECTION((1.,0.,0.)) ;
#5201=IFCDIRECTION((0.,0.,-1.)) ;
#5205=IFCDIRECTION((0.,0.,1.)) ;
#5212=IFCDIRECTION((0.,-1.,0.)) ;
#5219=IFCDIRECTION((0.,0.,-1.)) ;
#5232=IFCDIRECTION((0.984807753012,0.,-0.173648177667)) ;
#5233=IFCDIRECTION((-0.173648177667,0.,-0.984807753012)) ;
#5237=IFCDIRECTION((0.,-1.,0.)) ;
#5246=IFCDIRECTION((-0.173648177667,0.,-0.984807753012)) ;
#5251=IFCDIRECTION((-0.173648177667,0.,-0.984807753012)) ;
#5256=IFCDIRECTION((0.173648177667,0.,0.984807753012)) ;
#5263=IFCDIRECTION((0.984807753012,0.,-0.173648177667)) ;
#5264=IFCDIRECTION((-0.173648177667,0.,-0.984807753012)) ;
#5271=IFCDIRECTION((0.,-1.,0.)) ;
#5278=IFCDIRECTION((0.984807753012,0.,-0.173648177667)) ;
#5279=IFCDIRECTION((-0.173648177667,0.,-0.984807753012)) ;
#5286=IFCDIRECTION((0.173648177667,0.,0.984807753012)) ;
#5305=IFCDIRECTION((0.173648177667,0.,0.984807753012)) ;
#5306=IFCDIRECTION((0.984807753012,0.,-0.173648177667)) ;
#5310=IFCDIRECTION((-0.984807753012,0.,0.173648177667)) ;
#5315=IFCDIRECTION((-0.984807753012,0.,0.173648177667)) ;
#5328=IFCDIRECTION((0.,-1.,0.)) ;
#5329=IFCDIRECTION((0.,0.,-1.)) ;
#5333=IFCDIRECTION((-0.984807753012,0.,0.173648177667)) ;
#5348=IFCDIRECTION((0.,-1.,0.)) ;
#5349=IFCDIRECTION((0.,0.,-1.)) ;
#5353=IFCDIRECTION((0.,0.,1.)) ;
#5358=IFCDIRECTION((-0.984807753012,0.,0.173648177667)) ;
#5373=IFCDIRECTION((0.,-1.,0.)) ;
#5374=IFCDIRECTION((0.,0.,-1.)) ;
#5378=IFCDIRECTION((0.,1.,0.)) ;
#5379=IFCDIRECTION((0.,0.,-1.)) ;
#5393=IFCDIRECTION((0.,-1.,0.)) ;
#5394=IFCDIRECTION((0.,0.,-1.)) ;
#5398=IFCDIRECTION((0.,0.,-1.)) ;
#5403=IFCDIRECTION((0.,1.,0.)) ;
#5404=IFCDIRECTION((0.,0.,-1.)) ;
#5418=IFCDIRECTION((0.984807753012,0.,-0.173648177667)) ;
#5419=IFCDIRECTION((-0.173648177667,0.,-0.984807753012)) ;
#5423=IFCDIRECTION((0.,1.,0.)) ;
#5432=IFCDIRECTION((-0.173648177667,0.,-0.984807753012)) ;
#5439=IFCDIRECTION((0.984807753012,0.,-0.173648177667)) ;
#5440=IFCDIRECTION((-0.173648177667,0.,-0.984807753012)) ;
#5447=IFCDIRECTION((0.,1.,0.)) ;
#5454=IFCDIRECTION((0.984807753012,0.,-0.173648177667)) ;
#5455=IFCDIRECTION((-0.173648177667,0.,-0.984807753012)) ;
#5462=IFCDIRECTION((-0.173648177667,0.,-0.984807753012)) ;
#5477=IFCDIRECTION((-0.173648177667,0.,-0.984807753012)) ;
#5478=IFCDIRECTION((-0.984807753012,0.,0.173648177667)) ;
#5482=IFCDIRECTION((-0.984807753012,0.,0.173648177667)) ;
#5489=IFCDIRECTION((0.,1.,0.)) ;
#5496=IFCDIRECTION((-0.984807753012,0.,0.173648177667)) ;
#5509=IFCDIRECTION((-0.984807753012,0.,0.173648177667)) ;
#5510=IFCDIRECTION((0.173648177667,0.,0.984807753012)) ;
#5514=IFCDIRECTION((-0.984807753012,0.,0.173648177667)) ;
#5515=IFCDIRECTION((0.173648177667,0.,0.984807753012)) ;
#5522=IFCDIRECTION((0.173648177667,0.,0.984807753012)) ;
#5529=IFCDIRECTION((0.,1.,0.)) ;
#5536=IFCDIRECTION((-0.173648177667,0.,-0.984807753012)) ;
#5543=IFCDIRECTION((0.,1.,0.)) ;
#5550=IFCDIRECTION((-0.173648177667,0.,-0.984807753012)) ;
#5557=IFCDIRECTION((0.,1.,1.02318153949E-13)) ;
#5564=IFCDIRECTION((0.173648177667,0.,0.984807753012)) ;
#5571=IFCDIRECTION((-0.984807753012,0.,0.173648177667)) ;
#5572=IFCDIRECTION((0.173648177667,0.,0.984807753012)) ;
#5591=IFCDIRECTION((-1.,0.,0.)) ;
#5592=IFCDIRECTION((0.,0.,1.)) ;
#5596=IFCDIRECTION((0.,0.,1.)) ;
#5601=IFCDIRECTION((0.,0.,-1.)) ;
#5614=IFCDIRECTION((1.,0.,1.94642521241E-16)) ;
#5615=IFCDIRECTION((1.94642521241E-16,0.,-1.)) ;
#5619=IFCDIRECTION((0.,0.,-1.)) ;
#5624=IFCDIRECTION((0.,0.,-1.)) ;
#5637=IFCDIRECTION((0.,1.,0.)) ;
#5638=IFCDIRECTION((0.,0.,-1.)) ;
#5642=IFCDIRECTION((-0.984807753012,0.,0.173648177667)) ;
#5657=IFCDIRECTION((0.,1.,0.)) ;
#5658=IFCDIRECTION((0.,0.,-1.)) ;
#5662=IFCDIRECTION((0.,0.,1.)) ;
#5667=IFCDIRECTION((-0.984807753012,0.,0.173648177667)) ;
#5682=IFCDIRECTION((0.,1.,0.)) ;
#5683=IFCDIRECTION((0.,0.,-1.)) ;
#5687=IFCDIRECTION((0.,0.,1.)) ;
#5694=IFCDIRECTION((0.,1.,0.)) ;
#5695=IFCDIRECTION((0.,0.,-1.)) ;
#5709=IFCDIRECTION((0.,1.,0.)) ;
#5710=IFCDIRECTION((0.,0.,-1.)) ;
#5714=IFCDIRECTION((0.,0.,-1.)) ;
#5719=IFCDIRECTION((0.,0.,1.)) ;
#5733=IFCDIRECTION((0.,-1.,0.)) ;
#5734=IFCDIRECTION((0.,0.,-1.)) ;
#5738=IFCDIRECTION((0.,-1.,0.)) ;
#5739=IFCDIRECTION((0.,0.,-1.)) ;
#5746=IFCDIRECTION((0.,0.,1.)) ;
#5753=IFCDIRECTION((0.,-1.,0.)) ;
#5754=IFCDIRECTION((0.,0.,-1.)) ;
#5759=IFCDIRECTION((0.,-1.,0.)) ;
#5760=IFCDIRECTION((0.,0.,-1.)) ;
#5767=IFCDIRECTION((0.,0.,-1.)) ;
#5774=IFCDIRECTION((0.,-1.,0.)) ;
#5775=IFCDIRECTION((0.,0.,-1.)) ;
#5792=IFCDIRECTION((1.,0.,0.)) ;
#5793=IFCDIRECTION((0.,0.,-1.)) ;
#5797=IFCDIRECTION((1.,0.,0.)) ;
#5798=IFCDIRECTION((0.,0.,-1.)) ;
#5805=IFCDIRECTION((0.,0.,1.)) ;
#5812=IFCDIRECTION((1.,0.,0.)) ;
#5813=IFCDIRECTION((0.,0.,-1.)) ;
#5818=IFCDIRECTION((1.,0.,0.)) ;
#5819=IFCDIRECTION((0.,0.,-1.)) ;
#5836=IFCDIRECTION((1.,0.,0.)) ;
#5837=IFCDIRECTION((0.,0.,-1.)) ;
#5841=IFCDIRECTION((1.,0.,0.)) ;
#5842=IFCDIRECTION((0.,0.,-1.)) ;
#5849=IFCDIRECTION((0.,0.,1.)) ;
#5856=IFCDIRECTION((1.,0.,0.)) ;
#5857=IFCDIRECTION((0.,0.,-1.)) ;
#5862=IFCDIRECTION((1.,0.,0.)) ;
#5863=IFCDIRECTION((0.,0.,-1.)) ;
#5870=IFCDIRECTION((0.,0.,-1.)) ;
#5877=IFCDIRECTION((1.,0.,0.)) ;
#5878=IFCDIRECTION((0.,0.,-1.)) ;
#5895=IFCDIRECTION((-1.,0.,0.)) ;
#5896=IFCDIRECTION((0.,0.,-1.)) ;
#5900=IFCDIRECTION((-1.,0.,0.)) ;
#5901=IFCDIRECTION((0.,0.,1.)) ;
#5908=IFCDIRECTION((0.,0.,-1.)) ;
#5915=IFCDIRECTION((-1.,0.,0.)) ;
#5916=IFCDIRECTION((0.,0.,1.)) ;
#5921=IFCDIRECTION((-1.,0.,0.)) ;
#5922=IFCDIRECTION((0.,0.,1.)) ;
#5929=IFCDIRECTION((0.,0.,1.)) ;
#5936=IFCDIRECTION((-1.,0.,0.)) ;
#5937=IFCDIRECTION((0.,0.,1.)) ;
#5954=IFCDIRECTION((-1.,0.,0.)) ;
#5955=IFCDIRECTION((0.,0.,-1.)) ;
#5959=IFCDIRECTION((-1.,0.,0.)) ;
#5960=IFCDIRECTION((0.,0.,1.)) ;
#5967=IFCDIRECTION((0.,0.,-1.)) ;
#5974=IFCDIRECTION((-1.,0.,0.)) ;
#5975=IFCDIRECTION((0.,0.,1.)) ;
#5980=IFCDIRECTION((-1.,0.,0.)) ;
#5981=IFCDIRECTION((0.,0.,1.)) ;
#5988=IFCDIRECTION((0.,0.,1.)) ;
#5995=IFCDIRECTION((-1.,0.,0.)) ;
#5996=IFCDIRECTION((0.,0.,1.)) ;
#6013=IFCDIRECTION((0.,1.,0.)) ;
#6014=IFCDIRECTION((0.,0.,-1.)) ;
#6018=IFCDIRECTION((0.,1.,0.)) ;
#6019=IFCDIRECTION((0.,0.,1.)) ;
#6026=IFCDIRECTION((0.,0.,1.)) ;
#6033=IFCDIRECTION((0.,1.,0.)) ;
#6034=IFCDIRECTION((0.,0.,1.)) ;
#6039=IFCDIRECTION((0.,1.,0.)) ;
#6040=IFCDIRECTION((0.,0.,1.)) ;
#6047=IFCDIRECTION((0.,0.,-1.)) ;
#6063=IFCDIRECTION((3.10118163303E-17,1.,0.)) ;
#6064=IFCDIRECTION((-1.,3.10118163303E-17,0.)) ;
#6069=IFCDIRECTION((0.,0.,-1.)) ;
#6070=IFCDIRECTION((-1.,0.,0.)) ;
#6075=IFCDIRECTION((-3.10118163303E-17,-1.,0.)) ;
#6076=IFCDIRECTION((1.,0.,0.)) ;
#6087=IFCDIRECTION((-0.,-0.,1.)) ;
#6088=IFCDIRECTION((1.,0.,0.)) ;
#6093=IFCDIRECTION((0.,0.,-1.)) ;
#6094=IFCDIRECTION((-1.,0.,0.)) ;
#6106=IFCDIRECTION((-3.10118163303E-17,-1.,0.)) ;
#6107=IFCDIRECTION((1.,-3.10118163303E-17,0.)) ;
#6112=IFCDIRECTION((0.,0.,1.)) ;
#6113=IFCDIRECTION((1.,0.,0.)) ;
#6120=IFCDIRECTION((-3.10118163303E-17,-1.,0.)) ;
#6121=IFCDIRECTION((1.,0.,0.)) ;
#6132=IFCDIRECTION((-0.,-0.,-1.)) ;
#6133=IFCDIRECTION((-1.,0.,0.)) ;
#6138=IFCDIRECTION((0.,0.,-1.)) ;
#6145=IFCDIRECTION((0.,0.,1.)) ;
#6146=IFCDIRECTION((1.,0.,0.)) ;
#6158=IFCDIRECTION((-3.10118163303E-17,-1.,0.)) ;
#6159=IFCDIRECTION((1.,-3.10118163303E-17,0.)) ;
#6164=IFCDIRECTION((3.10118163303E-17,1.,0.)) ;
#6165=IFCDIRECTION((-1.,0.,0.)) ;
#6176=IFCDIRECTION((3.10118163303E-17,1.,0.)) ;
#6177=IFCDIRECTION((-1.,3.10118163303E-17,0.)) ;
#6182=IFCDIRECTION((0.,0.,-1.)) ;
#6183=IFCDIRECTION((-1.,0.,0.)) ;
#6190=IFCDIRECTION((3.10118163303E-17,1.,0.)) ;
#6191=IFCDIRECTION((-1.,0.,0.)) ;
#6202=IFCDIRECTION((-0.,-0.,1.)) ;
#6203=IFCDIRECTION((1.,0.,0.)) ;
#6208=IFCDIRECTION((0.,0.,1.)) ;
#6215=IFCDIRECTION((0.,0.,-1.)) ;
#6216=IFCDIRECTION((-1.,0.,0.)) ;
#6228=IFCDIRECTION((3.10118163303E-17,1.,0.)) ;
#6229=IFCDIRECTION((-1.,3.10118163303E-17,0.)) ;
#6234=IFCDIRECTION((-3.10118163303E-17,-1.,0.)) ;
#6235=IFCDIRECTION((1.,0.,0.)) ;
#6246=IFCDIRECTION((-3.10118163303E-17,-1.,0.)) ;
#6247=IFCDIRECTION((1.,-3.10118163303E-17,0.)) ;
#6252=IFCDIRECTION((0.,0.,1.)) ;
#6253=IFCDIRECTION((1.,0.,0.)) ;
#6264=IFCDIRECTION((-0.,-0.,-1.)) ;
#6265=IFCDIRECTION((-1.,0.,0.)) ;
#6270=IFCDIRECTION((0.,0.,-1.)) ;
#6277=IFCDIRECTION((0.,0.,1.)) ;
#6278=IFCDIRECTION((1.,0.,0.)) ;
#6290=IFCDIRECTION((-3.10118163303E-17,-1.,0.)) ;
#6291=IFCDIRECTION((1.,-3.10118163303E-17,0.)) ;
#6296=IFCDIRECTION((3.10118163303E-17,1.,0.)) ;
#6297=IFCDIRECTION((-1.,0.,0.)) ;
#6308=IFCDIRECTION((1.,0.,0.)) ;
#6309=IFCDIRECTION((0.,0.,-1.)) ;
#6314=IFCDIRECTION((0.,0.,1.)) ;
#6315=IFCDIRECTION((1.,0.,0.)) ;
#6326=IFCDIRECTION((-0.,-0.,-1.)) ;
#6327=IFCDIRECTION((-1.,0.,0.)) ;
#6332=IFCDIRECTION((0.,0.,1.)) ;
#6333=IFCDIRECTION((1.,0.,0.)) ;
#6345=IFCDIRECTION((1.,0.,0.)) ;
#6346=IFCDIRECTION((0.,0.,-1.)) ;
#6357=IFCDIRECTION((-0.,-0.,1.)) ;
#6358=IFCDIRECTION((1.,0.,0.)) ;
#6363=IFCDIRECTION((0.,0.,1.)) ;
#6368=IFCDIRECTION((0.,0.,-1.)) ;
#6369=IFCDIRECTION((-1.,0.,0.)) ;
#6381=IFCDIRECTION((-1.,0.,0.)) ;
#6382=IFCDIRECTION((0.,0.,1.)) ;
#6393=IFCDIRECTION((-3.10118163303E-17,1.,0.)) ;
#6394=IFCDIRECTION((-1.,-3.10118163303E-17,0.)) ;
#6399=IFCDIRECTION((3.10118163303E-17,-1.,0.)) ;
#6400=IFCDIRECTION((1.,0.,0.)) ;
#6411=IFCDIRECTION((3.10118163303E-17,-1.,0.)) ;
#6412=IFCDIRECTION((1.,3.10118163303E-17,0.)) ;
#6417=IFCDIRECTION((0.,0.,-1.)) ;
#6418=IFCDIRECTION((-1.,0.,0.)) ;
#6429=IFCDIRECTION((-0.,-0.,-1.)) ;
#6430=IFCDIRECTION((-1.,0.,0.)) ;
#6435=IFCDIRECTION((0.,0.,-1.)) ;
#6436=IFCDIRECTION((-1.,0.,0.)) ;
#6448=IFCDIRECTION((1.,0.,0.)) ;
#6449=IFCDIRECTION((0.,0.,-1.)) ;
#6454=IFCDIRECTION((0.,0.,-1.)) ;
#6455=IFCDIRECTION((-1.,0.,0.)) ;
#6460=IFCDIRECTION((1.,0.,0.)) ;
#6461=IFCDIRECTION((0.,0.,-1.)) ;
#6472=IFCDIRECTION((-0.,-0.,-1.)) ;
#6473=IFCDIRECTION((-1.,0.,0.)) ;
#6478=IFCDIRECTION((0.,0.,-1.)) ;
#6479=IFCDIRECTION((-1.,0.,0.)) ;
#6491=IFCDIRECTION((1.,0.,0.)) ;
#6492=IFCDIRECTION((0.,0.,-1.)) ;
#6503=IFCDIRECTION((-1.,0.,0.)) ;
#6504=IFCDIRECTION((0.,0.,1.)) ;
#6509=IFCDIRECTION((1.,0.,0.)) ;
#6510=IFCDIRECTION((0.,0.,-1.)) ;
#6517=IFCDIRECTION((0.,0.,-1.)) ;
#6518=IFCDIRECTION((-1.,0.,0.)) ;
#6529=IFCDIRECTION((-0.,-0.,1.)) ;
#6530=IFCDIRECTION((1.,0.,0.)) ;
#6535=IFCDIRECTION((0.,0.,-1.)) ;
#6542=IFCDIRECTION((0.,0.,-1.)) ;
#6543=IFCDIRECTION((-1.,0.,0.)) ;
#6555=IFCDIRECTION((-1.,0.,0.)) ;
#6556=IFCDIRECTION((0.,0.,1.)) ;
#6561=IFCDIRECTION((-1.,0.,0.)) ;
#6562=IFCDIRECTION((0.,0.,1.)) ;
#6573=IFCDIRECTION((-3.10118163303E-17,1.,0.)) ;
#6574=IFCDIRECTION((-1.,-3.10118163303E-17,0.)) ;
#6579=IFCDIRECTION((0.,0.,1.)) ;
#6580=IFCDIRECTION((1.,0.,0.)) ;
#6591=IFCDIRECTION((-0.,-0.,1.)) ;
#6592=IFCDIRECTION((1.,0.,0.)) ;
#6597=IFCDIRECTION((0.,0.,1.)) ;
#6598=IFCDIRECTION((1.,0.,0.)) ;
#6610=IFCDIRECTION((-3.10118163303E-17,1.,0.)) ;
#6611=IFCDIRECTION((-1.,-3.10118163303E-17,0.)) ;
#6622=IFCDIRECTION((3.10118163303E-17,-1.,0.)) ;
#6623=IFCDIRECTION((1.,3.10118163303E-17,0.)) ;
#6628=IFCDIRECTION((0.,0.,-1.)) ;
#6629=IFCDIRECTION((-1.,0.,0.)) ;
#6636=IFCDIRECTION((3.10118163303E-17,-1.,0.)) ;
#6637=IFCDIRECTION((1.,0.,0.)) ;
#6648=IFCDIRECTION((-0.,-0.,-1.)) ;
#6649=IFCDIRECTION((-1.,0.,0.)) ;
#6654=IFCDIRECTION((0.,0.,1.)) ;
#6661=IFCDIRECTION((0.,0.,-1.)) ;
#6662=IFCDIRECTION((-1.,0.,0.)) ;
#6674=IFCDIRECTION((3.10118163303E-17,-1.,0.)) ;
#6675=IFCDIRECTION((1.,3.10118163303E-17,0.)) ;
#6680=IFCDIRECTION((-3.10118163303E-17,1.,0.)) ;
#6681=IFCDIRECTION((-1.,0.,0.)) ;
#6692=IFCDIRECTION((3.10118163303E-17,-1.,0.)) ;
#6693=IFCDIRECTION((1.,3.10118163303E-17,0.)) ;
#6704=IFCDIRECTION((3.10118163303E-17,1.,0.)) ;
#6705=IFCDIRECTION((-1.,3.10118163303E-17,0.)) ;
#6710=IFCDIRECTION((3.10118163303E-17,1.,0.)) ;
#6711=IFCDIRECTION((-1.,0.,0.)) ;
#6722=IFCDIRECTION((-1.,-0.,-0.)) ;
#6723=IFCDIRECTION((-0.,0.,1.)) ;
#6728=IFCDIRECTION((-1.,0.,0.)) ;
#6729=IFCDIRECTION((0.,0.,1.)) ;
#6741=IFCDIRECTION((1.,-0.,-0.)) ;
#6742=IFCDIRECTION((0.,0.,-1.)) ;
#6747=IFCDIRECTION((1.,0.,0.)) ;
#6760=IFCDIRECTION((0.,1.,0.)) ;
#6761=IFCDIRECTION((0.,0.,1.)) ;
#6765=IFCDIRECTION((1.,0.,0.)) ;
#6777=IFCDIRECTION((-1.,-0.,-0.)) ;
#6778=IFCDIRECTION((-0.,0.,1.)) ;
#6783=IFCDIRECTION((-1.,0.,0.)) ;
#6784=IFCDIRECTION((0.,0.,1.)) ;
#6797=IFCDIRECTION((1.,3.10118163303E-17,0.)) ;
#6798=IFCDIRECTION((-3.10118163303E-17,1.,0.)) ;
#6802=IFCDIRECTION((0.,-1.,0.)) ;
#6807=IFCDIRECTION((0.,-1.,0.)) ;
#6819=IFCDIRECTION((3.10118163303E-17,-1.,-0.)) ;
#6820=IFCDIRECTION((1.,3.10118163303E-17,0.)) ;
#6832=IFCDIRECTION((-3.10118163303E-17,1.,-0.)) ;
#6833=IFCDIRECTION((-1.,-3.10118163303E-17,0.)) ;
#6845=IFCDIRECTION((-3.10118163303E-17,1.,-0.)) ;
#6846=IFCDIRECTION((-1.,-3.10118163303E-17,0.)) ;
#6851=IFCDIRECTION((4.4408920985E-14,1.,0.)) ;
#6852=IFCDIRECTION((-1.,4.54747350886E-14,0.)) ;
#6857=IFCDIRECTION((-4.21597724121E-16,-1.,0.)) ;
#6869=IFCDIRECTION((3.10118163303E-17,-1.,-0.)) ;
#6870=IFCDIRECTION((1.,3.10118163303E-17,0.)) ;
#6875=IFCDIRECTION((-4.21597724121E-16,-1.,0.)) ;
#6888=IFCDIRECTION((1.,3.10118163303E-17,0.)) ;
#6889=IFCDIRECTION((-3.10118163303E-17,1.,0.)) ;
#6900=IFCDIRECTION((-3.10118163303E-17,-1.,-0.)) ;
#6901=IFCDIRECTION((1.,-3.10118163303E-17,0.)) ;
#6906=IFCDIRECTION((0.,1.,0.)) ;
#6918=IFCDIRECTION((3.10118163303E-17,1.,-0.)) ;
#6919=IFCDIRECTION((-1.,3.10118163303E-17,0.)) ;
#6924=IFCDIRECTION((0.,1.,0.)) ;
#6937=IFCDIRECTION((-1.,3.10118163303E-17,0.)) ;
#6938=IFCDIRECTION((-3.10118163303E-17,-1.,0.)) ;
#6949=IFCDIRECTION((-3.10118163303E-17,-1.,-0.)) ;
#6950=IFCDIRECTION((1.,-3.10118163303E-17,0.)) ;
#6955=IFCDIRECTION((0.,1.,0.)) ;
#6956=IFCDIRECTION((0.,0.,1.)) ;
#6961=IFCDIRECTION((0.,1.,0.)) ;
#6974=IFCDIRECTION((-1.,3.10118163303E-17,0.)) ;
#6975=IFCDIRECTION((-3.10118163303E-17,-1.,0.)) ;
#6979=IFCDIRECTION((0.,1.,0.)) ;
#6995=IFCDIRECTION((-3.10118163303E-17,-1.,-0.)) ;
#6996=IFCDIRECTION((1.,-3.10118163303E-17,0.)) ;
#7001=IFCDIRECTION((-8.881784197E-14,1.,1.97215226305E-27)) ;
#7002=IFCDIRECTION((-1.,-9.09494701773E-14,0.)) ;
#7014=IFCDIRECTION((3.10118163303E-17,1.,-0.)) ;
#7015=IFCDIRECTION((-1.,3.10118163303E-17,0.)) ;
#7028=IFCDIRECTION((0.,-1.,0.)) ;
#7029=IFCDIRECTION((0.,0.,-1.)) ;
#7040=IFCDIRECTION((-0.984807753012,-0.,0.173648177667)) ;
#7041=IFCDIRECTION((0.173648177667,0.,0.984807753012)) ;
#7053=IFCDIRECTION((0.984807753012,-0.,-0.173648177667)) ;
#7054=IFCDIRECTION((-0.173648177667,0.,-0.984807753012)) ;
#7066=IFCDIRECTION((3.10118163303E-17,1.,-0.)) ;
#7067=IFCDIRECTION((-1.,3.10118163303E-17,0.)) ;
#7080=IFCDIRECTION((-1.,0.,0.)) ;
#7081=IFCDIRECTION((0.,0.,1.)) ;
#7092=IFCDIRECTION((0.984807753012,-0.,-0.173648177667)) ;
#7093=IFCDIRECTION((-0.173648177667,0.,-0.984807753012)) ;
#7105=IFCDIRECTION((-0.984807753012,-0.,0.173648177667)) ;
#7106=IFCDIRECTION((0.173648177667,0.,0.984807753012)) ;
#7118=IFCDIRECTION((3.10118163303E-17,1.,-0.)) ;
#7119=IFCDIRECTION((-1.,3.10118163303E-17,0.)) ;
#7132=IFCDIRECTION((1.,0.,0.)) ;
#7133=IFCDIRECTION((0.,0.,-1.)) ;
#7144=IFCDIRECTION((0.,0.,1.)) ;
#7145=IFCDIRECTION((1.,0.,0.)) ;
#7156=IFCDIRECTION((0.,0.,1.)) ;
#7157=IFCDIRECTION((1.,0.,0.)) ;
#7168=IFCDIRECTION((0.,0.,1.)) ;
#7169=IFCDIRECTION((1.,0.,0.)) ;
#7187=IFCDIRECTION((0.,0.,1.)) ;
#7188=IFCDIRECTION((1.,0.,0.)) ;
#14=IFCAXIS2PLACEMENT3D(#15,#16,#17) ;
#32=IFCAXIS2PLACEMENT3D(#33,#34,#35) ;
#77=IFCAXIS2PLACEMENT3D(#78,#79,#80) ;
#118=IFCAXIS2PLACEMENT3D(#119,#120,#121) ;
#141=IFCAXIS2PLACEMENT3D(#142,#143,#144) ;
#159=IFCAXIS2PLACEMENT3D(#160,#161,#162) ;
#177=IFCAXIS2PLACEMENT3D(#178,#179,#180) ;
#198=IFCAXIS2PLACEMENT3D(#199,#200,#201) ;
#239=IFCAXIS2PLACEMENT3D(#240,#241,#242) ;
#280=IFCAXIS2PLACEMENT3D(#281,#282,#283) ;
#303=IFCAXIS2PLACEMENT3D(#304,#305,#306) ;
#321=IFCAXIS2PLACEMENT3D(#322,#323,#324) ;
#339=IFCAXIS2PLACEMENT3D(#340,#341,#342) ;
#356=IFCAXIS2PLACEMENT3D(#357,#358,#359) ;
#397=IFCAXIS2PLACEMENT3D(#398,#399,#400) ;
#438=IFCAXIS2PLACEMENT3D(#439,#440,#441) ;
#461=IFCAXIS2PLACEMENT3D(#462,#463,#464) ;
#479=IFCAXIS2PLACEMENT3D(#480,#481,#482) ;
#497=IFCAXIS2PLACEMENT3D(#498,#499,#500) ;
#514=IFCAXIS2PLACEMENT3D(#515,#516,#517) ;
#555=IFCAXIS2PLACEMENT3D(#556,#557,#558) ;
#596=IFCAXIS2PLACEMENT3D(#597,#598,#599) ;
#619=IFCAXIS2PLACEMENT3D(#620,#621,#622) ;
#637=IFCAXIS2PLACEMENT3D(#638,#639,#640) ;
#655=IFCAXIS2PLACEMENT3D(#656,#657,#658) ;
#672=IFCAXIS2PLACEMENT3D(#673,#674,#675) ;
#713=IFCAXIS2PLACEMENT3D(#714,#715,#716) ;
#754=IFCAXIS2PLACEMENT3D(#755,#756,#757) ;
#777=IFCAXIS2PLACEMENT3D(#778,#779,#780) ;
#795=IFCAXIS2PLACEMENT3D(#796,#797,#798) ;
#813=IFCAXIS2PLACEMENT3D(#814,#815,#816) ;
#830=IFCAXIS2PLACEMENT3D(#831,#832,#833) ;
#871=IFCAXIS2PLACEMENT3D(#872,#873,#874) ;
#912=IFCAXIS2PLACEMENT3D(#913,#914,#915) ;
#935=IFCAXIS2PLACEMENT3D(#936,#937,#938) ;
#953=IFCAXIS2PLACEMENT3D(#954,#955,#956) ;
#971=IFCAXIS2PLACEMENT3D(#972,#973,#974) ;
#988=IFCAXIS2PLACEMENT3D(#989,#990,#991) ;
#1029=IFCAXIS2PLACEMENT3D(#1030,#1031,#1032) ;
#1070=IFCAXIS2PLACEMENT3D(#1071,#1072,#1073) ;
#1093=IFCAXIS2PLACEMENT3D(#1094,#1095,#1096) ;
#1111=IFCAXIS2PLACEMENT3D(#1112,#1113,#1114) ;
#1129=IFCAXIS2PLACEMENT3D(#1130,#1131,#1132) ;
#1146=IFCAXIS2PLACEMENT3D(#1147,#1148,#1149) ;
#1187=IFCAXIS2PLACEMENT3D(#1188,#1189,#1190) ;
#1228=IFCAXIS2PLACEMENT3D(#1229,#1230,#1231) ;
#1251=IFCAXIS2PLACEMENT3D(#1252,#1253,#1254) ;
#1269=IFCAXIS2PLACEMENT3D(#1270,#1271,#1272) ;
#1287=IFCAXIS2PLACEMENT3D(#1288,#1289,#1290) ;
#1304=IFCAXIS2PLACEMENT3D(#1305,#1306,#1307) ;
#1345=IFCAXIS2PLACEMENT3D(#1346,#1347,#1348) ;
#1386=IFCAXIS2PLACEMENT3D(#1387,#1388,#1389) ;
#1409=IFCAXIS2PLACEMENT3D(#1410,#1411,#1412) ;
#1427=IFCAXIS2PLACEMENT3D(#1428,#1429,#1430) ;
#1445=IFCAXIS2PLACEMENT3D(#1446,#1447,#1448) ;
#1462=IFCAXIS2PLACEMENT3D(#1463,#1464,#1465) ;
#1503=IFCAXIS2PLACEMENT3D(#1504,#1505,#1506) ;
#1544=IFCAXIS2PLACEMENT3D(#1545,#1546,#1547) ;
#1567=IFCAXIS2PLACEMENT3D(#1568,#1569,#1570) ;
#1585=IFCAXIS2PLACEMENT3D(#1586,#1587,#1588) ;
#1603=IFCAXIS2PLACEMENT3D(#1604,#1605,#1606) ;
#1620=IFCAXIS2PLACEMENT3D(#1621,#1622,#1623) ;
#1661=IFCAXIS2PLACEMENT3D(#1662,#1663,#1664) ;
#1702=IFCAXIS2PLACEMENT3D(#1703,#1704,#1705) ;
#1725=IFCAXIS2PLACEMENT3D(#1726,#1727,#1728) ;
#1743=IFCAXIS2PLACEMENT3D(#1744,#1745,#1746) ;
#1761=IFCAXIS2PLACEMENT3D(#1762,#1763,#1764) ;
#1778=IFCAXIS2PLACEMENT3D(#1779,#1780,#1781) ;
#1819=IFCAXIS2PLACEMENT3D(#1820,#1821,#1822) ;
#1851=IFCAXIS2PLACEMENT3D(#1852,#1853,#1854) ;
#1876=IFCAXIS2PLACEMENT3D(#1877,#1878,#1879) ;
#1901=IFCAXIS2PLACEMENT3D(#1902,#1903,#1904) ;
#1919=IFCAXIS2PLACEMENT3D(#1920,#1921,#1922) ;
#1936=IFCAXIS2PLACEMENT3D(#1937,#1938,#1939) ;
#1977=IFCAXIS2PLACEMENT3D(#1978,#1979,#1980) ;
#2009=IFCAXIS2PLACEMENT3D(#2010,#2011,#2012) ;
#2034=IFCAXIS2PLACEMENT3D(#2035,#2036,#2037) ;
#2059=IFCAXIS2PLACEMENT3D(#2060,#2061,#2062) ;
#2077=IFCAXIS2PLACEMENT3D(#2078,#2079,#2080) ;
#2094=IFCAXIS2PLACEMENT3D(#2095,#2096,#2097) ;
#2135=IFCAXIS2PLACEMENT3D(#2136,#2137,#2138) ;
#2167=IFCAXIS2PLACEMENT3D(#2168,#2169,#2170) ;
#2192=IFCAXIS2PLACEMENT3D(#2193,#2194,#2195) ;
#2217=IFCAXIS2PLACEMENT3D(#2218,#2219,#2220) ;
#2235=IFCAXIS2PLACEMENT3D(#2236,#2237,#2238) ;
#2252=IFCAXIS2PLACEMENT3D(#2253,#2254,#2255) ;
#2293=IFCAXIS2PLACEMENT3D(#2294,#2295,#2296) ;
#2325=IFCAXIS2PLACEMENT3D(#2326,#2327,#2328) ;
#2350=IFCAXIS2PLACEMENT3D(#2351,#2352,#2353) ;
#2375=IFCAXIS2PLACEMENT3D(#2376,#2377,#2378) ;
#2393=IFCAXIS2PLACEMENT3D(#2394,#2395,#2396) ;
#2410=IFCAXIS2PLACEMENT3D(#2411,#2412,#2413) ;
#2451=IFCAXIS2PLACEMENT3D(#2452,#2453,#2454) ;
#2483=IFCAXIS2PLACEMENT3D(#2484,#2485,#2486) ;
#2508=IFCAXIS2PLACEMENT3D(#2509,#2510,#2511) ;
#2533=IFCAXIS2PLACEMENT3D(#2534,#2535,#2536) ;
#2551=IFCAXIS2PLACEMENT3D(#2552,#2553,#2554) ;
#2568=IFCAXIS2PLACEMENT3D(#2569,#2570,#2571) ;
#2609=IFCAXIS2PLACEMENT3D(#2610,#2611,#2612) ;
#2641=IFCAXIS2PLACEMENT3D(#2642,#2643,#2644) ;
#2673=IFCAXIS2PLACEMENT3D(#2674,#2675,#2676) ;
#2691=IFCAXIS2PLACEMENT3D(#2692,#2693,#2694) ;
#2709=IFCAXIS2PLACEMENT3D(#2710,#2711,#2712) ;
#2726=IFCAXIS2PLACEMENT3D(#2727,#2728,#2729) ;
#2767=IFCAXIS2PLACEMENT3D(#2768,#2769,#2770) ;
#2831=IFCAXIS2PLACEMENT3D(#2832,#2833,#2834) ;
#2836=IFCAXIS2PLACEMENT3D(#2837,#2838,#2839) ;
#2858=IFCAXIS2PLACEMENT3D(#2859,#2860,#2861) ;
#2881=IFCAXIS2PLACEMENT3D(#2882,#2883,#2884) ;
#2930=IFCAXIS2PLACEMENT3D(#2931,#2932,#2933) ;
#2945=IFCAXIS2PLACEMENT3D(#2946,#2947,#2948) ;
#2972=IFCAXIS2PLACEMENT3D(#2973,#2974,#2975) ;
#2994=IFCAXIS2PLACEMENT3D(#2995,#2996,#2997) ;
#3017=IFCAXIS2PLACEMENT3D(#3018,#3019,#3020) ;
#3041=IFCAXIS2PLACEMENT3D(#3042,#3043,#3044) ;
#3058=IFCAXIS2PLACEMENT3D(#3059,#3060,#3061) ;
#3073=IFCAXIS2PLACEMENT3D(#3074,#3075,#3076) ;
#3085=IFCAXIS2PLACEMENT3D(#3086,#3087,#3088) ;
#3100=IFCAXIS2PLACEMENT3D(#3101,#3102,#3103) ;
#3117=IFCAXIS2PLACEMENT3D(#3118,#3119,#3120) ;
#3131=IFCAXIS2PLACEMENT3D(#3132,#3133,#3134) ;
#3146=IFCAXIS2PLACEMENT3D(#3147,#3148,#3149) ;
#3166=IFCAXIS2PLACEMENT3D(#3167,#3168,#3169) ;
#3179=IFCAXIS2PLACEMENT3D(#3180,#3181,#3182) ;
#3196=IFCAXIS2PLACEMENT3D(#3197,#3198,#3199) ;
#3237=IFCAXIS2PLACEMENT3D(#3238,#3239,#3240) ;
#3269=IFCAXIS2PLACEMENT3D(#3270,#3271,#3272) ;
#3301=IFCAXIS2PLACEMENT3D(#3302,#3303,#3304) ;
#3324=IFCAXIS2PLACEMENT3D(#3325,#3326,#3327) ;
#3337=IFCAXIS2PLACEMENT3D(#3338,#3339,#3340) ;
#3354=IFCAXIS2PLACEMENT3D(#3355,#3356,#3357) ;
#3395=IFCAXIS2PLACEMENT3D(#3396,#3397,#3398) ;
#3427=IFCAXIS2PLACEMENT3D(#3428,#3429,#3430) ;
#3452=IFCAXIS2PLACEMENT3D(#3453,#3454,#3455) ;
#3477=IFCAXIS2PLACEMENT3D(#3478,#3479,#3480) ;
#3495=IFCAXIS2PLACEMENT3D(#3496,#3497,#3498) ;
#3512=IFCAXIS2PLACEMENT3D(#3513,#3514,#3515) ;
#3553=IFCAXIS2PLACEMENT3D(#3554,#3555,#3556) ;
#3585=IFCAXIS2PLACEMENT3D(#3586,#3587,#3588) ;
#3617=IFCAXIS2PLACEMENT3D(#3618,#3619,#3620) ;
#3640=IFCAXIS2PLACEMENT3D(#3641,#3642,#3643) ;
#3653=IFCAXIS2PLACEMENT3D(#3654,#3655,#3656) ;
#3669=IFCAXIS2PLACEMENT3D(#3670,#3671,#3672) ;
#3675=IFCAXIS2PLACEMENT3D(#3676,#3677,#3678) ;
#3685=IFCAXIS2PLACEMENT3D(#3686,#3687,#3688) ;
#3693=IFCAXIS2PLACEMENT3D(#3694,#3695,#3696) ;
#3705=IFCAXIS2PLACEMENT3D(#3706,#3707,#3708) ;
#3718=IFCAXIS2PLACEMENT3D(#3719,#3720,#3721) ;
#3738=IFCAXIS2PLACEMENT3D(#3739,#3740,#3741) ;
#3744=IFCAXIS2PLACEMENT3D(#3745,#3746,#3747) ;
#3754=IFCAXIS2PLACEMENT3D(#3755,#3756,#3757) ;
#3762=IFCAXIS2PLACEMENT3D(#3763,#3764,#3765) ;
#3774=IFCAXIS2PLACEMENT3D(#3775,#3776,#3777) ;
#3780=IFCAXIS2PLACEMENT3D(#3781,#3782,#3783) ;
#3797=IFCAXIS2PLACEMENT3D(#3798,#3799,#3800) ;
#3817=IFCAXIS2PLACEMENT3D(#3818,#3819,#3820) ;
#3823=IFCAXIS2PLACEMENT3D(#3824,#3825,#3826) ;
#3840=IFCAXIS2PLACEMENT3D(#3841,#3842,#3843) ;
#3860=IFCAXIS2PLACEMENT3D(#3861,#3862,#3863) ;
#3866=IFCAXIS2PLACEMENT3D(#3867,#3868,#3869) ;
#3893=IFCAXIS2PLACEMENT3D(#3894,#3895,#3896) ;
#3899=IFCAXIS2PLACEMENT3D(#3900,#3901,#3902) ;
#3916=IFCAXIS2PLACEMENT3D(#3917,#3918,#3919) ;
#3936=IFCAXIS2PLACEMENT3D(#3937,#3938,#3939) ;
#3942=IFCAXIS2PLACEMENT3D(#3943,#3944,#3945) ;
#3959=IFCAXIS2PLACEMENT3D(#3960,#3961,#3962) ;
#3979=IFCAXIS2PLACEMENT3D(#3980,#3981,#3982) ;
#3985=IFCAXIS2PLACEMENT3D(#3986,#3987,#3988) ;
#3993=IFCAXIS2PLACEMENT3D(#3994,#3995,#3996) ;
#4006=IFCAXIS2PLACEMENT3D(#4007,#4008,#4009) ;
#4011=IFCAXIS2PLACEMENT3D(#4012,#4013,#4014) ;
#4042=IFCAXIS2PLACEMENT3D(#4043,#4044,#4045) ;
#4064=IFCAXIS2PLACEMENT3D(#4065,#4066,#4067) ;
#4070=IFCAXIS2PLACEMENT3D(#4071,#4072,#4073) ;
#4087=IFCAXIS2PLACEMENT3D(#4088,#4089,#4090) ;
#4107=IFCAXIS2PLACEMENT3D(#4108,#4109,#4110) ;
#4113=IFCAXIS2PLACEMENT3D(#4114,#4115,#4116) ;
#4123=IFCAXIS2PLACEMENT3D(#4124,#4125,#4126) ;
#4131=IFCAXIS2PLACEMENT3D(#4132,#4133,#4134) ;
#4143=IFCAXIS2PLACEMENT3D(#4144,#4145,#4146) ;
#4156=IFCAXIS2PLACEMENT3D(#4157,#4158,#4159) ;
#4176=IFCAXIS2PLACEMENT3D(#4177,#4178,#4179) ;
#4182=IFCAXIS2PLACEMENT3D(#4183,#4184,#4185) ;
#4190=IFCAXIS2PLACEMENT3D(#4191,#4192,#4193) ;
#4202=IFCAXIS2PLACEMENT3D(#4203,#4204,#4205) ;
#4208=IFCAXIS2PLACEMENT3D(#4209,#4210,#4211) ;
#4218=IFCAXIS2PLACEMENT3D(#4219,#4220,#4221) ;
#4226=IFCAXIS2PLACEMENT3D(#4227,#4228,#4229) ;
#4238=IFCAXIS2PLACEMENT3D(#4239,#4240,#4241) ;
#4244=IFCAXIS2PLACEMENT3D(#4245,#4246,#4247) ;
#4261=IFCAXIS2PLACEMENT3D(#4262,#4263,#4264) ;
#4281=IFCAXIS2PLACEMENT3D(#4282,#4283,#4284) ;
#4287=IFCAXIS2PLACEMENT3D(#4288,#4289,#4290) ;
#4295=IFCAXIS2PLACEMENT3D(#4296,#4297,#4298) ;
#4307=IFCAXIS2PLACEMENT3D(#4308,#4309,#4310) ;
#4322=IFCAXIS2PLACEMENT3D(#4323,#4324,#4325) ;
#4337=IFCAXIS2PLACEMENT3D(#4338,#4339,#4340) ;
#4351=IFCAXIS2PLACEMENT3D(#4352,#4353,#4354) ;
#4382=IFCAXIS2PLACEMENT3D(#4383,#4384,#4385) ;
#4388=IFCAXIS2PLACEMENT3D(#4389,#4390,#4391) ;
#4403=IFCAXIS2PLACEMENT3D(#4404,#4405,#4406) ;
#4417=IFCAXIS2PLACEMENT3D(#4418,#4419,#4420) ;
#4448=IFCAXIS2PLACEMENT3D(#4449,#4450,#4451) ;
#4454=IFCAXIS2PLACEMENT3D(#4455,#4456,#4457) ;
#4469=IFCAXIS2PLACEMENT3D(#4470,#4471,#4472) ;
#4483=IFCAXIS2PLACEMENT3D(#4484,#4485,#4486) ;
#4514=IFCAXIS2PLACEMENT3D(#4515,#4516,#4517) ;
#4520=IFCAXIS2PLACEMENT3D(#4521,#4522,#4523) ;
#4535=IFCAXIS2PLACEMENT3D(#4536,#4537,#4538) ;
#4549=IFCAXIS2PLACEMENT3D(#4550,#4551,#4552) ;
#4572=IFCAXIS2PLACEMENT3D(#4573,#4574,#4575) ;
#4588=IFCAXIS2PLACEMENT3D(#4589,#4590,#4591) ;
#4612=IFCAXIS2PLACEMENT3D(#4613,#4614,#4615) ;
#4634=IFCAXIS2PLACEMENT3D(#4635,#4636,#4637) ;
#4647=IFCAXIS2PLACEMENT3D(#4648,#4649,#4650) ;
#4668=IFCAXIS2PLACEMENT3D(#4669,#4670,#4671) ;
#4699=IFCAXIS2PLACEMENT3D(#4700,#4701,#4702) ;
#4712=IFCAXIS2PLACEMENT3D(#4713,#4714,#4715) ;
#4726=IFCAXIS2PLACEMENT3D(#4727,#4728,#4729) ;
#4789=IFCAXIS2PLACEMENT3D(#4790,#4791,#4792) ;
#4800=IFCAXIS2PLACEMENT3D(#4801,#4802,#4803) ;
#4821=IFCAXIS2PLACEMENT3D(#4822,#4823,#4824) ;
#4839=IFCAXIS2PLACEMENT3D(#4840,#4841,#4842) ;
#4959=IFCAXIS2PLACEMENT3D(#4960,#4961,#4962) ;
#5175=IFCAXIS2PLACEMENT3D(#5176,#5177,#5178) ;
#5198=IFCAXIS2PLACEMENT3D(#5199,#5200,#5201) ;
#5230=IFCAXIS2PLACEMENT3D(#5231,#5232,#5233) ;
#5261=IFCAXIS2PLACEMENT3D(#5262,#5263,#5264) ;
#5276=IFCAXIS2PLACEMENT3D(#5277,#5278,#5279) ;
#5303=IFCAXIS2PLACEMENT3D(#5304,#5305,#5306) ;
#5326=IFCAXIS2PLACEMENT3D(#5327,#5328,#5329) ;
#5346=IFCAXIS2PLACEMENT3D(#5347,#5348,#5349) ;
#5371=IFCAXIS2PLACEMENT3D(#5372,#5373,#5374) ;
#5376=IFCAXIS2PLACEMENT3D(#5377,#5378,#5379) ;
#5391=IFCAXIS2PLACEMENT3D(#5392,#5393,#5394) ;
#5401=IFCAXIS2PLACEMENT3D(#5402,#5403,#5404) ;
#5416=IFCAXIS2PLACEMENT3D(#5417,#5418,#5419) ;
#5437=IFCAXIS2PLACEMENT3D(#5438,#5439,#5440) ;
#5452=IFCAXIS2PLACEMENT3D(#5453,#5454,#5455) ;
#5475=IFCAXIS2PLACEMENT3D(#5476,#5477,#5478) ;
#5507=IFCAXIS2PLACEMENT3D(#5508,#5509,#5510) ;
#5512=IFCAXIS2PLACEMENT3D(#5513,#5514,#5515) ;
#5569=IFCAXIS2PLACEMENT3D(#5570,#5571,#5572) ;
#5589=IFCAXIS2PLACEMENT3D(#5590,#5591,#5592) ;
#5612=IFCAXIS2PLACEMENT3D(#5613,#5614,#5615) ;
#5635=IFCAXIS2PLACEMENT3D(#5636,#5637,#5638) ;
#5655=IFCAXIS2PLACEMENT3D(#5656,#5657,#5658) ;
#5680=IFCAXIS2PLACEMENT3D(#5681,#5682,#5683) ;
#5692=IFCAXIS2PLACEMENT3D(#5693,#5694,#5695) ;
#5707=IFCAXIS2PLACEMENT3D(#5708,#5709,#5710) ;
#5731=IFCAXIS2PLACEMENT3D(#5732,#5733,#5734) ;
#5736=IFCAXIS2PLACEMENT3D(#5737,#5738,#5739) ;
#5751=IFCAXIS2PLACEMENT3D(#5752,#5753,#5754) ;
#5757=IFCAXIS2PLACEMENT3D(#5758,#5759,#5760) ;
#5772=IFCAXIS2PLACEMENT3D(#5773,#5774,#5775) ;
#5790=IFCAXIS2PLACEMENT3D(#5791,#5792,#5793) ;
#5795=IFCAXIS2PLACEMENT3D(#5796,#5797,#5798) ;
#5810=IFCAXIS2PLACEMENT3D(#5811,#5812,#5813) ;
#5816=IFCAXIS2PLACEMENT3D(#5817,#5818,#5819) ;
#5834=IFCAXIS2PLACEMENT3D(#5835,#5836,#5837) ;
#5839=IFCAXIS2PLACEMENT3D(#5840,#5841,#5842) ;
#5854=IFCAXIS2PLACEMENT3D(#5855,#5856,#5857) ;
#5860=IFCAXIS2PLACEMENT3D(#5861,#5862,#5863) ;
#5875=IFCAXIS2PLACEMENT3D(#5876,#5877,#5878) ;
#5893=IFCAXIS2PLACEMENT3D(#5894,#5895,#5896) ;
#5898=IFCAXIS2PLACEMENT3D(#5899,#5900,#5901) ;
#5913=IFCAXIS2PLACEMENT3D(#5914,#5915,#5916) ;
#5919=IFCAXIS2PLACEMENT3D(#5920,#5921,#5922) ;
#5934=IFCAXIS2PLACEMENT3D(#5935,#5936,#5937) ;
#5952=IFCAXIS2PLACEMENT3D(#5953,#5954,#5955) ;
#5957=IFCAXIS2PLACEMENT3D(#5958,#5959,#5960) ;
#5972=IFCAXIS2PLACEMENT3D(#5973,#5974,#5975) ;
#5978=IFCAXIS2PLACEMENT3D(#5979,#5980,#5981) ;
#5993=IFCAXIS2PLACEMENT3D(#5994,#5995,#5996) ;
#6011=IFCAXIS2PLACEMENT3D(#6012,#6013,#6014) ;
#6016=IFCAXIS2PLACEMENT3D(#6017,#6018,#6019) ;
#6031=IFCAXIS2PLACEMENT3D(#6032,#6033,#6034) ;
#6037=IFCAXIS2PLACEMENT3D(#6038,#6039,#6040) ;
#6061=IFCAXIS2PLACEMENT3D(#6062,#6063,#6064) ;
#6067=IFCAXIS2PLACEMENT3D(#6068,#6069,#6070) ;
#6073=IFCAXIS2PLACEMENT3D(#6074,#6075,#6076) ;
#6085=IFCAXIS2PLACEMENT3D(#6086,#6087,#6088) ;
#6091=IFCAXIS2PLACEMENT3D(#6092,#6093,#6094) ;
#6104=IFCAXIS2PLACEMENT3D(#6105,#6106,#6107) ;
#6110=IFCAXIS2PLACEMENT3D(#6111,#6112,#6113) ;
#6118=IFCAXIS2PLACEMENT3D(#6119,#6120,#6121) ;
#6130=IFCAXIS2PLACEMENT3D(#6131,#6132,#6133) ;
#6143=IFCAXIS2PLACEMENT3D(#6144,#6145,#6146) ;
#6156=IFCAXIS2PLACEMENT3D(#6157,#6158,#6159) ;
#6162=IFCAXIS2PLACEMENT3D(#6163,#6164,#6165) ;
#6174=IFCAXIS2PLACEMENT3D(#6175,#6176,#6177) ;
#6180=IFCAXIS2PLACEMENT3D(#6181,#6182,#6183) ;
#6188=IFCAXIS2PLACEMENT3D(#6189,#6190,#6191) ;
#6200=IFCAXIS2PLACEMENT3D(#6201,#6202,#6203) ;
#6213=IFCAXIS2PLACEMENT3D(#6214,#6215,#6216) ;
#6226=IFCAXIS2PLACEMENT3D(#6227,#6228,#6229) ;
#6232=IFCAXIS2PLACEMENT3D(#6233,#6234,#6235) ;
#6244=IFCAXIS2PLACEMENT3D(#6245,#6246,#6247) ;
#6250=IFCAXIS2PLACEMENT3D(#6251,#6252,#6253) ;
#6262=IFCAXIS2PLACEMENT3D(#6263,#6264,#6265) ;
#6275=IFCAXIS2PLACEMENT3D(#6276,#6277,#6278) ;
#6288=IFCAXIS2PLACEMENT3D(#6289,#6290,#6291) ;
#6294=IFCAXIS2PLACEMENT3D(#6295,#6296,#6297) ;
#6306=IFCAXIS2PLACEMENT3D(#6307,#6308,#6309) ;
#6312=IFCAXIS2PLACEMENT3D(#6313,#6314,#6315) ;
#6324=IFCAXIS2PLACEMENT3D(#6325,#6326,#6327) ;
#6330=IFCAXIS2PLACEMENT3D(#6331,#6332,#6333) ;
#6343=IFCAXIS2PLACEMENT3D(#6344,#6345,#6346) ;
#6355=IFCAXIS2PLACEMENT3D(#6356,#6357,#6358) ;
#6366=IFCAXIS2PLACEMENT3D(#6367,#6368,#6369) ;
#6379=IFCAXIS2PLACEMENT3D(#6380,#6381,#6382) ;
#6391=IFCAXIS2PLACEMENT3D(#6392,#6393,#6394) ;
#6397=IFCAXIS2PLACEMENT3D(#6398,#6399,#6400) ;
#6409=IFCAXIS2PLACEMENT3D(#6410,#6411,#6412) ;
#6415=IFCAXIS2PLACEMENT3D(#6416,#6417,#6418) ;
#6427=IFCAXIS2PLACEMENT3D(#6428,#6429,#6430) ;
#6433=IFCAXIS2PLACEMENT3D(#6434,#6435,#6436) ;
#6446=IFCAXIS2PLACEMENT3D(#6447,#6448,#6449) ;
#6452=IFCAXIS2PLACEMENT3D(#6453,#6454,#6455) ;
#6458=IFCAXIS2PLACEMENT3D(#6459,#6460,#6461) ;
#6470=IFCAXIS2PLACEMENT3D(#6471,#6472,#6473) ;
#6476=IFCAXIS2PLACEMENT3D(#6477,#6478,#6479) ;
#6489=IFCAXIS2PLACEMENT3D(#6490,#6491,#6492) ;
#6501=IFCAXIS2PLACEMENT3D(#6502,#6503,#6504) ;
#6507=IFCAXIS2PLACEMENT3D(#6508,#6509,#6510) ;
#6515=IFCAXIS2PLACEMENT3D(#6516,#6517,#6518) ;
#6527=IFCAXIS2PLACEMENT3D(#6528,#6529,#6530) ;
#6540=IFCAXIS2PLACEMENT3D(#6541,#6542,#6543) ;
#6553=IFCAXIS2PLACEMENT3D(#6554,#6555,#6556) ;
#6559=IFCAXIS2PLACEMENT3D(#6560,#6561,#6562) ;
#6571=IFCAXIS2PLACEMENT3D(#6572,#6573,#6574) ;
#6577=IFCAXIS2PLACEMENT3D(#6578,#6579,#6580) ;
#6589=IFCAXIS2PLACEMENT3D(#6590,#6591,#6592) ;
#6595=IFCAXIS2PLACEMENT3D(#6596,#6597,#6598) ;
#6608=IFCAXIS2PLACEMENT3D(#6609,#6610,#6611) ;
#6620=IFCAXIS2PLACEMENT3D(#6621,#6622,#6623) ;
#6626=IFCAXIS2PLACEMENT3D(#6627,#6628,#6629) ;
#6634=IFCAXIS2PLACEMENT3D(#6635,#6636,#6637) ;
#6646=IFCAXIS2PLACEMENT3D(#6647,#6648,#6649) ;
#6659=IFCAXIS2PLACEMENT3D(#6660,#6661,#6662) ;
#6672=IFCAXIS2PLACEMENT3D(#6673,#6674,#6675) ;
#6678=IFCAXIS2PLACEMENT3D(#6679,#6680,#6681) ;
#6690=IFCAXIS2PLACEMENT3D(#6691,#6692,#6693) ;
#6702=IFCAXIS2PLACEMENT3D(#6703,#6704,#6705) ;
#6708=IFCAXIS2PLACEMENT3D(#6709,#6710,#6711) ;
#6720=IFCAXIS2PLACEMENT3D(#6721,#6722,#6723) ;
#6726=IFCAXIS2PLACEMENT3D(#6727,#6728,#6729) ;
#6739=IFCAXIS2PLACEMENT3D(#6740,#6741,#6742) ;
#6758=IFCAXIS2PLACEMENT3D(#6759,#6760,#6761) ;
#6775=IFCAXIS2PLACEMENT3D(#6776,#6777,#6778) ;
#6781=IFCAXIS2PLACEMENT3D(#6782,#6783,#6784) ;
#6795=IFCAXIS2PLACEMENT3D(#6796,#6797,#6798) ;
#6817=IFCAXIS2PLACEMENT3D(#6818,#6819,#6820) ;
#6830=IFCAXIS2PLACEMENT3D(#6831,#6832,#6833) ;
#6843=IFCAXIS2PLACEMENT3D(#6844,#6845,#6846) ;
#6849=IFCAXIS2PLACEMENT3D(#6850,#6851,#6852) ;
#6867=IFCAXIS2PLACEMENT3D(#6868,#6869,#6870) ;
#6886=IFCAXIS2PLACEMENT3D(#6887,#6888,#6889) ;
#6898=IFCAXIS2PLACEMENT3D(#6899,#6900,#6901) ;
#6916=IFCAXIS2PLACEMENT3D(#6917,#6918,#6919) ;
#6935=IFCAXIS2PLACEMENT3D(#6936,#6937,#6938) ;
#6947=IFCAXIS2PLACEMENT3D(#6948,#6949,#6950) ;
#6953=IFCAXIS2PLACEMENT3D(#6954,#6955,#6956) ;
#6972=IFCAXIS2PLACEMENT3D(#6973,#6974,#6975) ;
#6993=IFCAXIS2PLACEMENT3D(#6994,#6995,#6996) ;
#6999=IFCAXIS2PLACEMENT3D(#7000,#7001,#7002) ;
#7012=IFCAXIS2PLACEMENT3D(#7013,#7014,#7015) ;
#7026=IFCAXIS2PLACEMENT3D(#7027,#7028,#7029) ;
#7038=IFCAXIS2PLACEMENT3D(#7039,#7040,#7041) ;
#7051=IFCAXIS2PLACEMENT3D(#7052,#7053,#7054) ;
#7064=IFCAXIS2PLACEMENT3D(#7065,#7066,#7067) ;
#7078=IFCAXIS2PLACEMENT3D(#7079,#7080,#7081) ;
#7090=IFCAXIS2PLACEMENT3D(#7091,#7092,#7093) ;
#7103=IFCAXIS2PLACEMENT3D(#7104,#7105,#7106) ;
#7116=IFCAXIS2PLACEMENT3D(#7117,#7118,#7119) ;
#7130=IFCAXIS2PLACEMENT3D(#7131,#7132,#7133) ;
#7142=IFCAXIS2PLACEMENT3D(#7143,#7144,#7145) ;
#7154=IFCAXIS2PLACEMENT3D(#7155,#7156,#7157) ;
#7166=IFCAXIS2PLACEMENT3D(#7167,#7168,#7169) ;
#7185=IFCAXIS2PLACEMENT3D(#7186,#7187,#7188) ;
#71=IFCCOLOURRGB($,0.752941176471,0.752941176471,0.752941176471) ;
#189=IFCCOLOURRGB($,1.,1.,1.) ;
#18=IFCGEOMETRICREPRESENTATIONCONTEXT($,'Model',3,1.E-05,#14,$) ;
#44=IFCEDGECURVE(#41,#43,#36,.T.) ;
#51=IFCEDGECURVE(#50,#41,#45,.T.) ;
#58=IFCEDGECURVE(#57,#50,#52,.T.) ;
#63=IFCEDGECURVE(#43,#57,#59,.T.) ;
#89=IFCEDGECURVE(#86,#88,#81,.T.) ;
#96=IFCEDGECURVE(#95,#86,#90,.T.) ;
#103=IFCEDGECURVE(#102,#95,#97,.T.) ;
#108=IFCEDGECURVE(#88,#102,#104,.T.) ;
#126=IFCEDGECURVE(#57,#88,#122,.T.) ;
#131=IFCEDGECURVE(#43,#102,#127,.T.) ;
#149=IFCEDGECURVE(#50,#86,#145,.T.) ;
#167=IFCEDGECURVE(#41,#95,#163,.T.) ;
#210=IFCEDGECURVE(#207,#209,#202,.T.) ;
#217=IFCEDGECURVE(#216,#207,#211,.T.) ;
#224=IFCEDGECURVE(#223,#216,#218,.T.) ;
#229=IFCEDGECURVE(#209,#223,#225,.T.) ;
#251=IFCEDGECURVE(#248,#250,#243,.T.) ;
#258=IFCEDGECURVE(#257,#248,#252,.T.) ;
#265=IFCEDGECURVE(#264,#257,#259,.T.) ;
#270=IFCEDGECURVE(#250,#264,#266,.T.) ;
#288=IFCEDGECURVE(#223,#250,#284,.T.) ;
#293=IFCEDGECURVE(#209,#264,#289,.T.) ;
#311=IFCEDGECURVE(#216,#248,#307,.T.) ;
#329=IFCEDGECURVE(#207,#257,#325,.T.) ;
#368=IFCEDGECURVE(#365,#367,#360,.T.) ;
#375=IFCEDGECURVE(#374,#365,#369,.T.) ;
#382=IFCEDGECURVE(#381,#374,#376,.T.) ;
#387=IFCEDGECURVE(#367,#381,#383,.T.) ;
#409=IFCEDGECURVE(#406,#408,#401,.T.) ;
#416=IFCEDGECURVE(#415,#406,#410,.T.) ;
#423=IFCEDGECURVE(#422,#415,#417,.T.) ;
#428=IFCEDGECURVE(#408,#422,#424,.T.) ;
#446=IFCEDGECURVE(#381,#408,#442,.T.) ;
#451=IFCEDGECURVE(#367,#422,#447,.T.) ;
#469=IFCEDGECURVE(#374,#406,#465,.T.) ;
#487=IFCEDGECURVE(#365,#415,#483,.T.) ;
#526=IFCEDGECURVE(#523,#525,#518,.T.) ;
#533=IFCEDGECURVE(#532,#523,#527,.T.) ;
#540=IFCEDGECURVE(#539,#532,#534,.T.) ;
#545=IFCEDGECURVE(#525,#539,#541,.T.) ;
#567=IFCEDGECURVE(#564,#566,#559,.T.) ;
#574=IFCEDGECURVE(#573,#564,#568,.T.) ;
#581=IFCEDGECURVE(#580,#573,#575,.T.) ;
#586=IFCEDGECURVE(#566,#580,#582,.T.) ;
#604=IFCEDGECURVE(#539,#566,#600,.T.) ;
#609=IFCEDGECURVE(#525,#580,#605,.T.) ;
#627=IFCEDGECURVE(#532,#564,#623,.T.) ;
#645=IFCEDGECURVE(#523,#573,#641,.T.) ;
#684=IFCEDGECURVE(#681,#683,#676,.T.) ;
#691=IFCEDGECURVE(#690,#681,#685,.T.) ;
#698=IFCEDGECURVE(#697,#690,#692,.T.) ;
#703=IFCEDGECURVE(#683,#697,#699,.T.) ;
#725=IFCEDGECURVE(#722,#724,#717,.T.) ;
#732=IFCEDGECURVE(#731,#722,#726,.T.) ;
#739=IFCEDGECURVE(#738,#731,#733,.T.) ;
#744=IFCEDGECURVE(#724,#738,#740,.T.) ;
#762=IFCEDGECURVE(#697,#724,#758,.T.) ;
#767=IFCEDGECURVE(#683,#738,#763,.T.) ;
#785=IFCEDGECURVE(#690,#722,#781,.T.) ;
#803=IFCEDGECURVE(#681,#731,#799,.T.) ;
#842=IFCEDGECURVE(#839,#841,#834,.T.) ;
#849=IFCEDGECURVE(#848,#839,#843,.T.) ;
#856=IFCEDGECURVE(#855,#848,#850,.T.) ;
#861=IFCEDGECURVE(#841,#855,#857,.T.) ;
#883=IFCEDGECURVE(#880,#882,#875,.T.) ;
#890=IFCEDGECURVE(#889,#880,#884,.T.) ;
#897=IFCEDGECURVE(#896,#889,#891,.T.) ;
#902=IFCEDGECURVE(#882,#896,#898,.T.) ;
#920=IFCEDGECURVE(#855,#882,#916,.T.) ;
#925=IFCEDGECURVE(#841,#896,#921,.T.) ;
#943=IFCEDGECURVE(#848,#880,#939,.T.) ;
#961=IFCEDGECURVE(#839,#889,#957,.T.) ;
#1000=IFCEDGECURVE(#997,#999,#992,.T.) ;
#1007=IFCEDGECURVE(#1006,#997,#1001,.T.) ;
#1014=IFCEDGECURVE(#1013,#1006,#1008,.T.) ;
#1019=IFCEDGECURVE(#999,#1013,#1015,.T.) ;
#1041=IFCEDGECURVE(#1038,#1040,#1033,.T.) ;
#1048=IFCEDGECURVE(#1047,#1038,#1042,.T.) ;
#1055=IFCEDGECURVE(#1054,#1047,#1049,.T.) ;
#1060=IFCEDGECURVE(#1040,#1054,#1056,.T.) ;
#1078=IFCEDGECURVE(#1013,#1040,#1074,.T.) ;
#1083=IFCEDGECURVE(#999,#1054,#1079,.T.) ;
#1101=IFCEDGECURVE(#1006,#1038,#1097,.T.) ;
#1119=IFCEDGECURVE(#997,#1047,#1115,.T.) ;
#1158=IFCEDGECURVE(#1155,#1157,#1150,.T.) ;
#1165=IFCEDGECURVE(#1164,#1155,#1159,.T.) ;
#1172=IFCEDGECURVE(#1171,#1164,#1166,.T.) ;
#1177=IFCEDGECURVE(#1157,#1171,#1173,.T.) ;
#1199=IFCEDGECURVE(#1196,#1198,#1191,.T.) ;
#1206=IFCEDGECURVE(#1205,#1196,#1200,.T.) ;
#1213=IFCEDGECURVE(#1212,#1205,#1207,.T.) ;
#1218=IFCEDGECURVE(#1198,#1212,#1214,.T.) ;
#1236=IFCEDGECURVE(#1171,#1198,#1232,.T.) ;
#1241=IFCEDGECURVE(#1157,#1212,#1237,.T.) ;
#1259=IFCEDGECURVE(#1164,#1196,#1255,.T.) ;
#1277=IFCEDGECURVE(#1155,#1205,#1273,.T.) ;
#1316=IFCEDGECURVE(#1313,#1315,#1308,.T.) ;
#1323=IFCEDGECURVE(#1322,#1313,#1317,.T.) ;
#1330=IFCEDGECURVE(#1329,#1322,#1324,.T.) ;
#1335=IFCEDGECURVE(#1315,#1329,#1331,.T.) ;
#1357=IFCEDGECURVE(#1354,#1356,#1349,.T.) ;
#1364=IFCEDGECURVE(#1363,#1354,#1358,.T.) ;
#1371=IFCEDGECURVE(#1370,#1363,#1365,.T.) ;
#1376=IFCEDGECURVE(#1356,#1370,#1372,.T.) ;
#1394=IFCEDGECURVE(#1329,#1356,#1390,.T.) ;
#1399=IFCEDGECURVE(#1315,#1370,#1395,.T.) ;
#1417=IFCEDGECURVE(#1322,#1354,#1413,.T.) ;
#1435=IFCEDGECURVE(#1313,#1363,#1431,.T.) ;
#1474=IFCEDGECURVE(#1471,#1473,#1466,.T.) ;
#1481=IFCEDGECURVE(#1480,#1471,#1475,.T.) ;
#1488=IFCEDGECURVE(#1487,#1480,#1482,.T.) ;
#1493=IFCEDGECURVE(#1473,#1487,#1489,.T.) ;
#1515=IFCEDGECURVE(#1512,#1514,#1507,.T.) ;
#1522=IFCEDGECURVE(#1521,#1512,#1516,.T.) ;
#1529=IFCEDGECURVE(#1528,#1521,#1523,.T.) ;
#1534=IFCEDGECURVE(#1514,#1528,#1530,.T.) ;
#1552=IFCEDGECURVE(#1487,#1514,#1548,.T.) ;
#1557=IFCEDGECURVE(#1473,#1528,#1553,.T.) ;
#1575=IFCEDGECURVE(#1480,#1512,#1571,.T.) ;
#1593=IFCEDGECURVE(#1471,#1521,#1589,.T.) ;
#1632=IFCEDGECURVE(#1629,#1631,#1624,.T.) ;
#1639=IFCEDGECURVE(#1638,#1629,#1633,.T.) ;
#1646=IFCEDGECURVE(#1645,#1638,#1640,.T.) ;
#1651=IFCEDGECURVE(#1631,#1645,#1647,.T.) ;
#1673=IFCEDGECURVE(#1670,#1672,#1665,.T.) ;
#1680=IFCEDGECURVE(#1679,#1670,#1674,.T.) ;
#1687=IFCEDGECURVE(#1686,#1679,#1681,.T.) ;
#1692=IFCEDGECURVE(#1672,#1686,#1688,.T.) ;
#1710=IFCEDGECURVE(#1645,#1672,#1706,.T.) ;
#1715=IFCEDGECURVE(#1631,#1686,#1711,.T.) ;
#1733=IFCEDGECURVE(#1638,#1670,#1729,.T.) ;
#1751=IFCEDGECURVE(#1629,#1679,#1747,.T.) ;
#1790=IFCEDGECURVE(#1787,#1789,#1782,.T.) ;
#1797=IFCEDGECURVE(#1789,#1796,#1791,.T.) ;
#1804=IFCEDGECURVE(#1803,#1796,#1798,.T.) ;
#1809=IFCEDGECURVE(#1803,#1787,#1805,.T.) ;
#1831=IFCEDGECURVE(#1828,#1830,#1823,.T.) ;
#1836=IFCEDGECURVE(#1796,#1828,#1832,.T.) ;
#1841=IFCEDGECURVE(#1830,#1789,#1837,.T.) ;
#1861=IFCEDGECURVE(#1860,#1828,#1855,.T.) ;
#1866=IFCEDGECURVE(#1860,#1803,#1862,.T.) ;
#1886=IFCEDGECURVE(#1885,#1830,#1880,.T.) ;
#1891=IFCEDGECURVE(#1787,#1885,#1887,.T.) ;
#1909=IFCEDGECURVE(#1885,#1860,#1905,.T.) ;
#1948=IFCEDGECURVE(#1945,#1947,#1940,.T.) ;
#1955=IFCEDGECURVE(#1947,#1954,#1949,.T.) ;
#1962=IFCEDGECURVE(#1961,#1954,#1956,.T.) ;
#1967=IFCEDGECURVE(#1961,#1945,#1963,.T.) ;
#1989=IFCEDGECURVE(#1986,#1988,#1981,.T.) ;
#1994=IFCEDGECURVE(#1954,#1986,#1990,.T.) ;
#1999=IFCEDGECURVE(#1988,#1947,#1995,.T.) ;
#2019=IFCEDGECURVE(#2018,#1986,#2013,.T.) ;
#2024=IFCEDGECURVE(#2018,#1961,#2020,.T.) ;
#2044=IFCEDGECURVE(#2043,#1988,#2038,.T.) ;
#2049=IFCEDGECURVE(#1945,#2043,#2045,.T.) ;
#2067=IFCEDGECURVE(#2043,#2018,#2063,.T.) ;
#2106=IFCEDGECURVE(#2103,#2105,#2098,.T.) ;
#2113=IFCEDGECURVE(#2105,#2112,#2107,.T.) ;
#2120=IFCEDGECURVE(#2119,#2112,#2114,.T.) ;
#2125=IFCEDGECURVE(#2119,#2103,#2121,.T.) ;
#2147=IFCEDGECURVE(#2144,#2146,#2139,.T.) ;
#2152=IFCEDGECURVE(#2112,#2144,#2148,.T.) ;
#2157=IFCEDGECURVE(#2146,#2105,#2153,.T.) ;
#2177=IFCEDGECURVE(#2176,#2144,#2171,.T.) ;
#2182=IFCEDGECURVE(#2176,#2119,#2178,.T.) ;
#2202=IFCEDGECURVE(#2201,#2146,#2196,.T.) ;
#2207=IFCEDGECURVE(#2103,#2201,#2203,.T.) ;
#2225=IFCEDGECURVE(#2201,#2176,#2221,.T.) ;
#2264=IFCEDGECURVE(#2261,#2263,#2256,.T.) ;
#2271=IFCEDGECURVE(#2263,#2270,#2265,.T.) ;
#2278=IFCEDGECURVE(#2277,#2270,#2272,.T.) ;
#2283=IFCEDGECURVE(#2277,#2261,#2279,.T.) ;
#2305=IFCEDGECURVE(#2302,#2304,#2297,.T.) ;
#2310=IFCEDGECURVE(#2270,#2302,#2306,.T.) ;
#2315=IFCEDGECURVE(#2304,#2263,#2311,.T.) ;
#2335=IFCEDGECURVE(#2334,#2302,#2329,.T.) ;
#2340=IFCEDGECURVE(#2334,#2277,#2336,.T.) ;
#2360=IFCEDGECURVE(#2359,#2304,#2354,.T.) ;
#2365=IFCEDGECURVE(#2261,#2359,#2361,.T.) ;
#2383=IFCEDGECURVE(#2359,#2334,#2379,.T.) ;
#2422=IFCEDGECURVE(#2419,#2421,#2414,.T.) ;
#2429=IFCEDGECURVE(#2421,#2428,#2423,.T.) ;
#2436=IFCEDGECURVE(#2435,#2428,#2430,.T.) ;
#2441=IFCEDGECURVE(#2435,#2419,#2437,.T.) ;
#2463=IFCEDGECURVE(#2460,#2462,#2455,.T.) ;
#2468=IFCEDGECURVE(#2428,#2460,#2464,.T.) ;
#2473=IFCEDGECURVE(#2462,#2421,#2469,.T.) ;
#2493=IFCEDGECURVE(#2492,#2460,#2487,.T.) ;
#2498=IFCEDGECURVE(#2492,#2435,#2494,.T.) ;
#2518=IFCEDGECURVE(#2517,#2462,#2512,.T.) ;
#2523=IFCEDGECURVE(#2419,#2517,#2519,.T.) ;
#2541=IFCEDGECURVE(#2517,#2492,#2537,.T.) ;
#2580=IFCEDGECURVE(#2577,#2579,#2572,.T.) ;
#2587=IFCEDGECURVE(#2579,#2586,#2581,.T.) ;
#2594=IFCEDGECURVE(#2593,#2586,#2588,.T.) ;
#2599=IFCEDGECURVE(#2577,#2593,#2595,.T.) ;
#2619=IFCEDGECURVE(#2586,#2618,#2613,.T.) ;
#2626=IFCEDGECURVE(#2625,#2618,#2620,.T.) ;
#2631=IFCEDGECURVE(#2625,#2593,#2627,.T.) ;
#2653=IFCEDGECURVE(#2650,#2652,#2645,.T.) ;
#2658=IFCEDGECURVE(#2652,#2579,#2654,.T.) ;
#2663=IFCEDGECURVE(#2577,#2650,#2659,.T.) ;
#2681=IFCEDGECURVE(#2618,#2652,#2677,.T.) ;
#2699=IFCEDGECURVE(#2650,#2625,#2695,.T.) ;
#2738=IFCEDGECURVE(#2735,#2737,#2730,.T.) ;
#2745=IFCEDGECURVE(#2744,#2735,#2739,.T.) ;
#2752=IFCEDGECURVE(#2744,#2751,#2746,.T.) ;
#2757=IFCEDGECURVE(#2751,#2737,#2753,.T.) ;
#2777=IFCEDGECURVE(#2776,#2744,#2771,.T.) ;
#2784=IFCEDGECURVE(#2776,#2783,#2778,.T.) ;
#2791=IFCEDGECURVE(#2790,#2783,#2785,.T.) ;
#2798=IFCEDGECURVE(#2790,#2797,#2792,.T.) ;
#2805=IFCEDGECURVE(#2797,#2804,#2799,.T.) ;
#2812=IFCEDGECURVE(#2804,#2811,#2806,.T.) ;
#2817=IFCEDGECURVE(#2811,#2751,#2813,.T.) ;
#2844=IFCEDGECURVE(#2841,#2843,#2835,.T.) ;
#2849=IFCEDGECURVE(#2735,#2841,#2845,.T.) ;
#2856=IFCEDGECURVE(#2737,#2855,#2850,.T.) ;
#2864=IFCEDGECURVE(#2863,#2855,#2857,.T.) ;
#2869=IFCEDGECURVE(#2843,#2863,#2865,.T.) ;
#2893=IFCEDGECURVE(#2890,#2892,#2885,.T.) ;
#2900=IFCEDGECURVE(#2890,#2899,#2894,.T.) ;
#2907=IFCEDGECURVE(#2906,#2899,#2901,.T.) ;
#2914=IFCEDGECURVE(#2913,#2906,#2908,.T.) ;
#2921=IFCEDGECURVE(#2920,#2913,#2915,.T.) ;
#2928=IFCEDGECURVE(#2927,#2920,#2922,.T.) ;
#2936=IFCEDGECURVE(#2935,#2927,#2929,.T.) ;
#2943=IFCEDGECURVE(#2935,#2942,#2937,.T.) ;
#2951=IFCEDGECURVE(#2950,#2942,#2944,.T.) ;
#2956=IFCEDGECURVE(#2950,#2892,#2952,.T.) ;
#2980=IFCEDGECURVE(#2920,#2776,#2976,.T.) ;
#2985=IFCEDGECURVE(#2783,#2913,#2981,.T.) ;
#3003=IFCEDGECURVE(#2855,#2950,#2999,.T.) ;
#3008=IFCEDGECURVE(#2942,#2863,#3004,.F.) ;
#3026=IFCEDGECURVE(#2843,#2935,#3022,.T.) ;
#3031=IFCEDGECURVE(#2927,#2841,#3027,.F.) ;
#3051=IFCEDGECURVE(#2899,#3050,#3045,.T.) ;
#3056=IFCEDGECURVE(#2804,#2890,#3052,.T.) ;
#3062=IFCEDGECURVE(#2797,#3050,#3057,.T.) ;
#3083=IFCEDGECURVE(#2906,#3082,#3077,.T.) ;
#3089=IFCEDGECURVE(#2790,#3082,#3084,.T.) ;
#3108=IFCEDGECURVE(#3082,#3050,#3104,.T.) ;
#3154=IFCEDGECURVE(#2892,#2811,#3150,.T.) ;
#3208=IFCEDGECURVE(#3205,#3207,#3200,.T.) ;
#3215=IFCEDGECURVE(#3207,#3214,#3209,.T.) ;
#3222=IFCEDGECURVE(#3221,#3214,#3216,.T.) ;
#3227=IFCEDGECURVE(#3221,#3205,#3223,.T.) ;
#3247=IFCEDGECURVE(#3214,#3246,#3241,.T.) ;
#3254=IFCEDGECURVE(#3253,#3246,#3248,.T.) ;
#3259=IFCEDGECURVE(#3221,#3253,#3255,.T.) ;
#3279=IFCEDGECURVE(#3246,#3278,#3273,.T.) ;
#3286=IFCEDGECURVE(#3285,#3278,#3280,.T.) ;
#3291=IFCEDGECURVE(#3285,#3253,#3287,.T.) ;
#3309=IFCEDGECURVE(#3207,#3278,#3305,.T.) ;
#3314=IFCEDGECURVE(#3205,#3285,#3310,.T.) ;
#3366=IFCEDGECURVE(#3363,#3365,#3358,.T.) ;
#3373=IFCEDGECURVE(#3372,#3365,#3367,.T.) ;
#3380=IFCEDGECURVE(#3379,#3372,#3374,.T.) ;
#3385=IFCEDGECURVE(#3363,#3379,#3381,.T.) ;
#3405=IFCEDGECURVE(#3379,#3404,#3399,.T.) ;
#3412=IFCEDGECURVE(#3372,#3411,#3406,.T.) ;
#3417=IFCEDGECURVE(#3404,#3411,#3413,.T.) ;
#3437=IFCEDGECURVE(#3363,#3436,#3431,.T.) ;
#3442=IFCEDGECURVE(#3404,#3436,#3438,.T.) ;
#3462=IFCEDGECURVE(#3365,#3461,#3456,.T.) ;
#3467=IFCEDGECURVE(#3436,#3461,#3463,.T.) ;
#3485=IFCEDGECURVE(#3461,#3411,#3481,.T.) ;
#3524=IFCEDGECURVE(#3521,#3523,#3516,.T.) ;
#3531=IFCEDGECURVE(#3521,#3530,#3525,.T.) ;
#3538=IFCEDGECURVE(#3530,#3537,#3532,.T.) ;
#3543=IFCEDGECURVE(#3523,#3537,#3539,.T.) ;
#3563=IFCEDGECURVE(#3530,#3562,#3557,.T.) ;
#3570=IFCEDGECURVE(#3562,#3569,#3564,.T.) ;
#3575=IFCEDGECURVE(#3569,#3537,#3571,.T.) ;
#3595=IFCEDGECURVE(#3562,#3594,#3589,.T.) ;
#3602=IFCEDGECURVE(#3594,#3601,#3596,.T.) ;
#3607=IFCEDGECURVE(#3601,#3569,#3603,.T.) ;
#3625=IFCEDGECURVE(#3594,#3521,#3621,.T.) ;
#3630=IFCEDGECURVE(#3523,#3601,#3626,.T.) ;
#3683=IFCEDGECURVE(#3680,#3682,#3674,.T.) ;
#3691=IFCEDGECURVE(#3682,#3690,#3684,.T.) ;
#3697=IFCEDGECURVE(#3690,#3680,#3692,.T.) ;
#3716=IFCEDGECURVE(#3680,#3715,#3710,.T.) ;
#3724=IFCEDGECURVE(#3715,#3723,#3717,.T.) ;
#3729=IFCEDGECURVE(#3723,#3682,#3725,.F.) ;
#3752=IFCEDGECURVE(#3749,#3751,#3743,.T.) ;
#3760=IFCEDGECURVE(#3749,#3759,#3753,.F.) ;
#3766=IFCEDGECURVE(#3759,#3751,#3761,.F.) ;
#3788=IFCEDGECURVE(#3785,#3787,#3779,.T.) ;
#3795=IFCEDGECURVE(#3787,#3794,#3789,.F.) ;
#3803=IFCEDGECURVE(#3802,#3794,#3796,.T.) ;
#3808=IFCEDGECURVE(#3802,#3785,#3804,.T.) ;
#3831=IFCEDGECURVE(#3828,#3830,#3822,.T.) ;
#3838=IFCEDGECURVE(#3830,#3837,#3832,.F.) ;
#3846=IFCEDGECURVE(#3845,#3837,#3839,.F.) ;
#3851=IFCEDGECURVE(#3845,#3828,#3847,.T.) ;
#3874=IFCEDGECURVE(#3871,#3873,#3865,.T.) ;
#3879=IFCEDGECURVE(#3871,#3751,#3875,.T.) ;
#3884=IFCEDGECURVE(#3759,#3873,#3880,.F.) ;
#3907=IFCEDGECURVE(#3904,#3906,#3898,.T.) ;
#3914=IFCEDGECURVE(#3906,#3913,#3908,.F.) ;
#3922=IFCEDGECURVE(#3921,#3913,#3915,.F.) ;
#3927=IFCEDGECURVE(#3921,#3904,#3923,.T.) ;
#3950=IFCEDGECURVE(#3947,#3949,#3941,.T.) ;
#3957=IFCEDGECURVE(#3947,#3956,#3951,.T.) ;
#3965=IFCEDGECURVE(#3964,#3956,#3958,.T.) ;
#3970=IFCEDGECURVE(#3964,#3949,#3966,.F.) ;
#3991=IFCEDGECURVE(#3787,#3990,#3984,.T.) ;
#3997=IFCEDGECURVE(#3785,#3990,#3992,.F.) ;
#4019=IFCEDGECURVE(#4016,#4018,#4010,.T.) ;
#4026=IFCEDGECURVE(#4016,#4025,#4020,.T.) ;
#4033=IFCEDGECURVE(#4032,#4025,#4027,.T.) ;
#4040=IFCEDGECURVE(#4039,#4032,#4034,.T.) ;
#4048=IFCEDGECURVE(#4047,#4039,#4041,.T.) ;
#4053=IFCEDGECURVE(#4047,#4018,#4049,.T.) ;
#4078=IFCEDGECURVE(#4075,#4077,#4069,.F.) ;
#4085=IFCEDGECURVE(#4075,#4084,#4079,.F.) ;
#4093=IFCEDGECURVE(#4092,#4084,#4086,.T.) ;
#4098=IFCEDGECURVE(#4092,#4077,#4094,.T.) ;
#4121=IFCEDGECURVE(#4118,#4120,#4112,.T.) ;
#4129=IFCEDGECURVE(#4120,#4128,#4122,.T.) ;
#4135=IFCEDGECURVE(#4128,#4118,#4130,.T.) ;
#4154=IFCEDGECURVE(#4128,#4153,#4148,.F.) ;
#4162=IFCEDGECURVE(#4161,#4153,#4155,.F.) ;
#4167=IFCEDGECURVE(#4161,#4118,#4163,.T.) ;
#4188=IFCEDGECURVE(#3949,#4187,#4181,.T.) ;
#4194=IFCEDGECURVE(#3947,#4187,#4189,.T.) ;
#4216=IFCEDGECURVE(#4213,#4215,#4207,.T.) ;
#4224=IFCEDGECURVE(#4223,#4215,#4217,.T.) ;
#4230=IFCEDGECURVE(#4223,#4213,#4225,.T.) ;
#4252=IFCEDGECURVE(#4249,#4251,#4243,.F.) ;
#4259=IFCEDGECURVE(#4249,#4258,#4253,.T.) ;
#4267=IFCEDGECURVE(#4266,#4258,#4260,.T.) ;
#4272=IFCEDGECURVE(#4266,#4251,#4268,.F.) ;
#4293=IFCEDGECURVE(#4292,#3828,#4286,.T.) ;
#4299=IFCEDGECURVE(#4292,#3830,#4294,.T.) ;
#4320=IFCEDGECURVE(#4317,#4319,#4312,.T.) ;
#4328=IFCEDGECURVE(#4317,#4327,#4321,.T.) ;
#4335=IFCEDGECURVE(#4327,#4334,#4329,.T.) ;
#4341=IFCEDGECURVE(#4319,#4334,#4336,.T.) ;
#4361=IFCEDGECURVE(#4327,#4360,#4355,.T.) ;
#4368=IFCEDGECURVE(#4360,#4367,#4362,.T.) ;
#4373=IFCEDGECURVE(#4334,#4367,#4369,.T.) ;
#4394=IFCEDGECURVE(#4360,#4393,#4387,.T.) ;
#4401=IFCEDGECURVE(#4393,#4400,#4395,.T.) ;
#4407=IFCEDGECURVE(#4367,#4400,#4402,.T.) ;
#4427=IFCEDGECURVE(#4393,#4426,#4421,.T.) ;
#4434=IFCEDGECURVE(#4426,#4433,#4428,.T.) ;
#4439=IFCEDGECURVE(#4400,#4433,#4435,.T.) ;
#4460=IFCEDGECURVE(#4426,#4459,#4453,.T.) ;
#4467=IFCEDGECURVE(#4459,#4466,#4461,.T.) ;
#4473=IFCEDGECURVE(#4433,#4466,#4468,.T.) ;
#4493=IFCEDGECURVE(#4459,#4492,#4487,.T.) ;
#4500=IFCEDGECURVE(#4492,#4499,#4494,.T.) ;
#4505=IFCEDGECURVE(#4466,#4499,#4501,.T.) ;
#4526=IFCEDGECURVE(#4492,#4525,#4519,.T.) ;
#4533=IFCEDGECURVE(#4525,#4532,#4527,.T.) ;
#4539=IFCEDGECURVE(#4499,#4532,#4534,.T.) ;
#4557=IFCEDGECURVE(#4525,#4317,#4553,.T.) ;
#4562=IFCEDGECURVE(#4532,#4319,#4558,.T.) ;
#4597=IFCEDGECURVE(#4292,#3990,#4593,.T.) ;
#4602=IFCEDGECURVE(#3830,#3785,#4598,.T.) ;
#4620=IFCEDGECURVE(#4077,#4266,#4616,.F.) ;
#4625=IFCEDGECURVE(#4251,#4092,#4621,.F.) ;
#4645=IFCEDGECURVE(#4223,#4644,#4639,.T.) ;
#4653=IFCEDGECURVE(#4652,#4644,#4646,.F.) ;
#4658=IFCEDGECURVE(#4213,#4652,#4654,.T.) ;
#4678=IFCEDGECURVE(#4128,#4677,#4672,.T.) ;
#4685=IFCEDGECURVE(#4684,#4677,#4679,.T.) ;
#4690=IFCEDGECURVE(#4153,#4684,#4686,.F.) ;
#4710=IFCEDGECURVE(#4120,#4709,#4704,.T.) ;
#4716=IFCEDGECURVE(#4677,#4709,#4711,.F.) ;
#4736=IFCEDGECURVE(#4735,#4120,#4730,.F.) ;
#4743=IFCEDGECURVE(#4735,#4742,#4737,.T.) ;
#4750=IFCEDGECURVE(#4749,#4742,#4744,.T.) ;
#4757=IFCEDGECURVE(#4756,#4749,#4751,.T.) ;
#4764=IFCEDGECURVE(#4763,#4756,#4758,.F.) ;
#4771=IFCEDGECURVE(#4770,#4763,#4765,.T.) ;
#4776=IFCEDGECURVE(#4709,#4770,#4772,.T.) ;
#4798=IFCEDGECURVE(#3949,#3871,#4794,.T.) ;
#4806=IFCEDGECURVE(#4805,#3871,#4799,.F.) ;
#4811=IFCEDGECURVE(#4187,#4805,#4807,.T.) ;
#4829=IFCEDGECURVE(#3837,#3802,#4825,.T.) ;
#4851=IFCEDGECURVE(#4848,#4850,#4843,.F.) ;
#4858=IFCEDGECURVE(#4857,#4848,#4852,.F.) ;
#4865=IFCEDGECURVE(#4864,#4857,#4859,.F.) ;
#4872=IFCEDGECURVE(#4871,#4864,#4866,.F.) ;
#4879=IFCEDGECURVE(#4878,#4871,#4873,.F.) ;
#4886=IFCEDGECURVE(#4885,#4878,#4880,.F.) ;
#4893=IFCEDGECURVE(#4892,#4885,#4887,.F.) ;
#4898=IFCEDGECURVE(#3873,#4892,#4894,.F.) ;
#4903=IFCEDGECURVE(#3794,#3759,#4899,.F.) ;
#4910=IFCEDGECURVE(#4909,#3787,#4904,.F.) ;
#4915=IFCEDGECURVE(#4084,#4909,#4911,.F.) ;
#4922=IFCEDGECURVE(#4921,#4075,#4916,.F.) ;
#4927=IFCEDGECURVE(#4850,#4921,#4923,.F.) ;
#4971=IFCEDGECURVE(#4968,#4970,#4963,.T.) ;
#4978=IFCEDGECURVE(#4977,#4968,#4972,.T.) ;
#4985=IFCEDGECURVE(#4984,#4977,#4979,.T.) ;
#4992=IFCEDGECURVE(#4991,#4984,#4986,.T.) ;
#4999=IFCEDGECURVE(#4998,#4991,#4993,.T.) ;
#5006=IFCEDGECURVE(#5005,#4998,#5000,.T.) ;
#5013=IFCEDGECURVE(#5005,#5012,#5007,.T.) ;
#5020=IFCEDGECURVE(#5012,#5019,#5014,.T.) ;
#5027=IFCEDGECURVE(#5026,#5019,#5021,.T.) ;
#5034=IFCEDGECURVE(#5026,#5033,#5028,.T.) ;
#5039=IFCEDGECURVE(#4118,#5033,#5035,.T.) ;
#5046=IFCEDGECURVE(#5045,#4161,#5040,.T.) ;
#5051=IFCEDGECURVE(#4215,#5045,#5047,.T.) ;
#5058=IFCEDGECURVE(#5057,#4215,#5052,.T.) ;
#5063=IFCEDGECURVE(#4258,#5057,#5059,.T.) ;
#5068=IFCEDGECURVE(#3690,#4249,#5064,.T.) ;
#5073=IFCEDGECURVE(#3828,#3690,#5069,.T.) ;
#5078=IFCEDGECURVE(#3956,#3845,#5074,.T.) ;
#5085=IFCEDGECURVE(#5084,#3947,#5079,.T.) ;
#5092=IFCEDGECURVE(#5091,#5084,#5086,.T.) ;
#5099=IFCEDGECURVE(#5091,#5098,#5093,.T.) ;
#5106=IFCEDGECURVE(#5105,#5098,#5100,.T.) ;
#5113=IFCEDGECURVE(#5112,#5105,#5107,.T.) ;
#5120=IFCEDGECURVE(#5112,#5119,#5114,.T.) ;
#5127=IFCEDGECURVE(#5119,#5126,#5121,.T.) ;
#5132=IFCEDGECURVE(#5126,#3904,#5128,.T.) ;
#5137=IFCEDGECURVE(#4970,#3921,#5133,.T.) ;
#5183=IFCEDGECURVE(#4032,#5005,#5179,.T.) ;
#5188=IFCEDGECURVE(#4025,#5012,#5184,.T.) ;
#5208=IFCEDGECURVE(#5019,#5207,#5202,.T.) ;
#5215=IFCEDGECURVE(#5214,#5207,#5209,.T.) ;
#5220=IFCEDGECURVE(#5214,#5026,#5216,.T.) ;
#5242=IFCEDGECURVE(#5239,#5241,#5234,.T.) ;
#5247=IFCEDGECURVE(#4749,#5241,#5243,.T.) ;
#5252=IFCEDGECURVE(#4742,#5214,#5248,.T.) ;
#5259=IFCEDGECURVE(#5207,#5258,#5253,.T.) ;
#5267=IFCEDGECURVE(#5266,#5258,#5260,.T.) ;
#5274=IFCEDGECURVE(#5273,#5266,#5268,.T.) ;
#5282=IFCEDGECURVE(#5281,#5273,#5275,.T.) ;
#5287=IFCEDGECURVE(#5239,#5281,#5283,.T.) ;
#5311=IFCEDGECURVE(#4018,#5266,#5307,.F.) ;
#5316=IFCEDGECURVE(#5273,#4047,#5312,.T.) ;
#5334=IFCEDGECURVE(#5258,#4016,#5330,.T.) ;
#5354=IFCEDGECURVE(#4998,#5239,#5350,.T.) ;
#5359=IFCEDGECURVE(#4039,#5281,#5355,.F.) ;
#5380=IFCEDGECURVE(#5033,#4735,#5375,.T.) ;
#5399=IFCEDGECURVE(#5241,#4991,#5395,.T.) ;
#5405=IFCEDGECURVE(#4984,#4756,#5400,.T.) ;
#5428=IFCEDGECURVE(#5425,#5427,#5420,.T.) ;
#5435=IFCEDGECURVE(#5434,#5427,#5429,.T.) ;
#5443=IFCEDGECURVE(#5442,#5434,#5436,.F.) ;
#5450=IFCEDGECURVE(#5449,#5442,#5444,.T.) ;
#5458=IFCEDGECURVE(#5457,#5449,#5451,.F.) ;
#5463=IFCEDGECURVE(#5457,#5425,#5459,.T.) ;
#5485=IFCEDGECURVE(#5484,#5442,#5479,.T.) ;
#5492=IFCEDGECURVE(#5491,#5484,#5486,.T.) ;
#5497=IFCEDGECURVE(#5449,#5491,#5493,.F.) ;
#5518=IFCEDGECURVE(#5517,#5484,#5511,.F.) ;
#5525=IFCEDGECURVE(#5524,#5517,#5519,.T.) ;
#5532=IFCEDGECURVE(#5531,#5524,#5526,.T.) ;
#5539=IFCEDGECURVE(#5538,#5531,#5533,.T.) ;
#5546=IFCEDGECURVE(#5545,#5538,#5540,.T.) ;
#5553=IFCEDGECURVE(#5545,#5552,#5547,.T.) ;
#5560=IFCEDGECURVE(#5559,#5552,#5554,.T.) ;
#5567=IFCEDGECURVE(#5559,#5566,#5561,.T.) ;
#5573=IFCEDGECURVE(#5491,#5566,#5568,.F.) ;
#5597=IFCEDGECURVE(#5098,#5524,#5593,.T.) ;
#5602=IFCEDGECURVE(#5531,#5091,#5598,.T.) ;
#5620=IFCEDGECURVE(#5425,#5112,#5616,.T.) ;
#5625=IFCEDGECURVE(#5427,#5105,#5621,.T.) ;
#5643=IFCEDGECURVE(#5434,#5517,#5639,.F.) ;
#5663=IFCEDGECURVE(#5119,#5559,#5659,.T.) ;
#5668=IFCEDGECURVE(#5566,#5457,#5664,.T.) ;
#5690=IFCEDGECURVE(#5689,#5538,#5684,.T.) ;
#5696=IFCEDGECURVE(#5084,#5689,#5691,.T.) ;
#5715=IFCEDGECURVE(#5552,#5126,#5711,.T.) ;
#5720=IFCEDGECURVE(#3906,#5545,#5716,.T.) ;
#5742=IFCEDGECURVE(#5741,#4161,#5735,.F.) ;
#5749=IFCEDGECURVE(#5748,#5741,#5743,.T.) ;
#5755=IFCEDGECURVE(#4857,#5748,#5750,.F.) ;
#5763=IFCEDGECURVE(#5762,#4848,#5756,.F.) ;
#5770=IFCEDGECURVE(#5769,#5762,#5764,.T.) ;
#5776=IFCEDGECURVE(#5045,#5769,#5771,.F.) ;
#5801=IFCEDGECURVE(#5800,#4249,#5794,.T.) ;
#5808=IFCEDGECURVE(#5807,#5800,#5802,.T.) ;
#5814=IFCEDGECURVE(#4084,#5807,#5809,.T.) ;
#5820=IFCEDGECURVE(#3715,#4909,#5815,.T.) ;
#5845=IFCEDGECURVE(#5844,#5057,#5838,.T.) ;
#5852=IFCEDGECURVE(#5851,#5844,#5846,.T.) ;
#5858=IFCEDGECURVE(#4921,#5851,#5853,.T.) ;
#5866=IFCEDGECURVE(#5865,#4075,#5859,.T.) ;
#5873=IFCEDGECURVE(#5872,#5865,#5867,.T.) ;
#5879=IFCEDGECURVE(#4258,#5872,#5874,.T.) ;
#5904=IFCEDGECURVE(#5903,#3921,#5897,.T.) ;
#5911=IFCEDGECURVE(#5903,#5910,#5905,.T.) ;
#5917=IFCEDGECURVE(#4892,#5910,#5912,.T.) ;
#5925=IFCEDGECURVE(#5924,#4885,#5918,.T.) ;
#5932=IFCEDGECURVE(#5924,#5931,#5926,.T.) ;
#5938=IFCEDGECURVE(#4970,#5931,#5933,.T.) ;
#5963=IFCEDGECURVE(#5962,#4968,#5956,.T.) ;
#5970=IFCEDGECURVE(#5962,#5969,#5964,.T.) ;
#5976=IFCEDGECURVE(#4878,#5969,#5971,.T.) ;
#5984=IFCEDGECURVE(#5983,#4871,#5977,.T.) ;
#5991=IFCEDGECURVE(#5983,#5990,#5985,.T.) ;
#5997=IFCEDGECURVE(#4977,#5990,#5992,.T.) ;
#6022=IFCEDGECURVE(#3794,#6021,#6015,.F.) ;
#6029=IFCEDGECURVE(#3749,#6028,#6023,.T.) ;
#6035=IFCEDGECURVE(#3956,#6028,#6030,.F.) ;
#6043=IFCEDGECURVE(#6042,#3845,#6036,.F.) ;
#6048=IFCEDGECURVE(#6042,#6021,#6044,.T.) ;
#6071=IFCEDGECURVE(#5990,#4763,#6066,.T.) ;
#6077=IFCEDGECURVE(#4763,#4977,#6072,.T.) ;
#6095=IFCEDGECURVE(#5983,#4770,#6090,.T.) ;
#6116=IFCEDGECURVE(#5962,#6115,#6109,.T.) ;
#6122=IFCEDGECURVE(#4968,#6115,#6117,.F.) ;
#6141=IFCEDGECURVE(#6115,#6140,#6135,.T.) ;
#6147=IFCEDGECURVE(#5969,#6140,#6142,.T.) ;
#6166=IFCEDGECURVE(#6140,#4878,#6161,.T.) ;
#6186=IFCEDGECURVE(#5924,#6185,#6179,.T.) ;
#6192=IFCEDGECURVE(#4885,#6185,#6187,.F.) ;
#6211=IFCEDGECURVE(#6185,#6210,#6205,.T.) ;
#6217=IFCEDGECURVE(#5931,#6210,#6212,.T.) ;
#6236=IFCEDGECURVE(#6210,#4970,#6231,.T.) ;
#6254=IFCEDGECURVE(#5903,#3913,#6249,.T.) ;
#6273=IFCEDGECURVE(#3913,#6272,#6267,.T.) ;
#6279=IFCEDGECURVE(#5910,#6272,#6274,.T.) ;
#6298=IFCEDGECURVE(#6272,#4892,#6293,.T.) ;
#6316=IFCEDGECURVE(#6042,#3837,#6311,.T.) ;
#6334=IFCEDGECURVE(#6021,#3802,#6329,.T.) ;
#6364=IFCEDGECURVE(#3751,#3964,#6360,.T.) ;
#6370=IFCEDGECURVE(#6028,#3964,#6365,.T.) ;
#6401=IFCEDGECURVE(#4909,#3723,#6396,.F.) ;
#6419=IFCEDGECURVE(#4251,#5800,#6414,.T.) ;
#6437=IFCEDGECURVE(#4092,#5807,#6432,.T.) ;
#6456=IFCEDGECURVE(#4684,#5748,#6451,.T.) ;
#6462=IFCEDGECURVE(#4684,#4857,#6457,.T.) ;
#6480=IFCEDGECURVE(#4153,#5741,#6475,.T.) ;
#6513=IFCEDGECURVE(#4848,#6512,#6506,.F.) ;
#6519=IFCEDGECURVE(#5762,#6512,#6514,.T.) ;
#6538=IFCEDGECURVE(#6512,#6537,#6532,.F.) ;
#6544=IFCEDGECURVE(#5769,#6537,#6539,.T.) ;
#6563=IFCEDGECURVE(#6537,#5045,#6558,.T.) ;
#6581=IFCEDGECURVE(#4266,#5872,#6576,.T.) ;
#6599=IFCEDGECURVE(#4077,#5865,#6594,.T.) ;
#6632=IFCEDGECURVE(#6631,#5851,#6625,.T.) ;
#6638=IFCEDGECURVE(#6631,#4921,#6633,.T.) ;
#6657=IFCEDGECURVE(#6656,#6631,#6651,.F.) ;
#6663=IFCEDGECURVE(#6656,#5844,#6658,.T.) ;
#6682=IFCEDGECURVE(#5057,#6656,#6677,.F.) ;
#6712=IFCEDGECURVE(#4871,#4770,#6707,.F.) ;
#6730=IFCEDGECURVE(#4864,#4677,#6725,.T.) ;
#6748=IFCEDGECURVE(#6537,#4223,#6744,.F.) ;
#6766=IFCEDGECURVE(#4644,#6512,#6762,.T.) ;
#6785=IFCEDGECURVE(#4850,#4644,#6780,.T.) ;
#6803=IFCEDGECURVE(#3682,#4292,#6799,.F.) ;
#6808=IFCEDGECURVE(#3990,#3723,#6804,.T.) ;
#6853=IFCEDGECURVE(#4850,#4652,#6848,.T.) ;
#6858=IFCEDGECURVE(#6631,#4652,#6854,.T.) ;
#6876=IFCEDGECURVE(#4213,#6656,#6872,.F.) ;
#6907=IFCEDGECURVE(#6140,#6185,#6903,.T.) ;
#6925=IFCEDGECURVE(#6210,#6115,#6921,.F.) ;
#6957=IFCEDGECURVE(#4805,#3873,#6952,.T.) ;
#6962=IFCEDGECURVE(#6272,#4805,#6958,.T.) ;
#6980=IFCEDGECURVE(#4187,#5689,#6976,.F.) ;
#7003=IFCEDGECURVE(#4709,#4864,#6998,.T.) ;
#38=IFCVECTOR(#39,45.) ;
#47=IFCVECTOR(#48,80.) ;
#54=IFCVECTOR(#55,45.) ;
#61=IFCVECTOR(#62,80.) ;
#83=IFCVECTOR(#84,45.) ;
#92=IFCVECTOR(#93,80.) ;
#99=IFCVECTOR(#100,45.) ;
#106=IFCVECTOR(#107,80.) ;
#124=IFCVECTOR(#125,1800.) ;
#129=IFCVECTOR(#130,1800.) ;
#147=IFCVECTOR(#148,1800.) ;
#165=IFCVECTOR(#166,1800.) ;
#204=IFCVECTOR(#205,45.) ;
#213=IFCVECTOR(#214,80.) ;
#220=IFCVECTOR(#221,45.) ;
#227=IFCVECTOR(#228,80.) ;
#245=IFCVECTOR(#246,45.) ;
#254=IFCVECTOR(#255,80.) ;
#261=IFCVECTOR(#262,45.) ;
#268=IFCVECTOR(#269,80.) ;
#286=IFCVECTOR(#287,1800.) ;
#291=IFCVECTOR(#292,1800.) ;
#309=IFCVECTOR(#310,1800.) ;
#327=IFCVECTOR(#328,1800.) ;
#362=IFCVECTOR(#363,45.) ;
#371=IFCVECTOR(#372,80.) ;
#378=IFCVECTOR(#379,45.) ;
#385=IFCVECTOR(#386,80.) ;
#403=IFCVECTOR(#404,45.) ;
#412=IFCVECTOR(#413,80.) ;
#419=IFCVECTOR(#420,45.) ;
#426=IFCVECTOR(#427,80.) ;
#444=IFCVECTOR(#445,1800.) ;
#449=IFCVECTOR(#450,1800.) ;
#467=IFCVECTOR(#468,1800.) ;
#485=IFCVECTOR(#486,1800.) ;
#520=IFCVECTOR(#521,45.) ;
#529=IFCVECTOR(#530,80.) ;
#536=IFCVECTOR(#537,45.) ;
#543=IFCVECTOR(#544,80.) ;
#561=IFCVECTOR(#562,45.) ;
#570=IFCVECTOR(#571,80.) ;
#577=IFCVECTOR(#578,45.) ;
#584=IFCVECTOR(#585,80.) ;
#602=IFCVECTOR(#603,1800.) ;
#607=IFCVECTOR(#608,1800.) ;
#625=IFCVECTOR(#626,1800.) ;
#643=IFCVECTOR(#644,1800.) ;
#678=IFCVECTOR(#679,45.) ;
#687=IFCVECTOR(#688,80.) ;
#694=IFCVECTOR(#695,45.) ;
#701=IFCVECTOR(#702,80.) ;
#719=IFCVECTOR(#720,45.) ;
#728=IFCVECTOR(#729,80.) ;
#735=IFCVECTOR(#736,45.) ;
#742=IFCVECTOR(#743,80.) ;
#760=IFCVECTOR(#761,1800.) ;
#765=IFCVECTOR(#766,1800.) ;
#783=IFCVECTOR(#784,1800.) ;
#801=IFCVECTOR(#802,1800.) ;
#836=IFCVECTOR(#837,45.) ;
#845=IFCVECTOR(#846,80.) ;
#852=IFCVECTOR(#853,45.) ;
#859=IFCVECTOR(#860,80.) ;
#877=IFCVECTOR(#878,45.) ;
#886=IFCVECTOR(#887,80.) ;
#893=IFCVECTOR(#894,45.) ;
#900=IFCVECTOR(#901,80.) ;
#918=IFCVECTOR(#919,1800.) ;
#923=IFCVECTOR(#924,1800.) ;
#941=IFCVECTOR(#942,1800.) ;
#959=IFCVECTOR(#960,1800.) ;
#994=IFCVECTOR(#995,45.) ;
#1003=IFCVECTOR(#1004,80.) ;
#1010=IFCVECTOR(#1011,45.) ;
#1017=IFCVECTOR(#1018,80.) ;
#1035=IFCVECTOR(#1036,45.) ;
#1044=IFCVECTOR(#1045,80.) ;
#1051=IFCVECTOR(#1052,45.) ;
#1058=IFCVECTOR(#1059,80.) ;
#1076=IFCVECTOR(#1077,1800.) ;
#1081=IFCVECTOR(#1082,1800.) ;
#1099=IFCVECTOR(#1100,1800.) ;
#1117=IFCVECTOR(#1118,1800.) ;
#1152=IFCVECTOR(#1153,45.) ;
#1161=IFCVECTOR(#1162,80.) ;
#1168=IFCVECTOR(#1169,45.) ;
#1175=IFCVECTOR(#1176,80.) ;
#1193=IFCVECTOR(#1194,45.) ;
#1202=IFCVECTOR(#1203,80.) ;
#1209=IFCVECTOR(#1210,45.) ;
#1216=IFCVECTOR(#1217,80.) ;
#1234=IFCVECTOR(#1235,1800.) ;
#1239=IFCVECTOR(#1240,1800.) ;
#1257=IFCVECTOR(#1258,1800.) ;
#1275=IFCVECTOR(#1276,1800.) ;
#1310=IFCVECTOR(#1311,45.) ;
#1319=IFCVECTOR(#1320,80.) ;
#1326=IFCVECTOR(#1327,45.) ;
#1333=IFCVECTOR(#1334,80.) ;
#1351=IFCVECTOR(#1352,45.) ;
#1360=IFCVECTOR(#1361,80.) ;
#1367=IFCVECTOR(#1368,45.) ;
#1374=IFCVECTOR(#1375,80.) ;
#1392=IFCVECTOR(#1393,1800.) ;
#1397=IFCVECTOR(#1398,1800.) ;
#1415=IFCVECTOR(#1416,1800.) ;
#1433=IFCVECTOR(#1434,1800.) ;
#1468=IFCVECTOR(#1469,45.) ;
#1477=IFCVECTOR(#1478,80.) ;
#1484=IFCVECTOR(#1485,45.) ;
#1491=IFCVECTOR(#1492,80.) ;
#1509=IFCVECTOR(#1510,45.) ;
#1518=IFCVECTOR(#1519,80.) ;
#1525=IFCVECTOR(#1526,45.) ;
#1532=IFCVECTOR(#1533,80.) ;
#1550=IFCVECTOR(#1551,1800.) ;
#1555=IFCVECTOR(#1556,1800.) ;
#1573=IFCVECTOR(#1574,1800.) ;
#1591=IFCVECTOR(#1592,1800.) ;
#1626=IFCVECTOR(#1627,80.) ;
#1635=IFCVECTOR(#1636,45.) ;
#1642=IFCVECTOR(#1643,80.) ;
#1649=IFCVECTOR(#1650,45.) ;
#1667=IFCVECTOR(#1668,80.) ;
#1676=IFCVECTOR(#1677,45.) ;
#1683=IFCVECTOR(#1684,80.) ;
#1690=IFCVECTOR(#1691,45.) ;
#1708=IFCVECTOR(#1709,1800.) ;
#1713=IFCVECTOR(#1714,1800.) ;
#1731=IFCVECTOR(#1732,1800.) ;
#1749=IFCVECTOR(#1750,1800.) ;
#1784=IFCVECTOR(#1785,1800.) ;
#1793=IFCVECTOR(#1794,80.) ;
#1800=IFCVECTOR(#1801,1800.) ;
#1807=IFCVECTOR(#1808,80.) ;
#1825=IFCVECTOR(#1826,80.) ;
#1834=IFCVECTOR(#1835,45.) ;
#1839=IFCVECTOR(#1840,45.) ;
#1857=IFCVECTOR(#1858,1800.) ;
#1864=IFCVECTOR(#1865,45.) ;
#1882=IFCVECTOR(#1883,1800.) ;
#1889=IFCVECTOR(#1890,45.) ;
#1907=IFCVECTOR(#1908,80.) ;
#1942=IFCVECTOR(#1943,1800.) ;
#1951=IFCVECTOR(#1952,80.) ;
#1958=IFCVECTOR(#1959,1800.) ;
#1965=IFCVECTOR(#1966,80.) ;
#1983=IFCVECTOR(#1984,80.) ;
#1992=IFCVECTOR(#1993,45.) ;
#1997=IFCVECTOR(#1998,45.) ;
#2015=IFCVECTOR(#2016,1800.) ;
#2022=IFCVECTOR(#2023,45.) ;
#2040=IFCVECTOR(#2041,1800.) ;
#2047=IFCVECTOR(#2048,45.) ;
#2065=IFCVECTOR(#2066,80.) ;
#2100=IFCVECTOR(#2101,1800.) ;
#2109=IFCVECTOR(#2110,80.) ;
#2116=IFCVECTOR(#2117,1800.) ;
#2123=IFCVECTOR(#2124,80.) ;
#2141=IFCVECTOR(#2142,80.) ;
#2150=IFCVECTOR(#2151,45.) ;
#2155=IFCVECTOR(#2156,45.) ;
#2173=IFCVECTOR(#2174,1800.) ;
#2180=IFCVECTOR(#2181,45.) ;
#2198=IFCVECTOR(#2199,1800.) ;
#2205=IFCVECTOR(#2206,45.) ;
#2223=IFCVECTOR(#2224,80.) ;
#2258=IFCVECTOR(#2259,1800.) ;
#2267=IFCVECTOR(#2268,80.) ;
#2274=IFCVECTOR(#2275,1800.) ;
#2281=IFCVECTOR(#2282,80.) ;
#2299=IFCVECTOR(#2300,80.) ;
#2308=IFCVECTOR(#2309,45.) ;
#2313=IFCVECTOR(#2314,45.) ;
#2331=IFCVECTOR(#2332,1800.) ;
#2338=IFCVECTOR(#2339,45.) ;
#2356=IFCVECTOR(#2357,1800.) ;
#2363=IFCVECTOR(#2364,45.) ;
#2381=IFCVECTOR(#2382,80.) ;
#2416=IFCVECTOR(#2417,1800.) ;
#2425=IFCVECTOR(#2426,80.) ;
#2432=IFCVECTOR(#2433,1800.) ;
#2439=IFCVECTOR(#2440,80.) ;
#2457=IFCVECTOR(#2458,80.) ;
#2466=IFCVECTOR(#2467,45.) ;
#2471=IFCVECTOR(#2472,45.) ;
#2489=IFCVECTOR(#2490,1800.) ;
#2496=IFCVECTOR(#2497,45.) ;
#2514=IFCVECTOR(#2515,1800.) ;
#2521=IFCVECTOR(#2522,45.) ;
#2539=IFCVECTOR(#2540,80.) ;
#2574=IFCVECTOR(#2575,70.) ;
#2583=IFCVECTOR(#2584,80.) ;
#2590=IFCVECTOR(#2591,70.) ;
#2597=IFCVECTOR(#2598,80.) ;
#2615=IFCVECTOR(#2616,45.) ;
#2622=IFCVECTOR(#2623,70.) ;
#2629=IFCVECTOR(#2630,45.) ;
#2647=IFCVECTOR(#2648,70.) ;
#2656=IFCVECTOR(#2657,45.) ;
#2661=IFCVECTOR(#2662,45.) ;
#2679=IFCVECTOR(#2680,80.) ;
#2697=IFCVECTOR(#2698,80.) ;
#2732=IFCVECTOR(#2733,45.) ;
#2741=IFCVECTOR(#2742,142.59769879) ;
#2748=IFCVECTOR(#2749,45.) ;
#2755=IFCVECTOR(#2756,142.59769879) ;
#2773=IFCVECTOR(#2774,4.99999999999) ;
#2780=IFCVECTOR(#2781,20.) ;
#2787=IFCVECTOR(#2788,42.75) ;
#2794=IFCVECTOR(#2795,5.) ;
#2801=IFCVECTOR(#2802,42.75) ;
#2808=IFCVECTOR(#2809,20.) ;
#2815=IFCVECTOR(#2816,4.99999999999) ;
#2847=IFCVECTOR(#2848,287.775142986) ;
#2852=IFCVECTOR(#2853,287.775142986) ;
#2867=IFCVECTOR(#2868,25.) ;
#2887=IFCVECTOR(#2888,20.) ;
#2896=IFCVECTOR(#2897,274.98129057) ;
#2903=IFCVECTOR(#2904,5.) ;
#2910=IFCVECTOR(#2911,274.98129057) ;
#2917=IFCVECTOR(#2918,20.) ;
#2924=IFCVECTOR(#2925,287.337699668) ;
#2939=IFCVECTOR(#2940,25.) ;
#2954=IFCVECTOR(#2955,287.337699668) ;
#2978=IFCVECTOR(#2979,142.160255472) ;
#2983=IFCVECTOR(#2984,142.160255472) ;
#3001=IFCVECTOR(#3002,4.99999999996) ;
#3006=IFCVECTOR(#3007,4.99999999995) ;
#3024=IFCVECTOR(#3025,4.99999999995) ;
#3029=IFCVECTOR(#3030,4.99999999996) ;
#3047=IFCVECTOR(#3048,417.963962359) ;
#3054=IFCVECTOR(#3055,142.160255472) ;
#3079=IFCVECTOR(#3080,417.963962359) ;
#3106=IFCVECTOR(#3107,5.) ;
#3152=IFCVECTOR(#3153,142.160255472) ;
#3202=IFCVECTOR(#3203,822.5) ;
#3211=IFCVECTOR(#3212,45.) ;
#3218=IFCVECTOR(#3219,822.5) ;
#3225=IFCVECTOR(#3226,45.) ;
#3243=IFCVECTOR(#3244,80.) ;
#3250=IFCVECTOR(#3251,822.5) ;
#3257=IFCVECTOR(#3258,80.) ;
#3275=IFCVECTOR(#3276,45.) ;
#3282=IFCVECTOR(#3283,822.5) ;
#3289=IFCVECTOR(#3290,45.) ;
#3307=IFCVECTOR(#3308,80.) ;
#3312=IFCVECTOR(#3313,80.) ;
#3360=IFCVECTOR(#3361,80.) ;
#3369=IFCVECTOR(#3370,45.) ;
#3376=IFCVECTOR(#3377,80.) ;
#3383=IFCVECTOR(#3384,45.) ;
#3401=IFCVECTOR(#3402,822.5) ;
#3408=IFCVECTOR(#3409,822.5) ;
#3415=IFCVECTOR(#3416,80.) ;
#3433=IFCVECTOR(#3434,822.5) ;
#3440=IFCVECTOR(#3441,45.) ;
#3458=IFCVECTOR(#3459,822.5) ;
#3465=IFCVECTOR(#3466,80.) ;
#3483=IFCVECTOR(#3484,45.) ;
#3518=IFCVECTOR(#3519,70.) ;
#3527=IFCVECTOR(#3528,80.) ;
#3534=IFCVECTOR(#3535,70.) ;
#3541=IFCVECTOR(#3542,80.) ;
#3559=IFCVECTOR(#3560,45.) ;
#3566=IFCVECTOR(#3567,70.) ;
#3573=IFCVECTOR(#3574,45.) ;
#3591=IFCVECTOR(#3592,80.) ;
#3598=IFCVECTOR(#3599,70.) ;
#3605=IFCVECTOR(#3606,80.) ;
#3623=IFCVECTOR(#3624,45.) ;
#3628=IFCVECTOR(#3629,45.) ;
#3712=IFCVECTOR(#3713,330.) ;
#3727=IFCVECTOR(#3728,330.) ;
#3791=IFCVECTOR(#3792,289.875) ;
#3806=IFCVECTOR(#3807,289.875) ;
#3834=IFCVECTOR(#3835,289.875) ;
#3849=IFCVECTOR(#3850,289.875) ;
#3877=IFCVECTOR(#3878,289.875) ;
#3882=IFCVECTOR(#3883,289.875) ;
#3910=IFCVECTOR(#3911,519.875) ;
#3925=IFCVECTOR(#3926,519.875) ;
#3953=IFCVECTOR(#3954,289.875) ;
#3968=IFCVECTOR(#3969,289.875) ;
#4022=IFCVECTOR(#4023,287.775142986) ;
#4029=IFCVECTOR(#4030,45.) ;
#4036=IFCVECTOR(#4037,287.775142986) ;
#4051=IFCVECTOR(#4052,25.) ;
#4081=IFCVECTOR(#4082,589.75) ;
#4096=IFCVECTOR(#4097,589.75) ;
#4150=IFCVECTOR(#4151,289.875) ;
#4165=IFCVECTOR(#4166,289.875) ;
#4255=IFCVECTOR(#4256,589.75) ;
#4270=IFCVECTOR(#4271,589.75) ;
#4314=IFCVECTOR(#4315,40.4111) ;
#4331=IFCVECTOR(#4332,40.4111) ;
#4357=IFCVECTOR(#4358,555.) ;
#4364=IFCVECTOR(#4365,40.4111) ;
#4371=IFCVECTOR(#4372,555.) ;
#4397=IFCVECTOR(#4398,40.4111) ;
#4423=IFCVECTOR(#4424,1755.) ;
#4430=IFCVECTOR(#4431,40.4111) ;
#4437=IFCVECTOR(#4438,1755.) ;
#4463=IFCVECTOR(#4464,40.4111) ;
#4489=IFCVECTOR(#4490,555.) ;
#4496=IFCVECTOR(#4497,40.4111) ;
#4503=IFCVECTOR(#4504,555.) ;
#4529=IFCVECTOR(#4530,40.4111) ;
#4555=IFCVECTOR(#4556,1755.) ;
#4560=IFCVECTOR(#4561,1755.) ;
#4595=IFCVECTOR(#4596,330.) ;
#4600=IFCVECTOR(#4601,330.) ;
#4618=IFCVECTOR(#4619,330.) ;
#4623=IFCVECTOR(#4624,330.) ;
#4641=IFCVECTOR(#4642,330.) ;
#4656=IFCVECTOR(#4657,330.) ;
#4674=IFCVECTOR(#4675,330.) ;
#4681=IFCVECTOR(#4682,289.875) ;
#4688=IFCVECTOR(#4689,330.) ;
#4706=IFCVECTOR(#4707,330.) ;
#4732=IFCVECTOR(#4733,65.) ;
#4739=IFCVECTOR(#4740,417.963962359) ;
#4746=IFCVECTOR(#4747,5.) ;
#4753=IFCVECTOR(#4754,417.963962359) ;
#4760=IFCVECTOR(#4761,519.875) ;
#4767=IFCVECTOR(#4768,330.) ;
#4774=IFCVECTOR(#4775,589.875) ;
#4796=IFCVECTOR(#4797,330.) ;
#4809=IFCVECTOR(#4810,330.) ;
#4827=IFCVECTOR(#4828,330.) ;
#4845=IFCVECTOR(#4846,289.875) ;
#4854=IFCVECTOR(#4855,10.25) ;
#4861=IFCVECTOR(#4862,289.875) ;
#4868=IFCVECTOR(#4869,589.875) ;
#4875=IFCVECTOR(#4876,10.25) ;
#4882=IFCVECTOR(#4883,589.75) ;
#4889=IFCVECTOR(#4890,10.25) ;
#4896=IFCVECTOR(#4897,589.875) ;
#4901=IFCVECTOR(#4902,10.25) ;
#4906=IFCVECTOR(#4907,589.875) ;
#4913=IFCVECTOR(#4914,10.25) ;
#4918=IFCVECTOR(#4919,10.25) ;
#4925=IFCVECTOR(#4926,589.875) ;
#4965=IFCVECTOR(#4966,589.75) ;
#4974=IFCVECTOR(#4975,10.25) ;
#4981=IFCVECTOR(#4982,519.875) ;
#4988=IFCVECTOR(#4989,42.75) ;
#4995=IFCVECTOR(#4996,20.) ;
#5002=IFCVECTOR(#5003,5.) ;
#5009=IFCVECTOR(#5010,45.) ;
#5016=IFCVECTOR(#5017,5.) ;
#5023=IFCVECTOR(#5024,20.) ;
#5030=IFCVECTOR(#5031,42.75) ;
#5037=IFCVECTOR(#5038,65.) ;
#5042=IFCVECTOR(#5043,10.25) ;
#5049=IFCVECTOR(#5050,289.875) ;
#5054=IFCVECTOR(#5055,589.875) ;
#5061=IFCVECTOR(#5062,10.25) ;
#5066=IFCVECTOR(#5067,10.25) ;
#5071=IFCVECTOR(#5072,589.875) ;
#5076=IFCVECTOR(#5077,10.25) ;
#5081=IFCVECTOR(#5082,65.) ;
#5088=IFCVECTOR(#5089,42.75) ;
#5095=IFCVECTOR(#5096,20.) ;
#5102=IFCVECTOR(#5103,5.) ;
#5109=IFCVECTOR(#5110,45.) ;
#5116=IFCVECTOR(#5117,5.) ;
#5123=IFCVECTOR(#5124,20.) ;
#5130=IFCVECTOR(#5131,42.75) ;
#5135=IFCVECTOR(#5136,10.25) ;
#5181=IFCVECTOR(#5182,142.59769879) ;
#5186=IFCVECTOR(#5187,142.59769879) ;
#5204=IFCVECTOR(#5205,142.160255472) ;
#5211=IFCVECTOR(#5212,20.) ;
#5218=IFCVECTOR(#5219,142.160255472) ;
#5236=IFCVECTOR(#5237,20.) ;
#5245=IFCVECTOR(#5246,274.98129057) ;
#5250=IFCVECTOR(#5251,274.98129057) ;
#5255=IFCVECTOR(#5256,287.337699668) ;
#5270=IFCVECTOR(#5271,25.) ;
#5285=IFCVECTOR(#5286,287.337699668) ;
#5309=IFCVECTOR(#5310,5.) ;
#5314=IFCVECTOR(#5315,5.) ;
#5332=IFCVECTOR(#5333,5.) ;
#5352=IFCVECTOR(#5353,142.160255472) ;
#5357=IFCVECTOR(#5358,5.) ;
#5397=IFCVECTOR(#5398,142.160255472) ;
#5422=IFCVECTOR(#5423,45.) ;
#5431=IFCVECTOR(#5432,287.775142986) ;
#5446=IFCVECTOR(#5447,25.) ;
#5461=IFCVECTOR(#5462,287.775142986) ;
#5481=IFCVECTOR(#5482,5.) ;
#5488=IFCVECTOR(#5489,25.) ;
#5495=IFCVECTOR(#5496,5.) ;
#5521=IFCVECTOR(#5522,287.337699668) ;
#5528=IFCVECTOR(#5529,20.) ;
#5535=IFCVECTOR(#5536,274.98129057) ;
#5542=IFCVECTOR(#5543,5.) ;
#5549=IFCVECTOR(#5550,274.98129057) ;
#5556=IFCVECTOR(#5557,20.) ;
#5563=IFCVECTOR(#5564,287.337699668) ;
#5595=IFCVECTOR(#5596,142.160255472) ;
#5600=IFCVECTOR(#5601,142.160255472) ;
#5618=IFCVECTOR(#5619,142.59769879) ;
#5623=IFCVECTOR(#5624,142.59769879) ;
#5641=IFCVECTOR(#5642,5.) ;
#5661=IFCVECTOR(#5662,142.160255472) ;
#5666=IFCVECTOR(#5667,5.) ;
#5686=IFCVECTOR(#5687,417.963962359) ;
#5713=IFCVECTOR(#5714,142.160255472) ;
#5718=IFCVECTOR(#5719,417.963962359) ;
#5745=IFCVECTOR(#5746,330.) ;
#5766=IFCVECTOR(#5767,330.) ;
#5804=IFCVECTOR(#5805,330.) ;
#5848=IFCVECTOR(#5849,330.) ;
#5869=IFCVECTOR(#5870,330.) ;
#5907=IFCVECTOR(#5908,330.) ;
#5928=IFCVECTOR(#5929,330.) ;
#5966=IFCVECTOR(#5967,330.) ;
#5987=IFCVECTOR(#5988,330.) ;
#6025=IFCVECTOR(#6026,330.) ;
#6046=IFCVECTOR(#6047,330.) ;
#6137=IFCVECTOR(#6138,330.) ;
#6207=IFCVECTOR(#6208,330.) ;
#6269=IFCVECTOR(#6270,330.) ;
#6362=IFCVECTOR(#6363,330.) ;
#6534=IFCVECTOR(#6535,330.) ;
#6653=IFCVECTOR(#6654,330.) ;
#6746=IFCVECTOR(#6747,289.875) ;
#6764=IFCVECTOR(#6765,289.875) ;
#6801=IFCVECTOR(#6802,589.875) ;
#6806=IFCVECTOR(#6807,589.875) ;
#6856=IFCVECTOR(#6857,589.875) ;
#6874=IFCVECTOR(#6875,589.875) ;
#6905=IFCVECTOR(#6906,589.75) ;
#6923=IFCVECTOR(#6924,589.75) ;
#6960=IFCVECTOR(#6961,589.875) ;
#6978=IFCVECTOR(#6979,65.) ;
#75=IFCSTYLEDITEM(#70,(#74),$) ;
#116=IFCSTYLEDITEM(#115,(#74),$) ;
#139=IFCSTYLEDITEM(#138,(#74),$) ;
#157=IFCSTYLEDITEM(#156,(#74),$) ;
#175=IFCSTYLEDITEM(#174,(#74),$) ;
#188=IFCSTYLEDITEM(#187,(#74),$) ;
#193=IFCSTYLEDITEM(#30,(#192),$) ;
#195=IFCSTYLEDITEM(#194,(#192),$) ;
#237=IFCSTYLEDITEM(#236,(#74),$) ;
#278=IFCSTYLEDITEM(#277,(#74),$) ;
#301=IFCSTYLEDITEM(#300,(#74),$) ;
#319=IFCSTYLEDITEM(#318,(#74),$) ;
#337=IFCSTYLEDITEM(#336,(#74),$) ;
#350=IFCSTYLEDITEM(#349,(#74),$) ;
#351=IFCSTYLEDITEM(#196,(#192),$) ;
#353=IFCSTYLEDITEM(#352,(#192),$) ;
#395=IFCSTYLEDITEM(#394,(#74),$) ;
#436=IFCSTYLEDITEM(#435,(#74),$) ;
#459=IFCSTYLEDITEM(#458,(#74),$) ;
#477=IFCSTYLEDITEM(#476,(#74),$) ;
#495=IFCSTYLEDITEM(#494,(#74),$) ;
#508=IFCSTYLEDITEM(#507,(#74),$) ;
#509=IFCSTYLEDITEM(#354,(#192),$) ;
#511=IFCSTYLEDITEM(#510,(#192),$) ;
#553=IFCSTYLEDITEM(#552,(#74),$) ;
#594=IFCSTYLEDITEM(#593,(#74),$) ;
#617=IFCSTYLEDITEM(#616,(#74),$) ;
#635=IFCSTYLEDITEM(#634,(#74),$) ;
#653=IFCSTYLEDITEM(#652,(#74),$) ;
#666=IFCSTYLEDITEM(#665,(#74),$) ;
#667=IFCSTYLEDITEM(#512,(#192),$) ;
#669=IFCSTYLEDITEM(#668,(#192),$) ;
#711=IFCSTYLEDITEM(#710,(#74),$) ;
#752=IFCSTYLEDITEM(#751,(#74),$) ;
#775=IFCSTYLEDITEM(#774,(#74),$) ;
#793=IFCSTYLEDITEM(#792,(#74),$) ;
#811=IFCSTYLEDITEM(#810,(#74),$) ;
#824=IFCSTYLEDITEM(#823,(#74),$) ;
#825=IFCSTYLEDITEM(#670,(#192),$) ;
#827=IFCSTYLEDITEM(#826,(#192),$) ;
#869=IFCSTYLEDITEM(#868,(#74),$) ;
#910=IFCSTYLEDITEM(#909,(#74),$) ;
#933=IFCSTYLEDITEM(#932,(#74),$) ;
#951=IFCSTYLEDITEM(#950,(#74),$) ;
#969=IFCSTYLEDITEM(#968,(#74),$) ;
#982=IFCSTYLEDITEM(#981,(#74),$) ;
#983=IFCSTYLEDITEM(#828,(#192),$) ;
#985=IFCSTYLEDITEM(#984,(#192),$) ;
#1027=IFCSTYLEDITEM(#1026,(#74),$) ;
#1068=IFCSTYLEDITEM(#1067,(#74),$) ;
#1091=IFCSTYLEDITEM(#1090,(#74),$) ;
#1109=IFCSTYLEDITEM(#1108,(#74),$) ;
#1127=IFCSTYLEDITEM(#1126,(#74),$) ;
#1140=IFCSTYLEDITEM(#1139,(#74),$) ;
#1141=IFCSTYLEDITEM(#986,(#192),$) ;
#1143=IFCSTYLEDITEM(#1142,(#192),$) ;
#1185=IFCSTYLEDITEM(#1184,(#74),$) ;
#1226=IFCSTYLEDITEM(#1225,(#74),$) ;
#1249=IFCSTYLEDITEM(#1248,(#74),$) ;
#1267=IFCSTYLEDITEM(#1266,(#74),$) ;
#1285=IFCSTYLEDITEM(#1284,(#74),$) ;
#1298=IFCSTYLEDITEM(#1297,(#74),$) ;
#1299=IFCSTYLEDITEM(#1144,(#192),$) ;
#1301=IFCSTYLEDITEM(#1300,(#192),$) ;
#1343=IFCSTYLEDITEM(#1342,(#74),$) ;
#1384=IFCSTYLEDITEM(#1383,(#74),$) ;
#1407=IFCSTYLEDITEM(#1406,(#74),$) ;
#1425=IFCSTYLEDITEM(#1424,(#74),$) ;
#1443=IFCSTYLEDITEM(#1442,(#74),$) ;
#1456=IFCSTYLEDITEM(#1455,(#74),$) ;
#1457=IFCSTYLEDITEM(#1302,(#192),$) ;
#1459=IFCSTYLEDITEM(#1458,(#192),$) ;
#1501=IFCSTYLEDITEM(#1500,(#74),$) ;
#1542=IFCSTYLEDITEM(#1541,(#74),$) ;
#1565=IFCSTYLEDITEM(#1564,(#74),$) ;
#1583=IFCSTYLEDITEM(#1582,(#74),$) ;
#1601=IFCSTYLEDITEM(#1600,(#74),$) ;
#1614=IFCSTYLEDITEM(#1613,(#74),$) ;
#1615=IFCSTYLEDITEM(#1460,(#192),$) ;
#1617=IFCSTYLEDITEM(#1616,(#192),$) ;
#1659=IFCSTYLEDITEM(#1658,(#74),$) ;
#1700=IFCSTYLEDITEM(#1699,(#74),$) ;
#1723=IFCSTYLEDITEM(#1722,(#74),$) ;
#1741=IFCSTYLEDITEM(#1740,(#74),$) ;
#1759=IFCSTYLEDITEM(#1758,(#74),$) ;
#1772=IFCSTYLEDITEM(#1771,(#74),$) ;
#1773=IFCSTYLEDITEM(#1618,(#192),$) ;
#1775=IFCSTYLEDITEM(#1774,(#192),$) ;
#1817=IFCSTYLEDITEM(#1816,(#74),$) ;
#1849=IFCSTYLEDITEM(#1848,(#74),$) ;
#1874=IFCSTYLEDITEM(#1873,(#74),$) ;
#1899=IFCSTYLEDITEM(#1898,(#74),$) ;
#1917=IFCSTYLEDITEM(#1916,(#74),$) ;
#1930=IFCSTYLEDITEM(#1929,(#74),$) ;
#1931=IFCSTYLEDITEM(#1776,(#192),$) ;
#1933=IFCSTYLEDITEM(#1932,(#192),$) ;
#1975=IFCSTYLEDITEM(#1974,(#74),$) ;
#2007=IFCSTYLEDITEM(#2006,(#74),$) ;
#2032=IFCSTYLEDITEM(#2031,(#74),$) ;
#2057=IFCSTYLEDITEM(#2056,(#74),$) ;
#2075=IFCSTYLEDITEM(#2074,(#74),$) ;
#2088=IFCSTYLEDITEM(#2087,(#74),$) ;
#2089=IFCSTYLEDITEM(#1934,(#192),$) ;
#2091=IFCSTYLEDITEM(#2090,(#192),$) ;
#2133=IFCSTYLEDITEM(#2132,(#74),$) ;
#2165=IFCSTYLEDITEM(#2164,(#74),$) ;
#2190=IFCSTYLEDITEM(#2189,(#74),$) ;
#2215=IFCSTYLEDITEM(#2214,(#74),$) ;
#2233=IFCSTYLEDITEM(#2232,(#74),$) ;
#2246=IFCSTYLEDITEM(#2245,(#74),$) ;
#2247=IFCSTYLEDITEM(#2092,(#192),$) ;
#2249=IFCSTYLEDITEM(#2248,(#192),$) ;
#2291=IFCSTYLEDITEM(#2290,(#74),$) ;
#2323=IFCSTYLEDITEM(#2322,(#74),$) ;
#2348=IFCSTYLEDITEM(#2347,(#74),$) ;
#2373=IFCSTYLEDITEM(#2372,(#74),$) ;
#2391=IFCSTYLEDITEM(#2390,(#74),$) ;
#2404=IFCSTYLEDITEM(#2403,(#74),$) ;
#2405=IFCSTYLEDITEM(#2250,(#192),$) ;
#2407=IFCSTYLEDITEM(#2406,(#192),$) ;
#2449=IFCSTYLEDITEM(#2448,(#74),$) ;
#2481=IFCSTYLEDITEM(#2480,(#74),$) ;
#2506=IFCSTYLEDITEM(#2505,(#74),$) ;
#2531=IFCSTYLEDITEM(#2530,(#74),$) ;
#2549=IFCSTYLEDITEM(#2548,(#74),$) ;
#2562=IFCSTYLEDITEM(#2561,(#74),$) ;
#2563=IFCSTYLEDITEM(#2408,(#192),$) ;
#2565=IFCSTYLEDITEM(#2564,(#192),$) ;
#2607=IFCSTYLEDITEM(#2606,(#74),$) ;
#2639=IFCSTYLEDITEM(#2638,(#74),$) ;
#2671=IFCSTYLEDITEM(#2670,(#74),$) ;
#2689=IFCSTYLEDITEM(#2688,(#74),$) ;
#2707=IFCSTYLEDITEM(#2706,(#74),$) ;
#2720=IFCSTYLEDITEM(#2719,(#74),$) ;
#2721=IFCSTYLEDITEM(#2566,(#192),$) ;
#2723=IFCSTYLEDITEM(#2722,(#192),$) ;
#2765=IFCSTYLEDITEM(#2764,(#74),$) ;
#2829=IFCSTYLEDITEM(#2828,(#74),$) ;
#2879=IFCSTYLEDITEM(#2878,(#74),$) ;
#2970=IFCSTYLEDITEM(#2969,(#74),$) ;
#2993=IFCSTYLEDITEM(#2992,(#74),$) ;
#3016=IFCSTYLEDITEM(#3015,(#74),$) ;
#3039=IFCSTYLEDITEM(#3038,(#74),$) ;
#3071=IFCSTYLEDITEM(#3070,(#74),$) ;
#3098=IFCSTYLEDITEM(#3097,(#74),$) ;
#3116=IFCSTYLEDITEM(#3115,(#74),$) ;
#3129=IFCSTYLEDITEM(#3128,(#74),$) ;
#3144=IFCSTYLEDITEM(#3143,(#74),$) ;
#3164=IFCSTYLEDITEM(#3163,(#74),$) ;
#3177=IFCSTYLEDITEM(#3176,(#74),$) ;
#3190=IFCSTYLEDITEM(#3189,(#74),$) ;
#3191=IFCSTYLEDITEM(#2724,(#192),$) ;
#3193=IFCSTYLEDITEM(#3192,(#192),$) ;
#3235=IFCSTYLEDITEM(#3234,(#74),$) ;
#3267=IFCSTYLEDITEM(#3266,(#74),$) ;
#3299=IFCSTYLEDITEM(#3298,(#74),$) ;
#3322=IFCSTYLEDITEM(#3321,(#74),$) ;
#3335=IFCSTYLEDITEM(#3334,(#74),$) ;
#3348=IFCSTYLEDITEM(#3347,(#74),$) ;
#3349=IFCSTYLEDITEM(#3194,(#192),$) ;
#3351=IFCSTYLEDITEM(#3350,(#192),$) ;
#3393=IFCSTYLEDITEM(#3392,(#74),$) ;
#3425=IFCSTYLEDITEM(#3424,(#74),$) ;
#3450=IFCSTYLEDITEM(#3449,(#74),$) ;
#3475=IFCSTYLEDITEM(#3474,(#74),$) ;
#3493=IFCSTYLEDITEM(#3492,(#74),$) ;
#3506=IFCSTYLEDITEM(#3505,(#74),$) ;
#3507=IFCSTYLEDITEM(#3352,(#192),$) ;
#3509=IFCSTYLEDITEM(#3508,(#192),$) ;
#3551=IFCSTYLEDITEM(#3550,(#74),$) ;
#3583=IFCSTYLEDITEM(#3582,(#74),$) ;
#3615=IFCSTYLEDITEM(#3614,(#74),$) ;
#3638=IFCSTYLEDITEM(#3637,(#74),$) ;
#3651=IFCSTYLEDITEM(#3650,(#74),$) ;
#3664=IFCSTYLEDITEM(#3663,(#74),$) ;
#3665=IFCSTYLEDITEM(#3510,(#192),$) ;
#3667=IFCSTYLEDITEM(#3666,(#192),$) ;
#3704=IFCSTYLEDITEM(#3703,(#74),$) ;
#3737=IFCSTYLEDITEM(#3736,(#74),$) ;
#3773=IFCSTYLEDITEM(#3772,(#74),$) ;
#3816=IFCSTYLEDITEM(#3815,(#74),$) ;
#3859=IFCSTYLEDITEM(#3858,(#74),$) ;
#3892=IFCSTYLEDITEM(#3891,(#74),$) ;
#3935=IFCSTYLEDITEM(#3934,(#74),$) ;
#3978=IFCSTYLEDITEM(#3977,(#74),$) ;
#4004=IFCSTYLEDITEM(#4003,(#74),$) ;
#4063=IFCSTYLEDITEM(#4062,(#74),$) ;
#4106=IFCSTYLEDITEM(#4105,(#74),$) ;
#4142=IFCSTYLEDITEM(#4141,(#74),$) ;
#4175=IFCSTYLEDITEM(#4174,(#74),$) ;
#4201=IFCSTYLEDITEM(#4200,(#74),$) ;
#4237=IFCSTYLEDITEM(#4236,(#74),$) ;
#4280=IFCSTYLEDITEM(#4279,(#74),$) ;
#4306=IFCSTYLEDITEM(#4305,(#74),$) ;
#4349=IFCSTYLEDITEM(#4348,(#74),$) ;
#4381=IFCSTYLEDITEM(#4380,(#74),$) ;
#4415=IFCSTYLEDITEM(#4414,(#74),$) ;
#4447=IFCSTYLEDITEM(#4446,(#74),$) ;
#4481=IFCSTYLEDITEM(#4480,(#74),$) ;
#4513=IFCSTYLEDITEM(#4512,(#74),$) ;
#4547=IFCSTYLEDITEM(#4546,(#74),$) ;
#4570=IFCSTYLEDITEM(#4569,(#74),$) ;
#4587=IFCSTYLEDITEM(#4586,(#74),$) ;
#4610=IFCSTYLEDITEM(#4609,(#74),$) ;
#4633=IFCSTYLEDITEM(#4632,(#74),$) ;
#4666=IFCSTYLEDITEM(#4665,(#74),$) ;
#4698=IFCSTYLEDITEM(#4697,(#74),$) ;
#4724=IFCSTYLEDITEM(#4723,(#74),$) ;
#4788=IFCSTYLEDITEM(#4787,(#74),$) ;
#4819=IFCSTYLEDITEM(#4818,(#74),$) ;
#4837=IFCSTYLEDITEM(#4836,(#74),$) ;
#4957=IFCSTYLEDITEM(#4956,(#74),$) ;
#5173=IFCSTYLEDITEM(#5172,(#74),$) ;
#5196=IFCSTYLEDITEM(#5195,(#74),$) ;
#5228=IFCSTYLEDITEM(#5227,(#74),$) ;
#5301=IFCSTYLEDITEM(#5300,(#74),$) ;
#5324=IFCSTYLEDITEM(#5323,(#74),$) ;
#5344=IFCSTYLEDITEM(#5343,(#74),$) ;
#5369=IFCSTYLEDITEM(#5368,(#74),$) ;
#5389=IFCSTYLEDITEM(#5388,(#74),$) ;
#5414=IFCSTYLEDITEM(#5413,(#74),$) ;
#5473=IFCSTYLEDITEM(#5472,(#74),$) ;
#5505=IFCSTYLEDITEM(#5504,(#74),$) ;
#5587=IFCSTYLEDITEM(#5586,(#74),$) ;
#5610=IFCSTYLEDITEM(#5609,(#74),$) ;
#5633=IFCSTYLEDITEM(#5632,(#74),$) ;
#5653=IFCSTYLEDITEM(#5652,(#74),$) ;
#5678=IFCSTYLEDITEM(#5677,(#74),$) ;
#5705=IFCSTYLEDITEM(#5704,(#74),$) ;
#5729=IFCSTYLEDITEM(#5728,(#74),$) ;
#5788=IFCSTYLEDITEM(#5787,(#74),$) ;
#5832=IFCSTYLEDITEM(#5831,(#74),$) ;
#5891=IFCSTYLEDITEM(#5890,(#74),$) ;
#5950=IFCSTYLEDITEM(#5949,(#74),$) ;
#6009=IFCSTYLEDITEM(#6008,(#74),$) ;
#6060=IFCSTYLEDITEM(#6059,(#74),$) ;
#6084=IFCSTYLEDITEM(#6083,(#74),$) ;
#6103=IFCSTYLEDITEM(#6102,(#74),$) ;
#6129=IFCSTYLEDITEM(#6128,(#74),$) ;
#6155=IFCSTYLEDITEM(#6154,(#74),$) ;
#6173=IFCSTYLEDITEM(#6172,(#74),$) ;
#6199=IFCSTYLEDITEM(#6198,(#74),$) ;
#6225=IFCSTYLEDITEM(#6224,(#74),$) ;
#6243=IFCSTYLEDITEM(#6242,(#74),$) ;
#6261=IFCSTYLEDITEM(#6260,(#74),$) ;
#6287=IFCSTYLEDITEM(#6286,(#74),$) ;
#6305=IFCSTYLEDITEM(#6304,(#74),$) ;
#6323=IFCSTYLEDITEM(#6322,(#74),$) ;
#6342=IFCSTYLEDITEM(#6341,(#74),$) ;
#6354=IFCSTYLEDITEM(#6353,(#74),$) ;
#6378=IFCSTYLEDITEM(#6377,(#74),$) ;
#6390=IFCSTYLEDITEM(#6389,(#74),$) ;
#6408=IFCSTYLEDITEM(#6407,(#74),$) ;
#6426=IFCSTYLEDITEM(#6425,(#74),$) ;
#6445=IFCSTYLEDITEM(#6444,(#74),$) ;
#6469=IFCSTYLEDITEM(#6468,(#74),$) ;
#6488=IFCSTYLEDITEM(#6487,(#74),$) ;
#6500=IFCSTYLEDITEM(#6499,(#74),$) ;
#6526=IFCSTYLEDITEM(#6525,(#74),$) ;
#6552=IFCSTYLEDITEM(#6551,(#74),$) ;
#6570=IFCSTYLEDITEM(#6569,(#74),$) ;
#6588=IFCSTYLEDITEM(#6587,(#74),$) ;
#6607=IFCSTYLEDITEM(#6606,(#74),$) ;
#6619=IFCSTYLEDITEM(#6618,(#74),$) ;
#6645=IFCSTYLEDITEM(#6644,(#74),$) ;
#6671=IFCSTYLEDITEM(#6670,(#74),$) ;
#6689=IFCSTYLEDITEM(#6688,(#74),$) ;
#6701=IFCSTYLEDITEM(#6700,(#74),$) ;
#6719=IFCSTYLEDITEM(#6718,(#74),$) ;
#6738=IFCSTYLEDITEM(#6737,(#74),$) ;
#6756=IFCSTYLEDITEM(#6755,(#74),$) ;
#6774=IFCSTYLEDITEM(#6773,(#74),$) ;
#6793=IFCSTYLEDITEM(#6792,(#74),$) ;
#6816=IFCSTYLEDITEM(#6815,(#74),$) ;
#6829=IFCSTYLEDITEM(#6828,(#74),$) ;
#6842=IFCSTYLEDITEM(#6841,(#74),$) ;
#6866=IFCSTYLEDITEM(#6865,(#74),$) ;
#6884=IFCSTYLEDITEM(#6883,(#74),$) ;
#6897=IFCSTYLEDITEM(#6896,(#74),$) ;
#6915=IFCSTYLEDITEM(#6914,(#74),$) ;
#6933=IFCSTYLEDITEM(#6932,(#74),$) ;
#6946=IFCSTYLEDITEM(#6945,(#74),$) ;
#6970=IFCSTYLEDITEM(#6969,(#74),$) ;
#6992=IFCSTYLEDITEM(#6991,(#74),$) ;
#7011=IFCSTYLEDITEM(#7010,(#74),$) ;
#7024=IFCSTYLEDITEM(#7023,(#74),$) ;
#7037=IFCSTYLEDITEM(#7036,(#74),$) ;
#7050=IFCSTYLEDITEM(#7049,(#74),$) ;
#7063=IFCSTYLEDITEM(#7062,(#74),$) ;
#7076=IFCSTYLEDITEM(#7075,(#74),$) ;
#7089=IFCSTYLEDITEM(#7088,(#74),$) ;
#7102=IFCSTYLEDITEM(#7101,(#74),$) ;
#7115=IFCSTYLEDITEM(#7114,(#74),$) ;
#7128=IFCSTYLEDITEM(#7127,(#74),$) ;
#7141=IFCSTYLEDITEM(#7140,(#74),$) ;
#7153=IFCSTYLEDITEM(#7152,(#74),$) ;
#7165=IFCSTYLEDITEM(#7164,(#74),$) ;
#7177=IFCSTYLEDITEM(#7176,(#74),$) ;
#7178=IFCSTYLEDITEM(#3668,(#192),$) ;
#7180=IFCSTYLEDITEM(#7179,(#192),$) ;
#74=IFCPRESENTATIONSTYLEASSIGNMENT((#73)) ;
#192=IFCPRESENTATIONSTYLEASSIGNMENT((#191)) ;
#73=IFCSURFACESTYLE($,.BOTH.,(#72)) ;
#191=IFCSURFACESTYLE($,.BOTH.,(#190)) ;
#41=IFCVERTEXPOINT(#40) ;
#43=IFCVERTEXPOINT(#42) ;
#50=IFCVERTEXPOINT(#49) ;
#57=IFCVERTEXPOINT(#56) ;
#86=IFCVERTEXPOINT(#85) ;
#88=IFCVERTEXPOINT(#87) ;
#95=IFCVERTEXPOINT(#94) ;
#102=IFCVERTEXPOINT(#101) ;
#207=IFCVERTEXPOINT(#206) ;
#209=IFCVERTEXPOINT(#208) ;
#216=IFCVERTEXPOINT(#215) ;
#223=IFCVERTEXPOINT(#222) ;
#248=IFCVERTEXPOINT(#247) ;
#250=IFCVERTEXPOINT(#249) ;
#257=IFCVERTEXPOINT(#256) ;
#264=IFCVERTEXPOINT(#263) ;
#365=IFCVERTEXPOINT(#364) ;
#367=IFCVERTEXPOINT(#366) ;
#374=IFCVERTEXPOINT(#373) ;
#381=IFCVERTEXPOINT(#380) ;
#406=IFCVERTEXPOINT(#405) ;
#408=IFCVERTEXPOINT(#407) ;
#415=IFCVERTEXPOINT(#414) ;
#422=IFCVERTEXPOINT(#421) ;
#523=IFCVERTEXPOINT(#522) ;
#525=IFCVERTEXPOINT(#524) ;
#532=IFCVERTEXPOINT(#531) ;
#539=IFCVERTEXPOINT(#538) ;
#564=IFCVERTEXPOINT(#563) ;
#566=IFCVERTEXPOINT(#565) ;
#573=IFCVERTEXPOINT(#572) ;
#580=IFCVERTEXPOINT(#579) ;
#681=IFCVERTEXPOINT(#680) ;
#683=IFCVERTEXPOINT(#682) ;
#690=IFCVERTEXPOINT(#689) ;
#697=IFCVERTEXPOINT(#696) ;
#722=IFCVERTEXPOINT(#721) ;
#724=IFCVERTEXPOINT(#723) ;
#731=IFCVERTEXPOINT(#730) ;
#738=IFCVERTEXPOINT(#737) ;
#839=IFCVERTEXPOINT(#838) ;
#841=IFCVERTEXPOINT(#840) ;
#848=IFCVERTEXPOINT(#847) ;
#855=IFCVERTEXPOINT(#854) ;
#880=IFCVERTEXPOINT(#879) ;
#882=IFCVERTEXPOINT(#881) ;
#889=IFCVERTEXPOINT(#888) ;
#896=IFCVERTEXPOINT(#895) ;
#997=IFCVERTEXPOINT(#996) ;
#999=IFCVERTEXPOINT(#998) ;
#1006=IFCVERTEXPOINT(#1005) ;
#1013=IFCVERTEXPOINT(#1012) ;
#1038=IFCVERTEXPOINT(#1037) ;
#1040=IFCVERTEXPOINT(#1039) ;
#1047=IFCVERTEXPOINT(#1046) ;
#1054=IFCVERTEXPOINT(#1053) ;
#1155=IFCVERTEXPOINT(#1154) ;
#1157=IFCVERTEXPOINT(#1156) ;
#1164=IFCVERTEXPOINT(#1163) ;
#1171=IFCVERTEXPOINT(#1170) ;
#1196=IFCVERTEXPOINT(#1195) ;
#1198=IFCVERTEXPOINT(#1197) ;
#1205=IFCVERTEXPOINT(#1204) ;
#1212=IFCVERTEXPOINT(#1211) ;
#1313=IFCVERTEXPOINT(#1312) ;
#1315=IFCVERTEXPOINT(#1314) ;
#1322=IFCVERTEXPOINT(#1321) ;
#1329=IFCVERTEXPOINT(#1328) ;
#1354=IFCVERTEXPOINT(#1353) ;
#1356=IFCVERTEXPOINT(#1355) ;
#1363=IFCVERTEXPOINT(#1362) ;
#1370=IFCVERTEXPOINT(#1369) ;
#1471=IFCVERTEXPOINT(#1470) ;
#1473=IFCVERTEXPOINT(#1472) ;
#1480=IFCVERTEXPOINT(#1479) ;
#1487=IFCVERTEXPOINT(#1486) ;
#1512=IFCVERTEXPOINT(#1511) ;
#1514=IFCVERTEXPOINT(#1513) ;
#1521=IFCVERTEXPOINT(#1520) ;
#1528=IFCVERTEXPOINT(#1527) ;
#1629=IFCVERTEXPOINT(#1628) ;
#1631=IFCVERTEXPOINT(#1630) ;
#1638=IFCVERTEXPOINT(#1637) ;
#1645=IFCVERTEXPOINT(#1644) ;
#1670=IFCVERTEXPOINT(#1669) ;
#1672=IFCVERTEXPOINT(#1671) ;
#1679=IFCVERTEXPOINT(#1678) ;
#1686=IFCVERTEXPOINT(#1685) ;
#1787=IFCVERTEXPOINT(#1786) ;
#1789=IFCVERTEXPOINT(#1788) ;
#1796=IFCVERTEXPOINT(#1795) ;
#1803=IFCVERTEXPOINT(#1802) ;
#1828=IFCVERTEXPOINT(#1827) ;
#1830=IFCVERTEXPOINT(#1829) ;
#1860=IFCVERTEXPOINT(#1859) ;
#1885=IFCVERTEXPOINT(#1884) ;
#1945=IFCVERTEXPOINT(#1944) ;
#1947=IFCVERTEXPOINT(#1946) ;
#1954=IFCVERTEXPOINT(#1953) ;
#1961=IFCVERTEXPOINT(#1960) ;
#1986=IFCVERTEXPOINT(#1985) ;
#1988=IFCVERTEXPOINT(#1987) ;
#2018=IFCVERTEXPOINT(#2017) ;
#2043=IFCVERTEXPOINT(#2042) ;
#2103=IFCVERTEXPOINT(#2102) ;
#2105=IFCVERTEXPOINT(#2104) ;
#2112=IFCVERTEXPOINT(#2111) ;
#2119=IFCVERTEXPOINT(#2118) ;
#2144=IFCVERTEXPOINT(#2143) ;
#2146=IFCVERTEXPOINT(#2145) ;
#2176=IFCVERTEXPOINT(#2175) ;
#2201=IFCVERTEXPOINT(#2200) ;
#2261=IFCVERTEXPOINT(#2260) ;
#2263=IFCVERTEXPOINT(#2262) ;
#2270=IFCVERTEXPOINT(#2269) ;
#2277=IFCVERTEXPOINT(#2276) ;
#2302=IFCVERTEXPOINT(#2301) ;
#2304=IFCVERTEXPOINT(#2303) ;
#2334=IFCVERTEXPOINT(#2333) ;
#2359=IFCVERTEXPOINT(#2358) ;
#2419=IFCVERTEXPOINT(#2418) ;
#2421=IFCVERTEXPOINT(#2420) ;
#2428=IFCVERTEXPOINT(#2427) ;
#2435=IFCVERTEXPOINT(#2434) ;
#2460=IFCVERTEXPOINT(#2459) ;
#2462=IFCVERTEXPOINT(#2461) ;
#2492=IFCVERTEXPOINT(#2491) ;
#2517=IFCVERTEXPOINT(#2516) ;
#2577=IFCVERTEXPOINT(#2576) ;
#2579=IFCVERTEXPOINT(#2578) ;
#2586=IFCVERTEXPOINT(#2585) ;
#2593=IFCVERTEXPOINT(#2592) ;
#2618=IFCVERTEXPOINT(#2617) ;
#2625=IFCVERTEXPOINT(#2624) ;
#2650=IFCVERTEXPOINT(#2649) ;
#2652=IFCVERTEXPOINT(#2651) ;
#2735=IFCVERTEXPOINT(#2734) ;
#2737=IFCVERTEXPOINT(#2736) ;
#2744=IFCVERTEXPOINT(#2743) ;
#2751=IFCVERTEXPOINT(#2750) ;
#2776=IFCVERTEXPOINT(#2775) ;
#2783=IFCVERTEXPOINT(#2782) ;
#2790=IFCVERTEXPOINT(#2789) ;
#2797=IFCVERTEXPOINT(#2796) ;
#2804=IFCVERTEXPOINT(#2803) ;
#2811=IFCVERTEXPOINT(#2810) ;
#2841=IFCVERTEXPOINT(#2840) ;
#2843=IFCVERTEXPOINT(#2842) ;
#2855=IFCVERTEXPOINT(#2854) ;
#2863=IFCVERTEXPOINT(#2862) ;
#2890=IFCVERTEXPOINT(#2889) ;
#2892=IFCVERTEXPOINT(#2891) ;
#2899=IFCVERTEXPOINT(#2898) ;
#2906=IFCVERTEXPOINT(#2905) ;
#2913=IFCVERTEXPOINT(#2912) ;
#2920=IFCVERTEXPOINT(#2919) ;
#2927=IFCVERTEXPOINT(#2926) ;
#2935=IFCVERTEXPOINT(#2934) ;
#2942=IFCVERTEXPOINT(#2941) ;
#2950=IFCVERTEXPOINT(#2949) ;
#3050=IFCVERTEXPOINT(#3049) ;
#3082=IFCVERTEXPOINT(#3081) ;
#3205=IFCVERTEXPOINT(#3204) ;
#3207=IFCVERTEXPOINT(#3206) ;
#3214=IFCVERTEXPOINT(#3213) ;
#3221=IFCVERTEXPOINT(#3220) ;
#3246=IFCVERTEXPOINT(#3245) ;
#3253=IFCVERTEXPOINT(#3252) ;
#3278=IFCVERTEXPOINT(#3277) ;
#3285=IFCVERTEXPOINT(#3284) ;
#3363=IFCVERTEXPOINT(#3362) ;
#3365=IFCVERTEXPOINT(#3364) ;
#3372=IFCVERTEXPOINT(#3371) ;
#3379=IFCVERTEXPOINT(#3378) ;
#3404=IFCVERTEXPOINT(#3403) ;
#3411=IFCVERTEXPOINT(#3410) ;
#3436=IFCVERTEXPOINT(#3435) ;
#3461=IFCVERTEXPOINT(#3460) ;
#3521=IFCVERTEXPOINT(#3520) ;
#3523=IFCVERTEXPOINT(#3522) ;
#3530=IFCVERTEXPOINT(#3529) ;
#3537=IFCVERTEXPOINT(#3536) ;
#3562=IFCVERTEXPOINT(#3561) ;
#3569=IFCVERTEXPOINT(#3568) ;
#3594=IFCVERTEXPOINT(#3593) ;
#3601=IFCVERTEXPOINT(#3600) ;
#3680=IFCVERTEXPOINT(#3679) ;
#3682=IFCVERTEXPOINT(#3681) ;
#3690=IFCVERTEXPOINT(#3689) ;
#3715=IFCVERTEXPOINT(#3714) ;
#3723=IFCVERTEXPOINT(#3722) ;
#3749=IFCVERTEXPOINT(#3748) ;
#3751=IFCVERTEXPOINT(#3750) ;
#3759=IFCVERTEXPOINT(#3758) ;
#3785=IFCVERTEXPOINT(#3784) ;
#3787=IFCVERTEXPOINT(#3786) ;
#3794=IFCVERTEXPOINT(#3793) ;
#3802=IFCVERTEXPOINT(#3801) ;
#3828=IFCVERTEXPOINT(#3827) ;
#3830=IFCVERTEXPOINT(#3829) ;
#3837=IFCVERTEXPOINT(#3836) ;
#3845=IFCVERTEXPOINT(#3844) ;
#3871=IFCVERTEXPOINT(#3870) ;
#3873=IFCVERTEXPOINT(#3872) ;
#3904=IFCVERTEXPOINT(#3903) ;
#3906=IFCVERTEXPOINT(#3905) ;
#3913=IFCVERTEXPOINT(#3912) ;
#3921=IFCVERTEXPOINT(#3920) ;
#3947=IFCVERTEXPOINT(#3946) ;
#3949=IFCVERTEXPOINT(#3948) ;
#3956=IFCVERTEXPOINT(#3955) ;
#3964=IFCVERTEXPOINT(#3963) ;
#3990=IFCVERTEXPOINT(#3989) ;
#4016=IFCVERTEXPOINT(#4015) ;
#4018=IFCVERTEXPOINT(#4017) ;
#4025=IFCVERTEXPOINT(#4024) ;
#4032=IFCVERTEXPOINT(#4031) ;
#4039=IFCVERTEXPOINT(#4038) ;
#4047=IFCVERTEXPOINT(#4046) ;
#4075=IFCVERTEXPOINT(#4074) ;
#4077=IFCVERTEXPOINT(#4076) ;
#4084=IFCVERTEXPOINT(#4083) ;
#4092=IFCVERTEXPOINT(#4091) ;
#4118=IFCVERTEXPOINT(#4117) ;
#4120=IFCVERTEXPOINT(#4119) ;
#4128=IFCVERTEXPOINT(#4127) ;
#4153=IFCVERTEXPOINT(#4152) ;
#4161=IFCVERTEXPOINT(#4160) ;
#4187=IFCVERTEXPOINT(#4186) ;
#4213=IFCVERTEXPOINT(#4212) ;
#4215=IFCVERTEXPOINT(#4214) ;
#4223=IFCVERTEXPOINT(#4222) ;
#4249=IFCVERTEXPOINT(#4248) ;
#4251=IFCVERTEXPOINT(#4250) ;
#4258=IFCVERTEXPOINT(#4257) ;
#4266=IFCVERTEXPOINT(#4265) ;
#4292=IFCVERTEXPOINT(#4291) ;
#4317=IFCVERTEXPOINT(#4316) ;
#4319=IFCVERTEXPOINT(#4318) ;
#4327=IFCVERTEXPOINT(#4326) ;
#4334=IFCVERTEXPOINT(#4333) ;
#4360=IFCVERTEXPOINT(#4359) ;
#4367=IFCVERTEXPOINT(#4366) ;
#4393=IFCVERTEXPOINT(#4392) ;
#4400=IFCVERTEXPOINT(#4399) ;
#4426=IFCVERTEXPOINT(#4425) ;
#4433=IFCVERTEXPOINT(#4432) ;
#4459=IFCVERTEXPOINT(#4458) ;
#4466=IFCVERTEXPOINT(#4465) ;
#4492=IFCVERTEXPOINT(#4491) ;
#4499=IFCVERTEXPOINT(#4498) ;
#4525=IFCVERTEXPOINT(#4524) ;
#4532=IFCVERTEXPOINT(#4531) ;
#4644=IFCVERTEXPOINT(#4643) ;
#4652=IFCVERTEXPOINT(#4651) ;
#4677=IFCVERTEXPOINT(#4676) ;
#4684=IFCVERTEXPOINT(#4683) ;
#4709=IFCVERTEXPOINT(#4708) ;
#4735=IFCVERTEXPOINT(#4734) ;
#4742=IFCVERTEXPOINT(#4741) ;
#4749=IFCVERTEXPOINT(#4748) ;
#4756=IFCVERTEXPOINT(#4755) ;
#4763=IFCVERTEXPOINT(#4762) ;
#4770=IFCVERTEXPOINT(#4769) ;
#4805=IFCVERTEXPOINT(#4804) ;
#4848=IFCVERTEXPOINT(#4847) ;
#4850=IFCVERTEXPOINT(#4849) ;
#4857=IFCVERTEXPOINT(#4856) ;
#4864=IFCVERTEXPOINT(#4863) ;
#4871=IFCVERTEXPOINT(#4870) ;
#4878=IFCVERTEXPOINT(#4877) ;
#4885=IFCVERTEXPOINT(#4884) ;
#4892=IFCVERTEXPOINT(#4891) ;
#4909=IFCVERTEXPOINT(#4908) ;
#4921=IFCVERTEXPOINT(#4920) ;
#4968=IFCVERTEXPOINT(#4967) ;
#4970=IFCVERTEXPOINT(#4969) ;
#4977=IFCVERTEXPOINT(#4976) ;
#4984=IFCVERTEXPOINT(#4983) ;
#4991=IFCVERTEXPOINT(#4990) ;
#4998=IFCVERTEXPOINT(#4997) ;
#5005=IFCVERTEXPOINT(#5004) ;
#5012=IFCVERTEXPOINT(#5011) ;
#5019=IFCVERTEXPOINT(#5018) ;
#5026=IFCVERTEXPOINT(#5025) ;
#5033=IFCVERTEXPOINT(#5032) ;
#5045=IFCVERTEXPOINT(#5044) ;
#5057=IFCVERTEXPOINT(#5056) ;
#5084=IFCVERTEXPOINT(#5083) ;
#5091=IFCVERTEXPOINT(#5090) ;
#5098=IFCVERTEXPOINT(#5097) ;
#5105=IFCVERTEXPOINT(#5104) ;
#5112=IFCVERTEXPOINT(#5111) ;
#5119=IFCVERTEXPOINT(#5118) ;
#5126=IFCVERTEXPOINT(#5125) ;
#5207=IFCVERTEXPOINT(#5206) ;
#5214=IFCVERTEXPOINT(#5213) ;
#5239=IFCVERTEXPOINT(#5238) ;
#5241=IFCVERTEXPOINT(#5240) ;
#5258=IFCVERTEXPOINT(#5257) ;
#5266=IFCVERTEXPOINT(#5265) ;
#5273=IFCVERTEXPOINT(#5272) ;
#5281=IFCVERTEXPOINT(#5280) ;
#5425=IFCVERTEXPOINT(#5424) ;
#5427=IFCVERTEXPOINT(#5426) ;
#5434=IFCVERTEXPOINT(#5433) ;
#5442=IFCVERTEXPOINT(#5441) ;
#5449=IFCVERTEXPOINT(#5448) ;
#5457=IFCVERTEXPOINT(#5456) ;
#5484=IFCVERTEXPOINT(#5483) ;
#5491=IFCVERTEXPOINT(#5490) ;
#5517=IFCVERTEXPOINT(#5516) ;
#5524=IFCVERTEXPOINT(#5523) ;
#5531=IFCVERTEXPOINT(#5530) ;
#5538=IFCVERTEXPOINT(#5537) ;
#5545=IFCVERTEXPOINT(#5544) ;
#5552=IFCVERTEXPOINT(#5551) ;
#5559=IFCVERTEXPOINT(#5558) ;
#5566=IFCVERTEXPOINT(#5565) ;
#5689=IFCVERTEXPOINT(#5688) ;
#5741=IFCVERTEXPOINT(#5740) ;
#5748=IFCVERTEXPOINT(#5747) ;
#5762=IFCVERTEXPOINT(#5761) ;
#5769=IFCVERTEXPOINT(#5768) ;
#5800=IFCVERTEXPOINT(#5799) ;
#5807=IFCVERTEXPOINT(#5806) ;
#5844=IFCVERTEXPOINT(#5843) ;
#5851=IFCVERTEXPOINT(#5850) ;
#5865=IFCVERTEXPOINT(#5864) ;
#5872=IFCVERTEXPOINT(#5871) ;
#5903=IFCVERTEXPOINT(#5902) ;
#5910=IFCVERTEXPOINT(#5909) ;
#5924=IFCVERTEXPOINT(#5923) ;
#5931=IFCVERTEXPOINT(#5930) ;
#5962=IFCVERTEXPOINT(#5961) ;
#5969=IFCVERTEXPOINT(#5968) ;
#5983=IFCVERTEXPOINT(#5982) ;
#5990=IFCVERTEXPOINT(#5989) ;
#6021=IFCVERTEXPOINT(#6020) ;
#6028=IFCVERTEXPOINT(#6027) ;
#6042=IFCVERTEXPOINT(#6041) ;
#6115=IFCVERTEXPOINT(#6114) ;
#6140=IFCVERTEXPOINT(#6139) ;
#6185=IFCVERTEXPOINT(#6184) ;
#6210=IFCVERTEXPOINT(#6209) ;
#6272=IFCVERTEXPOINT(#6271) ;
#6512=IFCVERTEXPOINT(#6511) ;
#6537=IFCVERTEXPOINT(#6536) ;
#6631=IFCVERTEXPOINT(#6630) ;
#6656=IFCVERTEXPOINT(#6655) ;
#7183=IFCPRODUCTDEFINITIONSHAPE($,$,(#29)) ;
#11=IFCCONVERSIONBASEDUNIT(#12,.LENGTHUNIT.,'METRE',#13) ;
#30=IFCCLOSEDSHELL((#70,#115,#138,#156,#174,#187)) ;
#196=IFCCLOSEDSHELL((#236,#277,#300,#318,#336,#349)) ;
#354=IFCCLOSEDSHELL((#394,#435,#458,#476,#494,#507)) ;
#512=IFCCLOSEDSHELL((#552,#593,#616,#634,#652,#665)) ;
#670=IFCCLOSEDSHELL((#710,#751,#774,#792,#810,#823)) ;
#828=IFCCLOSEDSHELL((#868,#909,#932,#950,#968,#981)) ;
#986=IFCCLOSEDSHELL((#1026,#1067,#1090,#1108,#1126,#1139)) ;
#1144=IFCCLOSEDSHELL((#1184,#1225,#1248,#1266,#1284,#1297)) ;
#1302=IFCCLOSEDSHELL((#1342,#1383,#1406,#1424,#1442,#1455)) ;
#1460=IFCCLOSEDSHELL((#1500,#1541,#1564,#1582,#1600,#1613)) ;
#1618=IFCCLOSEDSHELL((#1658,#1699,#1722,#1740,#1758,#1771)) ;
#1776=IFCCLOSEDSHELL((#1816,#1848,#1873,#1898,#1916,#1929)) ;
#1934=IFCCLOSEDSHELL((#1974,#2006,#2031,#2056,#2074,#2087)) ;
#2092=IFCCLOSEDSHELL((#2132,#2164,#2189,#2214,#2232,#2245)) ;
#2250=IFCCLOSEDSHELL((#2290,#2322,#2347,#2372,#2390,#2403)) ;
#2408=IFCCLOSEDSHELL((#2448,#2480,#2505,#2530,#2548,#2561)) ;
#2566=IFCCLOSEDSHELL((#2606,#2638,#2670,#2688,#2706,#2719)) ;
#2724=IFCCLOSEDSHELL((#2764,#2828,#2878,#2969,#2992,#3015,#3038,#3070,#3097,#3115,#3128,#3143,#3163,#3176,#3189)) ;
#3194=IFCCLOSEDSHELL((#3234,#3266,#3298,#3321,#3334,#3347)) ;
#3352=IFCCLOSEDSHELL((#3392,#3424,#3449,#3474,#3492,#3505)) ;
#3510=IFCCLOSEDSHELL((#3550,#3582,#3614,#3637,#3650,#3663)) ;
#3668=IFCCLOSEDSHELL((#3703,#3736,#3772,#3815,#3858,#3891,#3934,#3977,#4003,#4062,#4105,#4141,#4174,#4200,#4236,#4279,#4305,#4348,#4380,#4414,#4446,#4480,#4512,#4546,#4569,#4586,#4609,#4632,#4665,#4697,#4723,#4787,#4818,#4836,#4956,#5172,#5195,#5227,#5300,#5323,#5343,#5368,#5388,#5413,#5472,#5504,#5586,#5609,#5632,#5652,#5677,#5704,#5728,#5787,#5831,#5890,#5949,#6008,#6059,#6083,#6102,#6128,#6154,#6172,#6198,#6224,#6242,#6260,#6286,#6304,#6322,#6341,#6353,#6377,#6389,#6407,#6425,#6444,#6468,#6487,#6499,#6525,#6551,#6569,#6587,#6606,#6618,#6644,#6670,#6688,#6700,#6718,#6737,#6755,#6773,#6792,#6815,#6828,#6841,#6865,#6883,#6896,#6914,#6932,#6945,#6969,#6991,#7010,#7023,#7036,#7049,#7062,#7075,#7088,#7101,#7114,#7127,#7140,#7152,#7164,#7176)) ;
#4955=IFCFACEBOUND(#4946,.T.) ;
#194=IFCADVANCEDBREP(#30) ;
#352=IFCADVANCEDBREP(#196) ;
#510=IFCADVANCEDBREP(#354) ;
#668=IFCADVANCEDBREP(#512) ;
#826=IFCADVANCEDBREP(#670) ;
#984=IFCADVANCEDBREP(#828) ;
#1142=IFCADVANCEDBREP(#986) ;
#1300=IFCADVANCEDBREP(#1144) ;
#1458=IFCADVANCEDBREP(#1302) ;
#1616=IFCADVANCEDBREP(#1460) ;
#1774=IFCADVANCEDBREP(#1618) ;
#1932=IFCADVANCEDBREP(#1776) ;
#2090=IFCADVANCEDBREP(#1934) ;
#2248=IFCADVANCEDBREP(#2092) ;
#2406=IFCADVANCEDBREP(#2250) ;
#2564=IFCADVANCEDBREP(#2408) ;
#2722=IFCADVANCEDBREP(#2566) ;
#3192=IFCADVANCEDBREP(#2724) ;
#3350=IFCADVANCEDBREP(#3194) ;
#3508=IFCADVANCEDBREP(#3352) ;
#3666=IFCADVANCEDBREP(#3510) ;
#7179=IFCADVANCEDBREP(#3668) ;
#70=IFCADVANCEDFACE((#69),#31,.T.) ;
#115=IFCADVANCEDFACE((#114),#76,.F.) ;
#138=IFCADVANCEDFACE((#137),#117,.F.) ;
#156=IFCADVANCEDFACE((#155),#140,.F.) ;
#174=IFCADVANCEDFACE((#173),#158,.F.) ;
#187=IFCADVANCEDFACE((#186),#176,.F.) ;
#236=IFCADVANCEDFACE((#235),#197,.T.) ;
#277=IFCADVANCEDFACE((#276),#238,.F.) ;
#300=IFCADVANCEDFACE((#299),#279,.F.) ;
#318=IFCADVANCEDFACE((#317),#302,.F.) ;
#336=IFCADVANCEDFACE((#335),#320,.F.) ;
#349=IFCADVANCEDFACE((#348),#338,.F.) ;
#394=IFCADVANCEDFACE((#393),#355,.T.) ;
#435=IFCADVANCEDFACE((#434),#396,.F.) ;
#458=IFCADVANCEDFACE((#457),#437,.F.) ;
#476=IFCADVANCEDFACE((#475),#460,.F.) ;
#494=IFCADVANCEDFACE((#493),#478,.F.) ;
#507=IFCADVANCEDFACE((#506),#496,.F.) ;
#552=IFCADVANCEDFACE((#551),#513,.T.) ;
#593=IFCADVANCEDFACE((#592),#554,.F.) ;
#616=IFCADVANCEDFACE((#615),#595,.F.) ;
#634=IFCADVANCEDFACE((#633),#618,.F.) ;
#652=IFCADVANCEDFACE((#651),#636,.F.) ;
#665=IFCADVANCEDFACE((#664),#654,.F.) ;
#710=IFCADVANCEDFACE((#709),#671,.T.) ;
#751=IFCADVANCEDFACE((#750),#712,.F.) ;
#774=IFCADVANCEDFACE((#773),#753,.F.) ;
#792=IFCADVANCEDFACE((#791),#776,.F.) ;
#810=IFCADVANCEDFACE((#809),#794,.F.) ;
#823=IFCADVANCEDFACE((#822),#812,.F.) ;
#868=IFCADVANCEDFACE((#867),#829,.T.) ;
#909=IFCADVANCEDFACE((#908),#870,.F.) ;
#932=IFCADVANCEDFACE((#931),#911,.F.) ;
#950=IFCADVANCEDFACE((#949),#934,.F.) ;
#968=IFCADVANCEDFACE((#967),#952,.F.) ;
#981=IFCADVANCEDFACE((#980),#970,.F.) ;
#1026=IFCADVANCEDFACE((#1025),#987,.T.) ;
#1067=IFCADVANCEDFACE((#1066),#1028,.F.) ;
#1090=IFCADVANCEDFACE((#1089),#1069,.F.) ;
#1108=IFCADVANCEDFACE((#1107),#1092,.F.) ;
#1126=IFCADVANCEDFACE((#1125),#1110,.F.) ;
#1139=IFCADVANCEDFACE((#1138),#1128,.F.) ;
#1184=IFCADVANCEDFACE((#1183),#1145,.T.) ;
#1225=IFCADVANCEDFACE((#1224),#1186,.F.) ;
#1248=IFCADVANCEDFACE((#1247),#1227,.F.) ;
#1266=IFCADVANCEDFACE((#1265),#1250,.F.) ;
#1284=IFCADVANCEDFACE((#1283),#1268,.F.) ;
#1297=IFCADVANCEDFACE((#1296),#1286,.F.) ;
#1342=IFCADVANCEDFACE((#1341),#1303,.T.) ;
#1383=IFCADVANCEDFACE((#1382),#1344,.F.) ;
#1406=IFCADVANCEDFACE((#1405),#1385,.F.) ;
#1424=IFCADVANCEDFACE((#1423),#1408,.F.) ;
#1442=IFCADVANCEDFACE((#1441),#1426,.F.) ;
#1455=IFCADVANCEDFACE((#1454),#1444,.F.) ;
#1500=IFCADVANCEDFACE((#1499),#1461,.T.) ;
#1541=IFCADVANCEDFACE((#1540),#1502,.F.) ;
#1564=IFCADVANCEDFACE((#1563),#1543,.F.) ;
#1582=IFCADVANCEDFACE((#1581),#1566,.F.) ;
#1600=IFCADVANCEDFACE((#1599),#1584,.F.) ;
#1613=IFCADVANCEDFACE((#1612),#1602,.F.) ;
#1658=IFCADVANCEDFACE((#1657),#1619,.T.) ;
#1699=IFCADVANCEDFACE((#1698),#1660,.F.) ;
#1722=IFCADVANCEDFACE((#1721),#1701,.F.) ;
#1740=IFCADVANCEDFACE((#1739),#1724,.F.) ;
#1758=IFCADVANCEDFACE((#1757),#1742,.F.) ;
#1771=IFCADVANCEDFACE((#1770),#1760,.F.) ;
#1816=IFCADVANCEDFACE((#1815),#1777,.F.) ;
#1848=IFCADVANCEDFACE((#1847),#1818,.F.) ;
#1873=IFCADVANCEDFACE((#1872),#1850,.F.) ;
#1898=IFCADVANCEDFACE((#1897),#1875,.F.) ;
#1916=IFCADVANCEDFACE((#1915),#1900,.F.) ;
#1929=IFCADVANCEDFACE((#1928),#1918,.T.) ;
#1974=IFCADVANCEDFACE((#1973),#1935,.F.) ;
#2006=IFCADVANCEDFACE((#2005),#1976,.F.) ;
#2031=IFCADVANCEDFACE((#2030),#2008,.F.) ;
#2056=IFCADVANCEDFACE((#2055),#2033,.F.) ;
#2074=IFCADVANCEDFACE((#2073),#2058,.F.) ;
#2087=IFCADVANCEDFACE((#2086),#2076,.T.) ;
#2132=IFCADVANCEDFACE((#2131),#2093,.F.) ;
#2164=IFCADVANCEDFACE((#2163),#2134,.F.) ;
#2189=IFCADVANCEDFACE((#2188),#2166,.F.) ;
#2214=IFCADVANCEDFACE((#2213),#2191,.F.) ;
#2232=IFCADVANCEDFACE((#2231),#2216,.F.) ;
#2245=IFCADVANCEDFACE((#2244),#2234,.T.) ;
#2290=IFCADVANCEDFACE((#2289),#2251,.F.) ;
#2322=IFCADVANCEDFACE((#2321),#2292,.F.) ;
#2347=IFCADVANCEDFACE((#2346),#2324,.F.) ;
#2372=IFCADVANCEDFACE((#2371),#2349,.F.) ;
#2390=IFCADVANCEDFACE((#2389),#2374,.F.) ;
#2403=IFCADVANCEDFACE((#2402),#2392,.T.) ;
#2448=IFCADVANCEDFACE((#2447),#2409,.F.) ;
#2480=IFCADVANCEDFACE((#2479),#2450,.T.) ;
#2505=IFCADVANCEDFACE((#2504),#2482,.F.) ;
#2530=IFCADVANCEDFACE((#2529),#2507,.F.) ;
#2548=IFCADVANCEDFACE((#2547),#2532,.F.) ;
#2561=IFCADVANCEDFACE((#2560),#2550,.T.) ;
#2606=IFCADVANCEDFACE((#2605),#2567,.F.) ;
#2638=IFCADVANCEDFACE((#2637),#2608,.F.) ;
#2670=IFCADVANCEDFACE((#2669),#2640,.F.) ;
#2688=IFCADVANCEDFACE((#2687),#2672,.F.) ;
#2706=IFCADVANCEDFACE((#2705),#2690,.T.) ;
#2719=IFCADVANCEDFACE((#2718),#2708,.F.) ;
#2764=IFCADVANCEDFACE((#2763),#2725,.F.) ;
#2828=IFCADVANCEDFACE((#2827),#2766,.F.) ;
#2878=IFCADVANCEDFACE((#2877),#2830,.F.) ;
#2969=IFCADVANCEDFACE((#2968),#2880,.F.) ;
#2992=IFCADVANCEDFACE((#2991),#2971,.F.) ;
#3015=IFCADVANCEDFACE((#3014),#2998,.F.) ;
#3038=IFCADVANCEDFACE((#3037),#3021,.F.) ;
#3070=IFCADVANCEDFACE((#3069),#3040,.F.) ;
#3097=IFCADVANCEDFACE((#3096),#3072,.T.) ;
#3115=IFCADVANCEDFACE((#3114),#3099,.F.) ;
#3128=IFCADVANCEDFACE((#3127),#3121,.T.) ;
#3143=IFCADVANCEDFACE((#3142),#3130,.F.) ;
#3163=IFCADVANCEDFACE((#3162),#3145,.T.) ;
#3176=IFCADVANCEDFACE((#3175),#3165,.F.) ;
#3189=IFCADVANCEDFACE((#3188),#3178,.F.) ;
#3234=IFCADVANCEDFACE((#3233),#3195,.F.) ;
#3266=IFCADVANCEDFACE((#3265),#3236,.F.) ;
#3298=IFCADVANCEDFACE((#3297),#3268,.F.) ;
#3321=IFCADVANCEDFACE((#3320),#3300,.F.) ;
#3334=IFCADVANCEDFACE((#3333),#3323,.T.) ;
#3347=IFCADVANCEDFACE((#3346),#3336,.T.) ;
#3392=IFCADVANCEDFACE((#3391),#3353,.T.) ;
#3424=IFCADVANCEDFACE((#3423),#3394,.F.) ;
#3449=IFCADVANCEDFACE((#3448),#3426,.F.) ;
#3474=IFCADVANCEDFACE((#3473),#3451,.F.) ;
#3492=IFCADVANCEDFACE((#3491),#3476,.F.) ;
#3505=IFCADVANCEDFACE((#3504),#3494,.T.) ;
#3550=IFCADVANCEDFACE((#3549),#3511,.F.) ;
#3582=IFCADVANCEDFACE((#3581),#3552,.F.) ;
#3614=IFCADVANCEDFACE((#3613),#3584,.F.) ;
#3637=IFCADVANCEDFACE((#3636),#3616,.F.) ;
#3650=IFCADVANCEDFACE((#3649),#3639,.T.) ;
#3663=IFCADVANCEDFACE((#3662),#3652,.T.) ;
#3703=IFCADVANCEDFACE((#3702),#3673,.F.) ;
#3736=IFCADVANCEDFACE((#3735),#3709,.F.) ;
#3772=IFCADVANCEDFACE((#3771),#3742,.F.) ;
#3815=IFCADVANCEDFACE((#3814),#3778,.F.) ;
#3858=IFCADVANCEDFACE((#3857),#3821,.F.) ;
#3891=IFCADVANCEDFACE((#3890),#3864,.F.) ;
#3934=IFCADVANCEDFACE((#3933),#3897,.F.) ;
#3977=IFCADVANCEDFACE((#3976),#3940,.F.) ;
#4003=IFCADVANCEDFACE((#4002),#3983,.F.) ;
#4062=IFCADVANCEDFACE((#4061),#4005,.F.) ;
#4105=IFCADVANCEDFACE((#4104),#4068,.F.) ;
#4141=IFCADVANCEDFACE((#4140),#4111,.F.) ;
#4174=IFCADVANCEDFACE((#4173),#4147,.F.) ;
#4200=IFCADVANCEDFACE((#4199),#4180,.F.) ;
#4236=IFCADVANCEDFACE((#4235),#4206,.F.) ;
#4279=IFCADVANCEDFACE((#4278),#4242,.F.) ;
#4305=IFCADVANCEDFACE((#4304),#4285,.F.) ;
#4348=IFCADVANCEDFACE((#4347),#4311,.F.) ;
#4380=IFCADVANCEDFACE((#4379),#4350,.T.) ;
#4414=IFCADVANCEDFACE((#4413),#4386,.F.) ;
#4446=IFCADVANCEDFACE((#4445),#4416,.T.) ;
#4480=IFCADVANCEDFACE((#4479),#4452,.F.) ;
#4512=IFCADVANCEDFACE((#4511),#4482,.T.) ;
#4546=IFCADVANCEDFACE((#4545),#4518,.F.) ;
#4569=IFCADVANCEDFACE((#4568),#4548,.T.) ;
#4586=IFCADVANCEDFACE((#4585),#4571,.F.) ;
#4609=IFCADVANCEDFACE((#4608),#4592,.F.) ;
#4632=IFCADVANCEDFACE((#4631),#4611,.T.) ;
#4665=IFCADVANCEDFACE((#4664),#4638,.F.) ;
#4697=IFCADVANCEDFACE((#4696),#4667,.T.) ;
#4723=IFCADVANCEDFACE((#4722),#4703,.F.) ;
#4787=IFCADVANCEDFACE((#4786),#4725,.T.) ;
#4818=IFCADVANCEDFACE((#4817),#4793,.F.) ;
#4836=IFCADVANCEDFACE((#4835),#4820,.T.) ;
#4956=IFCADVANCEDFACE((#4945,#4955),#4838,.T.) ;
#5172=IFCADVANCEDFACE((#5171),#4958,.F.) ;
#5195=IFCADVANCEDFACE((#5194),#5174,.F.) ;
#5227=IFCADVANCEDFACE((#5226),#5197,.F.) ;
#5300=IFCADVANCEDFACE((#5299),#5229,.F.) ;
#5323=IFCADVANCEDFACE((#5322),#5302,.F.) ;
#5343=IFCADVANCEDFACE((#5342),#5325,.F.) ;
#5368=IFCADVANCEDFACE((#5367),#5345,.T.) ;
#5388=IFCADVANCEDFACE((#5387),#5370,.F.) ;
#5413=IFCADVANCEDFACE((#5412),#5390,.T.) ;
#5472=IFCADVANCEDFACE((#5471),#5415,.T.) ;
#5504=IFCADVANCEDFACE((#5503),#5474,.T.) ;
#5586=IFCADVANCEDFACE((#5585),#5506,.T.) ;
#5609=IFCADVANCEDFACE((#5608),#5588,.T.) ;
#5632=IFCADVANCEDFACE((#5631),#5611,.T.) ;
#5652=IFCADVANCEDFACE((#5651),#5634,.F.) ;
#5677=IFCADVANCEDFACE((#5676),#5654,.T.) ;
#5704=IFCADVANCEDFACE((#5703),#5679,.F.) ;
#5728=IFCADVANCEDFACE((#5727),#5706,.T.) ;
#5787=IFCADVANCEDFACE((#5786),#5730,.F.) ;
#5831=IFCADVANCEDFACE((#5830),#5789,.T.) ;
#5890=IFCADVANCEDFACE((#5889),#5833,.T.) ;
#5949=IFCADVANCEDFACE((#5948),#5892,.T.) ;
#6008=IFCADVANCEDFACE((#6007),#5951,.T.) ;
#6059=IFCADVANCEDFACE((#6058),#6010,.F.) ;
#6083=IFCADVANCEDFACE((#6082),#6065,.F.) ;
#6102=IFCADVANCEDFACE((#6101),#6089,.F.) ;
#6128=IFCADVANCEDFACE((#6127),#6108,.F.) ;
#6154=IFCADVANCEDFACE((#6153),#6134,.F.) ;
#6172=IFCADVANCEDFACE((#6171),#6160,.F.) ;
#6198=IFCADVANCEDFACE((#6197),#6178,.F.) ;
#6224=IFCADVANCEDFACE((#6223),#6204,.F.) ;
#6242=IFCADVANCEDFACE((#6241),#6230,.F.) ;
#6260=IFCADVANCEDFACE((#6259),#6248,.F.) ;
#6286=IFCADVANCEDFACE((#6285),#6266,.F.) ;
#6304=IFCADVANCEDFACE((#6303),#6292,.F.) ;
#6322=IFCADVANCEDFACE((#6321),#6310,.F.) ;
#6341=IFCADVANCEDFACE((#6340),#6328,.F.) ;
#6353=IFCADVANCEDFACE((#6352),#6347,.F.) ;
#6377=IFCADVANCEDFACE((#6376),#6359,.F.) ;
#6389=IFCADVANCEDFACE((#6388),#6383,.F.) ;
#6407=IFCADVANCEDFACE((#6406),#6395,.F.) ;
#6425=IFCADVANCEDFACE((#6424),#6413,.F.) ;
#6444=IFCADVANCEDFACE((#6443),#6431,.F.) ;
#6468=IFCADVANCEDFACE((#6467),#6450,.F.) ;
#6487=IFCADVANCEDFACE((#6486),#6474,.F.) ;
#6499=IFCADVANCEDFACE((#6498),#6493,.F.) ;
#6525=IFCADVANCEDFACE((#6524),#6505,.F.) ;
#6551=IFCADVANCEDFACE((#6550),#6531,.F.) ;
#6569=IFCADVANCEDFACE((#6568),#6557,.F.) ;
#6587=IFCADVANCEDFACE((#6586),#6575,.F.) ;
#6606=IFCADVANCEDFACE((#6605),#6593,.F.) ;
#6618=IFCADVANCEDFACE((#6617),#6612,.F.) ;
#6644=IFCADVANCEDFACE((#6643),#6624,.F.) ;
#6670=IFCADVANCEDFACE((#6669),#6650,.F.) ;
#6688=IFCADVANCEDFACE((#6687),#6676,.F.) ;
#6700=IFCADVANCEDFACE((#6699),#6694,.F.) ;
#6718=IFCADVANCEDFACE((#6717),#6706,.F.) ;
#6737=IFCADVANCEDFACE((#6736),#6724,.F.) ;
#6755=IFCADVANCEDFACE((#6754),#6743,.F.) ;
#6773=IFCADVANCEDFACE((#6772),#6757,.T.) ;
#6792=IFCADVANCEDFACE((#6791),#6779,.F.) ;
#6815=IFCADVANCEDFACE((#6814),#6794,.T.) ;
#6828=IFCADVANCEDFACE((#6827),#6821,.F.) ;
#6841=IFCADVANCEDFACE((#6840),#6834,.F.) ;
#6865=IFCADVANCEDFACE((#6864),#6847,.F.) ;
#6883=IFCADVANCEDFACE((#6882),#6871,.F.) ;
#6896=IFCADVANCEDFACE((#6895),#6885,.T.) ;
#6914=IFCADVANCEDFACE((#6913),#6902,.F.) ;
#6932=IFCADVANCEDFACE((#6931),#6920,.F.) ;
#6945=IFCADVANCEDFACE((#6944),#6934,.T.) ;
#6969=IFCADVANCEDFACE((#6968),#6951,.F.) ;
#6991=IFCADVANCEDFACE((#6990),#6971,.T.) ;
#7010=IFCADVANCEDFACE((#7009),#6997,.F.) ;
#7023=IFCADVANCEDFACE((#7022),#7016,.F.) ;
#7036=IFCADVANCEDFACE((#7035),#7025,.T.) ;
#7049=IFCADVANCEDFACE((#7048),#7042,.F.) ;
#7062=IFCADVANCEDFACE((#7061),#7055,.F.) ;
#7075=IFCADVANCEDFACE((#7074),#7068,.F.) ;
#7088=IFCADVANCEDFACE((#7087),#7077,.T.) ;
#7101=IFCADVANCEDFACE((#7100),#7094,.F.) ;
#7114=IFCADVANCEDFACE((#7113),#7107,.F.) ;
#7127=IFCADVANCEDFACE((#7126),#7120,.F.) ;
#7140=IFCADVANCEDFACE((#7139),#7129,.F.) ;
#7152=IFCADVANCEDFACE((#7151),#7146,.F.) ;
#7164=IFCADVANCEDFACE((#7163),#7158,.F.) ;
#7176=IFCADVANCEDFACE((#7175),#7170,.F.) ;
#22=IFCBUILDING('0nqMpi8Paw0nzKhWUE8xat',#5,'default Building',$,$,$,$,$,.ELEMENT.,$,$,$) ;
#7181=IFCBUILDINGELEMENTPROXY('SY00RM00Wf00J800hJbq4S',#5,'02.076 (IFC v2)',$,$,#7182,#7183,$,$) ;
#23=IFCBUILDINGSTOREY('0nr1RePs4O0sfy11UsBqai',#5,'default BuildingStorey',$,$,$,$,$,.ELEMENT.,$) ;
#2835=IFCCIRCLE(#2836,0.01) ;
#2857=IFCCIRCLE(#2858,0.01) ;
#2929=IFCCIRCLE(#2930,0.01) ;
#2944=IFCCIRCLE(#2945,0.01) ;
#3057=IFCCIRCLE(#3058,0.005) ;
#3084=IFCCIRCLE(#3085,0.005) ;
#3674=IFCCIRCLE(#3675,0.005) ;
#3684=IFCCIRCLE(#3685,0.005) ;
#3692=IFCCIRCLE(#3693,0.005) ;
#3717=IFCCIRCLE(#3718,0.005) ;
#3743=IFCCIRCLE(#3744,0.005) ;
#3753=IFCCIRCLE(#3754,0.005) ;
#3761=IFCCIRCLE(#3762,0.005) ;
#3779=IFCCIRCLE(#3780,0.005) ;
#3796=IFCCIRCLE(#3797,0.005) ;
#3822=IFCCIRCLE(#3823,0.005) ;
#3839=IFCCIRCLE(#3840,0.005) ;
#3865=IFCCIRCLE(#3866,0.005) ;
#3898=IFCCIRCLE(#3899,0.005) ;
#3915=IFCCIRCLE(#3916,0.005) ;
#3941=IFCCIRCLE(#3942,0.005) ;
#3958=IFCCIRCLE(#3959,0.005) ;
#3984=IFCCIRCLE(#3985,0.005) ;
#3992=IFCCIRCLE(#3993,0.005) ;
#4010=IFCCIRCLE(#4011,0.01) ;
#4041=IFCCIRCLE(#4042,0.01) ;
#4069=IFCCIRCLE(#4070,0.005) ;
#4086=IFCCIRCLE(#4087,0.005) ;
#4112=IFCCIRCLE(#4113,0.005) ;
#4122=IFCCIRCLE(#4123,0.005) ;
#4130=IFCCIRCLE(#4131,0.005) ;
#4155=IFCCIRCLE(#4156,0.005) ;
#4181=IFCCIRCLE(#4182,0.005) ;
#4189=IFCCIRCLE(#4190,0.005) ;
#4207=IFCCIRCLE(#4208,0.005) ;
#4217=IFCCIRCLE(#4218,0.005) ;
#4225=IFCCIRCLE(#4226,0.005) ;
#4243=IFCCIRCLE(#4244,0.005) ;
#4260=IFCCIRCLE(#4261,0.005) ;
#4286=IFCCIRCLE(#4287,0.005) ;
#4294=IFCCIRCLE(#4295,0.005) ;
#4321=IFCCIRCLE(#4322,0.0035) ;
#4336=IFCCIRCLE(#4337,0.0035) ;
#4387=IFCCIRCLE(#4388,0.0035) ;
#4402=IFCCIRCLE(#4403,0.0035) ;
#4453=IFCCIRCLE(#4454,0.0035) ;
#4468=IFCCIRCLE(#4469,0.0035) ;
#4519=IFCCIRCLE(#4520,0.0035) ;
#4534=IFCCIRCLE(#4535,0.0035) ;
#4646=IFCCIRCLE(#4647,0.005) ;
#4711=IFCCIRCLE(#4712,0.005) ;
#4799=IFCCIRCLE(#4800,0.005) ;
#5260=IFCCIRCLE(#5261,0.01) ;
#5275=IFCCIRCLE(#5276,0.01) ;
#5375=IFCCIRCLE(#5376,0.005) ;
#5400=IFCCIRCLE(#5401,0.005) ;
#5436=IFCCIRCLE(#5437,0.01) ;
#5451=IFCCIRCLE(#5452,0.01) ;
#5511=IFCCIRCLE(#5512,0.01) ;
#5568=IFCCIRCLE(#5569,0.01) ;
#5691=IFCCIRCLE(#5692,0.005) ;
#5735=IFCCIRCLE(#5736,0.005) ;
#5750=IFCCIRCLE(#5751,0.005) ;
#5756=IFCCIRCLE(#5757,0.005) ;
#5771=IFCCIRCLE(#5772,0.005) ;
#5794=IFCCIRCLE(#5795,0.005) ;
#5809=IFCCIRCLE(#5810,0.005) ;
#5815=IFCCIRCLE(#5816,0.005) ;
#5838=IFCCIRCLE(#5839,0.005) ;
#5853=IFCCIRCLE(#5854,0.005) ;
#5859=IFCCIRCLE(#5860,0.005) ;
#5874=IFCCIRCLE(#5875,0.005) ;
#5897=IFCCIRCLE(#5898,0.005) ;
#5912=IFCCIRCLE(#5913,0.005) ;
#5918=IFCCIRCLE(#5919,0.005) ;
#5933=IFCCIRCLE(#5934,0.005) ;
#5956=IFCCIRCLE(#5957,0.005) ;
#5971=IFCCIRCLE(#5972,0.005) ;
#5977=IFCCIRCLE(#5978,0.005) ;
#5992=IFCCIRCLE(#5993,0.005) ;
#6015=IFCCIRCLE(#6016,0.005) ;
#6030=IFCCIRCLE(#6031,0.005) ;
#6036=IFCCIRCLE(#6037,0.005) ;
#6066=IFCCIRCLE(#6067,0.005) ;
#6072=IFCCIRCLE(#6073,0.005) ;
#6090=IFCCIRCLE(#6091,0.005) ;
#6109=IFCCIRCLE(#6110,0.005) ;
#6117=IFCCIRCLE(#6118,0.005) ;
#6142=IFCCIRCLE(#6143,0.005) ;
#6161=IFCCIRCLE(#6162,0.005) ;
#6179=IFCCIRCLE(#6180,0.005) ;
#6187=IFCCIRCLE(#6188,0.005) ;
#6212=IFCCIRCLE(#6213,0.005) ;
#6231=IFCCIRCLE(#6232,0.005) ;
#6249=IFCCIRCLE(#6250,0.005) ;
#6274=IFCCIRCLE(#6275,0.005) ;
#6293=IFCCIRCLE(#6294,0.005) ;
#6311=IFCCIRCLE(#6312,0.005) ;
#6329=IFCCIRCLE(#6330,0.005) ;
#6365=IFCCIRCLE(#6366,0.005) ;
#6396=IFCCIRCLE(#6397,0.005) ;
#6414=IFCCIRCLE(#6415,0.005) ;
#6432=IFCCIRCLE(#6433,0.005) ;
#6451=IFCCIRCLE(#6452,0.005) ;
#6457=IFCCIRCLE(#6458,0.005) ;
#6475=IFCCIRCLE(#6476,0.005) ;
#6506=IFCCIRCLE(#6507,0.005) ;
#6514=IFCCIRCLE(#6515,0.005) ;
#6539=IFCCIRCLE(#6540,0.005) ;
#6558=IFCCIRCLE(#6559,0.005) ;
#6576=IFCCIRCLE(#6577,0.005) ;
#6594=IFCCIRCLE(#6595,0.005) ;
#6625=IFCCIRCLE(#6626,0.005) ;
#6633=IFCCIRCLE(#6634,0.005) ;
#6658=IFCCIRCLE(#6659,0.005) ;
#6677=IFCCIRCLE(#6678,0.005) ;
#6707=IFCCIRCLE(#6708,0.005) ;
#6725=IFCCIRCLE(#6726,0.005) ;
#6780=IFCCIRCLE(#6781,0.005) ;
#6848=IFCCIRCLE(#6849,0.005) ;
#6952=IFCCIRCLE(#6953,0.005) ;
#6998=IFCCIRCLE(#6999,0.005) ;
#6=IFCUNITASSIGNMENT((#10,#8,#9,#11)) ;
#31=IFCPLANE(#32) ;
#76=IFCPLANE(#77) ;
#117=IFCPLANE(#118) ;
#140=IFCPLANE(#141) ;
#158=IFCPLANE(#159) ;
#176=IFCPLANE(#177) ;
#197=IFCPLANE(#198) ;
#238=IFCPLANE(#239) ;
#279=IFCPLANE(#280) ;
#302=IFCPLANE(#303) ;
#320=IFCPLANE(#321) ;
#338=IFCPLANE(#339) ;
#355=IFCPLANE(#356) ;
#396=IFCPLANE(#397) ;
#437=IFCPLANE(#438) ;
#460=IFCPLANE(#461) ;
#478=IFCPLANE(#479) ;
#496=IFCPLANE(#497) ;
#513=IFCPLANE(#514) ;
#554=IFCPLANE(#555) ;
#595=IFCPLANE(#596) ;
#618=IFCPLANE(#619) ;
#636=IFCPLANE(#637) ;
#654=IFCPLANE(#655) ;
#671=IFCPLANE(#672) ;
#712=IFCPLANE(#713) ;
#753=IFCPLANE(#754) ;
#776=IFCPLANE(#777) ;
#794=IFCPLANE(#795) ;
#812=IFCPLANE(#813) ;
#829=IFCPLANE(#830) ;
#870=IFCPLANE(#871) ;
#911=IFCPLANE(#912) ;
#934=IFCPLANE(#935) ;
#952=IFCPLANE(#953) ;
#970=IFCPLANE(#971) ;
#987=IFCPLANE(#988) ;
#1028=IFCPLANE(#1029) ;
#1069=IFCPLANE(#1070) ;
#1092=IFCPLANE(#1093) ;
#1110=IFCPLANE(#1111) ;
#1128=IFCPLANE(#1129) ;
#1145=IFCPLANE(#1146) ;
#1186=IFCPLANE(#1187) ;
#1227=IFCPLANE(#1228) ;
#1250=IFCPLANE(#1251) ;
#1268=IFCPLANE(#1269) ;
#1286=IFCPLANE(#1287) ;
#1303=IFCPLANE(#1304) ;
#1344=IFCPLANE(#1345) ;
#1385=IFCPLANE(#1386) ;
#1408=IFCPLANE(#1409) ;
#1426=IFCPLANE(#1427) ;
#1444=IFCPLANE(#1445) ;
#1461=IFCPLANE(#1462) ;
#1502=IFCPLANE(#1503) ;
#1543=IFCPLANE(#1544) ;
#1566=IFCPLANE(#1567) ;
#1584=IFCPLANE(#1585) ;
#1602=IFCPLANE(#1603) ;
#1619=IFCPLANE(#1620) ;
#1660=IFCPLANE(#1661) ;
#1701=IFCPLANE(#1702) ;
#1724=IFCPLANE(#1725) ;
#1742=IFCPLANE(#1743) ;
#1760=IFCPLANE(#1761) ;
#1777=IFCPLANE(#1778) ;
#1818=IFCPLANE(#1819) ;
#1850=IFCPLANE(#1851) ;
#1875=IFCPLANE(#1876) ;
#1900=IFCPLANE(#1901) ;
#1918=IFCPLANE(#1919) ;
#1935=IFCPLANE(#1936) ;
#1976=IFCPLANE(#1977) ;
#2008=IFCPLANE(#2009) ;
#2033=IFCPLANE(#2034) ;
#2058=IFCPLANE(#2059) ;
#2076=IFCPLANE(#2077) ;
#2093=IFCPLANE(#2094) ;
#2134=IFCPLANE(#2135) ;
#2166=IFCPLANE(#2167) ;
#2191=IFCPLANE(#2192) ;
#2216=IFCPLANE(#2217) ;
#2234=IFCPLANE(#2235) ;
#2251=IFCPLANE(#2252) ;
#2292=IFCPLANE(#2293) ;
#2324=IFCPLANE(#2325) ;
#2349=IFCPLANE(#2350) ;
#2374=IFCPLANE(#2375) ;
#2392=IFCPLANE(#2393) ;
#2409=IFCPLANE(#2410) ;
#2450=IFCPLANE(#2451) ;
#2482=IFCPLANE(#2483) ;
#2507=IFCPLANE(#2508) ;
#2532=IFCPLANE(#2533) ;
#2550=IFCPLANE(#2551) ;
#2567=IFCPLANE(#2568) ;
#2608=IFCPLANE(#2609) ;
#2640=IFCPLANE(#2641) ;
#2672=IFCPLANE(#2673) ;
#2690=IFCPLANE(#2691) ;
#2708=IFCPLANE(#2709) ;
#2725=IFCPLANE(#2726) ;
#2766=IFCPLANE(#2767) ;
#2830=IFCPLANE(#2831) ;
#2880=IFCPLANE(#2881) ;
#2971=IFCPLANE(#2972) ;
#3040=IFCPLANE(#3041) ;
#3072=IFCPLANE(#3073) ;
#3099=IFCPLANE(#3100) ;
#3130=IFCPLANE(#3131) ;
#3145=IFCPLANE(#3146) ;
#3165=IFCPLANE(#3166) ;
#3178=IFCPLANE(#3179) ;
#3195=IFCPLANE(#3196) ;
#3236=IFCPLANE(#3237) ;
#3268=IFCPLANE(#3269) ;
#3300=IFCPLANE(#3301) ;
#3323=IFCPLANE(#3324) ;
#3336=IFCPLANE(#3337) ;
#3353=IFCPLANE(#3354) ;
#3394=IFCPLANE(#3395) ;
#3426=IFCPLANE(#3427) ;
#3451=IFCPLANE(#3452) ;
#3476=IFCPLANE(#3477) ;
#3494=IFCPLANE(#3495) ;
#3511=IFCPLANE(#3512) ;
#3552=IFCPLANE(#3553) ;
#3584=IFCPLANE(#3585) ;
#3616=IFCPLANE(#3617) ;
#3639=IFCPLANE(#3640) ;
#3652=IFCPLANE(#3653) ;
#4005=IFCPLANE(#4006) ;
#4350=IFCPLANE(#4351) ;
#4416=IFCPLANE(#4417) ;
#4482=IFCPLANE(#4483) ;
#4548=IFCPLANE(#4549) ;
#4571=IFCPLANE(#4572) ;
#4611=IFCPLANE(#4612) ;
#4667=IFCPLANE(#4668) ;
#4725=IFCPLANE(#4726) ;
#4820=IFCPLANE(#4821) ;
#4838=IFCPLANE(#4839) ;
#4958=IFCPLANE(#4959) ;
#5174=IFCPLANE(#5175) ;
#5197=IFCPLANE(#5198) ;
#5229=IFCPLANE(#5230) ;
#5302=IFCPLANE(#5303) ;
#5325=IFCPLANE(#5326) ;
#5345=IFCPLANE(#5346) ;
#5370=IFCPLANE(#5371) ;
#5390=IFCPLANE(#5391) ;
#5415=IFCPLANE(#5416) ;
#5474=IFCPLANE(#5475) ;
#5506=IFCPLANE(#5507) ;
#5588=IFCPLANE(#5589) ;
#5611=IFCPLANE(#5612) ;
#5634=IFCPLANE(#5635) ;
#5654=IFCPLANE(#5655) ;
#5679=IFCPLANE(#5680) ;
#5706=IFCPLANE(#5707) ;
#5730=IFCPLANE(#5731) ;
#5789=IFCPLANE(#5790) ;
#5833=IFCPLANE(#5834) ;
#5892=IFCPLANE(#5893) ;
#5951=IFCPLANE(#5952) ;
#6010=IFCPLANE(#6011) ;
#6757=IFCPLANE(#6758) ;
#6794=IFCPLANE(#6795) ;
#6885=IFCPLANE(#6886) ;
#6934=IFCPLANE(#6935) ;
#6971=IFCPLANE(#6972) ;
#7025=IFCPLANE(#7026) ;
#7077=IFCPLANE(#7078) ;
#7129=IFCPLANE(#7130) ;
#2998=IFCCYLINDRICALSURFACE(#2994,0.01) ;
#3021=IFCCYLINDRICALSURFACE(#3017,0.01) ;
#3121=IFCCYLINDRICALSURFACE(#3117,0.005) ;
#3709=IFCCYLINDRICALSURFACE(#3705,0.005) ;
#3778=IFCCYLINDRICALSURFACE(#3774,0.005) ;
#3821=IFCCYLINDRICALSURFACE(#3817,0.005) ;
#3864=IFCCYLINDRICALSURFACE(#3860,0.005) ;
#3897=IFCCYLINDRICALSURFACE(#3893,0.005) ;
#3940=IFCCYLINDRICALSURFACE(#3936,0.005) ;
#4068=IFCCYLINDRICALSURFACE(#4064,0.005) ;
#4147=IFCCYLINDRICALSURFACE(#4143,0.005) ;
#4242=IFCCYLINDRICALSURFACE(#4238,0.005) ;
#4311=IFCCYLINDRICALSURFACE(#4307,0.0035) ;
#4386=IFCCYLINDRICALSURFACE(#4382,0.0035) ;
#4452=IFCCYLINDRICALSURFACE(#4448,0.0035) ;
#4518=IFCCYLINDRICALSURFACE(#4514,0.0035) ;
#4592=IFCCYLINDRICALSURFACE(#4588,0.005) ;
#4638=IFCCYLINDRICALSURFACE(#4634,0.005) ;
#4703=IFCCYLINDRICALSURFACE(#4699,0.005) ;
#4793=IFCCYLINDRICALSURFACE(#4789,0.005) ;
#6089=IFCCYLINDRICALSURFACE(#6085,0.005) ;
#6134=IFCCYLINDRICALSURFACE(#6130,0.005) ;
#6204=IFCCYLINDRICALSURFACE(#6200,0.005) ;
#6266=IFCCYLINDRICALSURFACE(#6262,0.005) ;
#6328=IFCCYLINDRICALSURFACE(#6324,0.005) ;
#6359=IFCCYLINDRICALSURFACE(#6355,0.005) ;
#6431=IFCCYLINDRICALSURFACE(#6427,0.005) ;
#6474=IFCCYLINDRICALSURFACE(#6470,0.005) ;
#6531=IFCCYLINDRICALSURFACE(#6527,0.005) ;
#6593=IFCCYLINDRICALSURFACE(#6589,0.005) ;
#6650=IFCCYLINDRICALSURFACE(#6646,0.005) ;
#6724=IFCCYLINDRICALSURFACE(#6720,0.005) ;
#6743=IFCCYLINDRICALSURFACE(#6739,0.005) ;
#6779=IFCCYLINDRICALSURFACE(#6775,0.005) ;
#6821=IFCCYLINDRICALSURFACE(#6817,0.005) ;
#6834=IFCCYLINDRICALSURFACE(#6830,0.005) ;
#6847=IFCCYLINDRICALSURFACE(#6843,0.005) ;
#6871=IFCCYLINDRICALSURFACE(#6867,0.005) ;
#6902=IFCCYLINDRICALSURFACE(#6898,0.005) ;
#6920=IFCCYLINDRICALSURFACE(#6916,0.005) ;
#6951=IFCCYLINDRICALSURFACE(#6947,0.005) ;
#6997=IFCCYLINDRICALSURFACE(#6993,0.005) ;
#7016=IFCCYLINDRICALSURFACE(#7012,0.005) ;
#7042=IFCCYLINDRICALSURFACE(#7038,0.01) ;
#7055=IFCCYLINDRICALSURFACE(#7051,0.01) ;
#7068=IFCCYLINDRICALSURFACE(#7064,0.005) ;
#7094=IFCCYLINDRICALSURFACE(#7090,0.01) ;
#7107=IFCCYLINDRICALSURFACE(#7103,0.01) ;
#7120=IFCCYLINDRICALSURFACE(#7116,0.005) ;
#64=IFCEDGELOOP((#65,#66,#67,#68)) ;
#109=IFCEDGELOOP((#110,#111,#112,#113)) ;
#132=IFCEDGELOOP((#133,#134,#135,#136)) ;
#150=IFCEDGELOOP((#151,#152,#153,#154)) ;
#168=IFCEDGELOOP((#169,#170,#171,#172)) ;
#181=IFCEDGELOOP((#182,#183,#184,#185)) ;
#230=IFCEDGELOOP((#231,#232,#233,#234)) ;
#271=IFCEDGELOOP((#272,#273,#274,#275)) ;
#294=IFCEDGELOOP((#295,#296,#297,#298)) ;
#312=IFCEDGELOOP((#313,#314,#315,#316)) ;
#330=IFCEDGELOOP((#331,#332,#333,#334)) ;
#343=IFCEDGELOOP((#344,#345,#346,#347)) ;
#388=IFCEDGELOOP((#389,#390,#391,#392)) ;
#429=IFCEDGELOOP((#430,#431,#432,#433)) ;
#452=IFCEDGELOOP((#453,#454,#455,#456)) ;
#470=IFCEDGELOOP((#471,#472,#473,#474)) ;
#488=IFCEDGELOOP((#489,#490,#491,#492)) ;
#501=IFCEDGELOOP((#502,#503,#504,#505)) ;
#546=IFCEDGELOOP((#547,#548,#549,#550)) ;
#587=IFCEDGELOOP((#588,#589,#590,#591)) ;
#610=IFCEDGELOOP((#611,#612,#613,#614)) ;
#628=IFCEDGELOOP((#629,#630,#631,#632)) ;
#646=IFCEDGELOOP((#647,#648,#649,#650)) ;
#659=IFCEDGELOOP((#660,#661,#662,#663)) ;
#704=IFCEDGELOOP((#705,#706,#707,#708)) ;
#745=IFCEDGELOOP((#746,#747,#748,#749)) ;
#768=IFCEDGELOOP((#769,#770,#771,#772)) ;
#786=IFCEDGELOOP((#787,#788,#789,#790)) ;
#804=IFCEDGELOOP((#805,#806,#807,#808)) ;
#817=IFCEDGELOOP((#818,#819,#820,#821)) ;
#862=IFCEDGELOOP((#863,#864,#865,#866)) ;
#903=IFCEDGELOOP((#904,#905,#906,#907)) ;
#926=IFCEDGELOOP((#927,#928,#929,#930)) ;
#944=IFCEDGELOOP((#945,#946,#947,#948)) ;
#962=IFCEDGELOOP((#963,#964,#965,#966)) ;
#975=IFCEDGELOOP((#976,#977,#978,#979)) ;
#1020=IFCEDGELOOP((#1021,#1022,#1023,#1024)) ;
#1061=IFCEDGELOOP((#1062,#1063,#1064,#1065)) ;
#1084=IFCEDGELOOP((#1085,#1086,#1087,#1088)) ;
#1102=IFCEDGELOOP((#1103,#1104,#1105,#1106)) ;
#1120=IFCEDGELOOP((#1121,#1122,#1123,#1124)) ;
#1133=IFCEDGELOOP((#1134,#1135,#1136,#1137)) ;
#1178=IFCEDGELOOP((#1179,#1180,#1181,#1182)) ;
#1219=IFCEDGELOOP((#1220,#1221,#1222,#1223)) ;
#1242=IFCEDGELOOP((#1243,#1244,#1245,#1246)) ;
#1260=IFCEDGELOOP((#1261,#1262,#1263,#1264)) ;
#1278=IFCEDGELOOP((#1279,#1280,#1281,#1282)) ;
#1291=IFCEDGELOOP((#1292,#1293,#1294,#1295)) ;
#1336=IFCEDGELOOP((#1337,#1338,#1339,#1340)) ;
#1377=IFCEDGELOOP((#1378,#1379,#1380,#1381)) ;
#1400=IFCEDGELOOP((#1401,#1402,#1403,#1404)) ;
#1418=IFCEDGELOOP((#1419,#1420,#1421,#1422)) ;
#1436=IFCEDGELOOP((#1437,#1438,#1439,#1440)) ;
#1449=IFCEDGELOOP((#1450,#1451,#1452,#1453)) ;
#1494=IFCEDGELOOP((#1495,#1496,#1497,#1498)) ;
#1535=IFCEDGELOOP((#1536,#1537,#1538,#1539)) ;
#1558=IFCEDGELOOP((#1559,#1560,#1561,#1562)) ;
#1576=IFCEDGELOOP((#1577,#1578,#1579,#1580)) ;
#1594=IFCEDGELOOP((#1595,#1596,#1597,#1598)) ;
#1607=IFCEDGELOOP((#1608,#1609,#1610,#1611)) ;
#1652=IFCEDGELOOP((#1653,#1654,#1655,#1656)) ;
#1693=IFCEDGELOOP((#1694,#1695,#1696,#1697)) ;
#1716=IFCEDGELOOP((#1717,#1718,#1719,#1720)) ;
#1734=IFCEDGELOOP((#1735,#1736,#1737,#1738)) ;
#1752=IFCEDGELOOP((#1753,#1754,#1755,#1756)) ;
#1765=IFCEDGELOOP((#1766,#1767,#1768,#1769)) ;
#1810=IFCEDGELOOP((#1811,#1812,#1813,#1814)) ;
#1842=IFCEDGELOOP((#1843,#1844,#1845,#1846)) ;
#1867=IFCEDGELOOP((#1868,#1869,#1870,#1871)) ;
#1892=IFCEDGELOOP((#1893,#1894,#1895,#1896)) ;
#1910=IFCEDGELOOP((#1911,#1912,#1913,#1914)) ;
#1923=IFCEDGELOOP((#1924,#1925,#1926,#1927)) ;
#1968=IFCEDGELOOP((#1969,#1970,#1971,#1972)) ;
#2000=IFCEDGELOOP((#2001,#2002,#2003,#2004)) ;
#2025=IFCEDGELOOP((#2026,#2027,#2028,#2029)) ;
#2050=IFCEDGELOOP((#2051,#2052,#2053,#2054)) ;
#2068=IFCEDGELOOP((#2069,#2070,#2071,#2072)) ;
#2081=IFCEDGELOOP((#2082,#2083,#2084,#2085)) ;
#2126=IFCEDGELOOP((#2127,#2128,#2129,#2130)) ;
#2158=IFCEDGELOOP((#2159,#2160,#2161,#2162)) ;
#2183=IFCEDGELOOP((#2184,#2185,#2186,#2187)) ;
#2208=IFCEDGELOOP((#2209,#2210,#2211,#2212)) ;
#2226=IFCEDGELOOP((#2227,#2228,#2229,#2230)) ;
#2239=IFCEDGELOOP((#2240,#2241,#2242,#2243)) ;
#2284=IFCEDGELOOP((#2285,#2286,#2287,#2288)) ;
#2316=IFCEDGELOOP((#2317,#2318,#2319,#2320)) ;
#2341=IFCEDGELOOP((#2342,#2343,#2344,#2345)) ;
#2366=IFCEDGELOOP((#2367,#2368,#2369,#2370)) ;
#2384=IFCEDGELOOP((#2385,#2386,#2387,#2388)) ;
#2397=IFCEDGELOOP((#2398,#2399,#2400,#2401)) ;
#2442=IFCEDGELOOP((#2443,#2444,#2445,#2446)) ;
#2474=IFCEDGELOOP((#2475,#2476,#2477,#2478)) ;
#2499=IFCEDGELOOP((#2500,#2501,#2502,#2503)) ;
#2524=IFCEDGELOOP((#2525,#2526,#2527,#2528)) ;
#2542=IFCEDGELOOP((#2543,#2544,#2545,#2546)) ;
#2555=IFCEDGELOOP((#2556,#2557,#2558,#2559)) ;
#2600=IFCEDGELOOP((#2601,#2602,#2603,#2604)) ;
#2632=IFCEDGELOOP((#2633,#2634,#2635,#2636)) ;
#2664=IFCEDGELOOP((#2665,#2666,#2667,#2668)) ;
#2682=IFCEDGELOOP((#2683,#2684,#2685,#2686)) ;
#2700=IFCEDGELOOP((#2701,#2702,#2703,#2704)) ;
#2713=IFCEDGELOOP((#2714,#2715,#2716,#2717)) ;
#2758=IFCEDGELOOP((#2759,#2760,#2761,#2762)) ;
#2818=IFCEDGELOOP((#2819,#2820,#2821,#2822,#2823,#2824,#2825,#2826)) ;
#2870=IFCEDGELOOP((#2871,#2872,#2873,#2874,#2875,#2876)) ;
#2957=IFCEDGELOOP((#2958,#2959,#2960,#2961,#2962,#2963,#2964,#2965,#2966,#2967)) ;
#2986=IFCEDGELOOP((#2987,#2988,#2989,#2990)) ;
#3009=IFCEDGELOOP((#3010,#3011,#3012,#3013)) ;
#3032=IFCEDGELOOP((#3033,#3034,#3035,#3036)) ;
#3063=IFCEDGELOOP((#3064,#3065,#3066,#3067,#3068)) ;
#3090=IFCEDGELOOP((#3091,#3092,#3093,#3094,#3095)) ;
#3109=IFCEDGELOOP((#3110,#3111,#3112,#3113)) ;
#3122=IFCEDGELOOP((#3123,#3124,#3125,#3126)) ;
#3135=IFCEDGELOOP((#3136,#3137,#3138,#3139,#3140,#3141)) ;
#3155=IFCEDGELOOP((#3156,#3157,#3158,#3159,#3160,#3161)) ;
#3170=IFCEDGELOOP((#3171,#3172,#3173,#3174)) ;
#3183=IFCEDGELOOP((#3184,#3185,#3186,#3187)) ;
#3228=IFCEDGELOOP((#3229,#3230,#3231,#3232)) ;
#3260=IFCEDGELOOP((#3261,#3262,#3263,#3264)) ;
#3292=IFCEDGELOOP((#3293,#3294,#3295,#3296)) ;
#3315=IFCEDGELOOP((#3316,#3317,#3318,#3319)) ;
#3328=IFCEDGELOOP((#3329,#3330,#3331,#3332)) ;
#3341=IFCEDGELOOP((#3342,#3343,#3344,#3345)) ;
#3386=IFCEDGELOOP((#3387,#3388,#3389,#3390)) ;
#3418=IFCEDGELOOP((#3419,#3420,#3421,#3422)) ;
#3443=IFCEDGELOOP((#3444,#3445,#3446,#3447)) ;
#3468=IFCEDGELOOP((#3469,#3470,#3471,#3472)) ;
#3486=IFCEDGELOOP((#3487,#3488,#3489,#3490)) ;
#3499=IFCEDGELOOP((#3500,#3501,#3502,#3503)) ;
#3544=IFCEDGELOOP((#3545,#3546,#3547,#3548)) ;
#3576=IFCEDGELOOP((#3577,#3578,#3579,#3580)) ;
#3608=IFCEDGELOOP((#3609,#3610,#3611,#3612)) ;
#3631=IFCEDGELOOP((#3632,#3633,#3634,#3635)) ;
#3644=IFCEDGELOOP((#3645,#3646,#3647,#3648)) ;
#3657=IFCEDGELOOP((#3658,#3659,#3660,#3661)) ;
#3698=IFCEDGELOOP((#3699,#3700,#3701)) ;
#3730=IFCEDGELOOP((#3731,#3732,#3733,#3734)) ;
#3767=IFCEDGELOOP((#3768,#3769,#3770)) ;
#3809=IFCEDGELOOP((#3810,#3811,#3812,#3813)) ;
#3852=IFCEDGELOOP((#3853,#3854,#3855,#3856)) ;
#3885=IFCEDGELOOP((#3886,#3887,#3888,#3889)) ;
#3928=IFCEDGELOOP((#3929,#3930,#3931,#3932)) ;
#3971=IFCEDGELOOP((#3972,#3973,#3974,#3975)) ;
#3998=IFCEDGELOOP((#3999,#4000,#4001)) ;
#4054=IFCEDGELOOP((#4055,#4056,#4057,#4058,#4059,#4060)) ;
#4099=IFCEDGELOOP((#4100,#4101,#4102,#4103)) ;
#4136=IFCEDGELOOP((#4137,#4138,#4139)) ;
#4168=IFCEDGELOOP((#4169,#4170,#4171,#4172)) ;
#4195=IFCEDGELOOP((#4196,#4197,#4198)) ;
#4231=IFCEDGELOOP((#4232,#4233,#4234)) ;
#4273=IFCEDGELOOP((#4274,#4275,#4276,#4277)) ;
#4300=IFCEDGELOOP((#4301,#4302,#4303)) ;
#4342=IFCEDGELOOP((#4343,#4344,#4345,#4346)) ;
#4374=IFCEDGELOOP((#4375,#4376,#4377,#4378)) ;
#4408=IFCEDGELOOP((#4409,#4410,#4411,#4412)) ;
#4440=IFCEDGELOOP((#4441,#4442,#4443,#4444)) ;
#4474=IFCEDGELOOP((#4475,#4476,#4477,#4478)) ;
#4506=IFCEDGELOOP((#4507,#4508,#4509,#4510)) ;
#4540=IFCEDGELOOP((#4541,#4542,#4543,#4544)) ;
#4563=IFCEDGELOOP((#4564,#4565,#4566,#4567)) ;
#4576=IFCEDGELOOP((#4577,#4578,#4579,#4580,#4581,#4582,#4583,#4584)) ;
#4603=IFCEDGELOOP((#4604,#4605,#4606,#4607)) ;
#4626=IFCEDGELOOP((#4627,#4628,#4629,#4630)) ;
#4659=IFCEDGELOOP((#4660,#4661,#4662,#4663)) ;
#4691=IFCEDGELOOP((#4692,#4693,#4694,#4695)) ;
#4717=IFCEDGELOOP((#4718,#4719,#4720,#4721)) ;
#4777=IFCEDGELOOP((#4778,#4779,#4780,#4781,#4782,#4783,#4784,#4785)) ;
#4812=IFCEDGELOOP((#4813,#4814,#4815,#4816)) ;
#4830=IFCEDGELOOP((#4831,#4832,#4833,#4834)) ;
#4928=IFCEDGELOOP((#4929,#4930,#4931,#4932,#4933,#4934,#4935,#4936,#4937,#4938,#4939,#4940,#4941,#4942,#4943,#4944)) ;
#4946=IFCEDGELOOP((#4947,#4948,#4949,#4950,#4951,#4952,#4953,#4954)) ;
#5138=IFCEDGELOOP((#5139,#5140,#5141,#5142,#5143,#5144,#5145,#5146,#5147,#5148,#5149,#5150,#5151,#5152,#5153,#5154,#5155,#5156,#5157,#5158,#5159,#5160,#5161,#5162,#5163,#5164,#5165,#5166,#5167,#5168,#5169,#5170)) ;
#5189=IFCEDGELOOP((#5190,#5191,#5192,#5193)) ;
#5221=IFCEDGELOOP((#5222,#5223,#5224,#5225)) ;
#5288=IFCEDGELOOP((#5289,#5290,#5291,#5292,#5293,#5294,#5295,#5296,#5297,#5298)) ;
#5317=IFCEDGELOOP((#5318,#5319,#5320,#5321)) ;
#5335=IFCEDGELOOP((#5336,#5337,#5338,#5339,#5340,#5341)) ;
#5360=IFCEDGELOOP((#5361,#5362,#5363,#5364,#5365,#5366)) ;
#5381=IFCEDGELOOP((#5382,#5383,#5384,#5385,#5386)) ;
#5406=IFCEDGELOOP((#5407,#5408,#5409,#5410,#5411)) ;
#5464=IFCEDGELOOP((#5465,#5466,#5467,#5468,#5469,#5470)) ;
#5498=IFCEDGELOOP((#5499,#5500,#5501,#5502)) ;
#5574=IFCEDGELOOP((#5575,#5576,#5577,#5578,#5579,#5580,#5581,#5582,#5583,#5584)) ;
#5603=IFCEDGELOOP((#5604,#5605,#5606,#5607)) ;
#5626=IFCEDGELOOP((#5627,#5628,#5629,#5630)) ;
#5644=IFCEDGELOOP((#5645,#5646,#5647,#5648,#5649,#5650)) ;
#5669=IFCEDGELOOP((#5670,#5671,#5672,#5673,#5674,#5675)) ;
#5697=IFCEDGELOOP((#5698,#5699,#5700,#5701,#5702)) ;
#5721=IFCEDGELOOP((#5722,#5723,#5724,#5725,#5726)) ;
#5777=IFCEDGELOOP((#5778,#5779,#5780,#5781,#5782,#5783,#5784,#5785)) ;
#5821=IFCEDGELOOP((#5822,#5823,#5824,#5825,#5826,#5827,#5828,#5829)) ;
#5880=IFCEDGELOOP((#5881,#5882,#5883,#5884,#5885,#5886,#5887,#5888)) ;
#5939=IFCEDGELOOP((#5940,#5941,#5942,#5943,#5944,#5945,#5946,#5947)) ;
#5998=IFCEDGELOOP((#5999,#6000,#6001,#6002,#6003,#6004,#6005,#6006)) ;
#6049=IFCEDGELOOP((#6050,#6051,#6052,#6053,#6054,#6055,#6056,#6057)) ;
#6078=IFCEDGELOOP((#6079,#6080,#6081)) ;
#6096=IFCEDGELOOP((#6097,#6098,#6099,#6100)) ;
#6123=IFCEDGELOOP((#6124,#6125,#6126)) ;
#6148=IFCEDGELOOP((#6149,#6150,#6151,#6152)) ;
#6167=IFCEDGELOOP((#6168,#6169,#6170)) ;
#6193=IFCEDGELOOP((#6194,#6195,#6196)) ;
#6218=IFCEDGELOOP((#6219,#6220,#6221,#6222)) ;
#6237=IFCEDGELOOP((#6238,#6239,#6240)) ;
#6255=IFCEDGELOOP((#6256,#6257,#6258)) ;
#6280=IFCEDGELOOP((#6281,#6282,#6283,#6284)) ;
#6299=IFCEDGELOOP((#6300,#6301,#6302)) ;
#6317=IFCEDGELOOP((#6318,#6319,#6320)) ;
#6335=IFCEDGELOOP((#6336,#6337,#6338,#6339)) ;
#6348=IFCEDGELOOP((#6349,#6350,#6351)) ;
#6371=IFCEDGELOOP((#6372,#6373,#6374,#6375)) ;
#6384=IFCEDGELOOP((#6385,#6386,#6387)) ;
#6402=IFCEDGELOOP((#6403,#6404,#6405)) ;
#6420=IFCEDGELOOP((#6421,#6422,#6423)) ;
#6438=IFCEDGELOOP((#6439,#6440,#6441,#6442)) ;
#6463=IFCEDGELOOP((#6464,#6465,#6466)) ;
#6481=IFCEDGELOOP((#6482,#6483,#6484,#6485)) ;
#6494=IFCEDGELOOP((#6495,#6496,#6497)) ;
#6520=IFCEDGELOOP((#6521,#6522,#6523)) ;
#6545=IFCEDGELOOP((#6546,#6547,#6548,#6549)) ;
#6564=IFCEDGELOOP((#6565,#6566,#6567)) ;
#6582=IFCEDGELOOP((#6583,#6584,#6585)) ;
#6600=IFCEDGELOOP((#6601,#6602,#6603,#6604)) ;
#6613=IFCEDGELOOP((#6614,#6615,#6616)) ;
#6639=IFCEDGELOOP((#6640,#6641,#6642)) ;
#6664=IFCEDGELOOP((#6665,#6666,#6667,#6668)) ;
#6683=IFCEDGELOOP((#6684,#6685,#6686)) ;
#6695=IFCEDGELOOP((#6696,#6697,#6698)) ;
#6713=IFCEDGELOOP((#6714,#6715,#6716)) ;
#6731=IFCEDGELOOP((#6732,#6733,#6734,#6735)) ;
#6749=IFCEDGELOOP((#6750,#6751,#6752,#6753)) ;
#6767=IFCEDGELOOP((#6768,#6769,#6770,#6771)) ;
#6786=IFCEDGELOOP((#6787,#6788,#6789,#6790)) ;
#6809=IFCEDGELOOP((#6810,#6811,#6812,#6813)) ;
#6822=IFCEDGELOOP((#6823,#6824,#6825,#6826)) ;
#6835=IFCEDGELOOP((#6836,#6837,#6838,#6839)) ;
#6859=IFCEDGELOOP((#6860,#6861,#6862,#6863)) ;
#6877=IFCEDGELOOP((#6878,#6879,#6880,#6881)) ;
#6890=IFCEDGELOOP((#6891,#6892,#6893,#6894)) ;
#6908=IFCEDGELOOP((#6909,#6910,#6911,#6912)) ;
#6926=IFCEDGELOOP((#6927,#6928,#6929,#6930)) ;
#6939=IFCEDGELOOP((#6940,#6941,#6942,#6943)) ;
#6963=IFCEDGELOOP((#6964,#6965,#6966,#6967)) ;
#6981=IFCEDGELOOP((#6982,#6983,#6984,#6985,#6986,#6987,#6988,#6989)) ;
#7004=IFCEDGELOOP((#7005,#7006,#7007,#7008)) ;
#7017=IFCEDGELOOP((#7018,#7019,#7020,#7021)) ;
#7030=IFCEDGELOOP((#7031,#7032,#7033,#7034)) ;
#7043=IFCEDGELOOP((#7044,#7045,#7046,#7047)) ;
#7056=IFCEDGELOOP((#7057,#7058,#7059,#7060)) ;
#7069=IFCEDGELOOP((#7070,#7071,#7072,#7073)) ;
#7082=IFCEDGELOOP((#7083,#7084,#7085,#7086)) ;
#7095=IFCEDGELOOP((#7096,#7097,#7098,#7099)) ;
#7108=IFCEDGELOOP((#7109,#7110,#7111,#7112)) ;
#7121=IFCEDGELOOP((#7122,#7123,#7124,#7125)) ;
#7134=IFCEDGELOOP((#7135,#7136,#7137,#7138)) ;
#7147=IFCEDGELOOP((#7148,#7149,#7150)) ;
#7159=IFCEDGELOOP((#7160,#7161,#7162)) ;
#7171=IFCEDGELOOP((#7172,#7173,#7174)) ;
#65=IFCORIENTEDEDGE(*,*,#44,.F.) ;
#66=IFCORIENTEDEDGE(*,*,#51,.F.) ;
#67=IFCORIENTEDEDGE(*,*,#58,.F.) ;
#68=IFCORIENTEDEDGE(*,*,#63,.F.) ;
#110=IFCORIENTEDEDGE(*,*,#89,.F.) ;
#111=IFCORIENTEDEDGE(*,*,#96,.F.) ;
#112=IFCORIENTEDEDGE(*,*,#103,.F.) ;
#113=IFCORIENTEDEDGE(*,*,#108,.F.) ;
#133=IFCORIENTEDEDGE(*,*,#126,.T.) ;
#134=IFCORIENTEDEDGE(*,*,#108,.T.) ;
#135=IFCORIENTEDEDGE(*,*,#131,.F.) ;
#136=IFCORIENTEDEDGE(*,*,#63,.T.) ;
#151=IFCORIENTEDEDGE(*,*,#149,.T.) ;
#152=IFCORIENTEDEDGE(*,*,#89,.T.) ;
#153=IFCORIENTEDEDGE(*,*,#126,.F.) ;
#154=IFCORIENTEDEDGE(*,*,#58,.T.) ;
#169=IFCORIENTEDEDGE(*,*,#167,.T.) ;
#170=IFCORIENTEDEDGE(*,*,#96,.T.) ;
#171=IFCORIENTEDEDGE(*,*,#149,.F.) ;
#172=IFCORIENTEDEDGE(*,*,#51,.T.) ;
#182=IFCORIENTEDEDGE(*,*,#167,.F.) ;
#183=IFCORIENTEDEDGE(*,*,#44,.T.) ;
#184=IFCORIENTEDEDGE(*,*,#131,.T.) ;
#185=IFCORIENTEDEDGE(*,*,#103,.T.) ;
#231=IFCORIENTEDEDGE(*,*,#210,.F.) ;
#232=IFCORIENTEDEDGE(*,*,#217,.F.) ;
#233=IFCORIENTEDEDGE(*,*,#224,.F.) ;
#234=IFCORIENTEDEDGE(*,*,#229,.F.) ;
#272=IFCORIENTEDEDGE(*,*,#251,.F.) ;
#273=IFCORIENTEDEDGE(*,*,#258,.F.) ;
#274=IFCORIENTEDEDGE(*,*,#265,.F.) ;
#275=IFCORIENTEDEDGE(*,*,#270,.F.) ;
#295=IFCORIENTEDEDGE(*,*,#288,.T.) ;
#296=IFCORIENTEDEDGE(*,*,#270,.T.) ;
#297=IFCORIENTEDEDGE(*,*,#293,.F.) ;
#298=IFCORIENTEDEDGE(*,*,#229,.T.) ;
#313=IFCORIENTEDEDGE(*,*,#311,.T.) ;
#314=IFCORIENTEDEDGE(*,*,#251,.T.) ;
#315=IFCORIENTEDEDGE(*,*,#288,.F.) ;
#316=IFCORIENTEDEDGE(*,*,#224,.T.) ;
#331=IFCORIENTEDEDGE(*,*,#329,.T.) ;
#332=IFCORIENTEDEDGE(*,*,#258,.T.) ;
#333=IFCORIENTEDEDGE(*,*,#311,.F.) ;
#334=IFCORIENTEDEDGE(*,*,#217,.T.) ;
#344=IFCORIENTEDEDGE(*,*,#293,.T.) ;
#345=IFCORIENTEDEDGE(*,*,#265,.T.) ;
#346=IFCORIENTEDEDGE(*,*,#329,.F.) ;
#347=IFCORIENTEDEDGE(*,*,#210,.T.) ;
#389=IFCORIENTEDEDGE(*,*,#368,.F.) ;
#390=IFCORIENTEDEDGE(*,*,#375,.F.) ;
#391=IFCORIENTEDEDGE(*,*,#382,.F.) ;
#392=IFCORIENTEDEDGE(*,*,#387,.F.) ;
#430=IFCORIENTEDEDGE(*,*,#409,.F.) ;
#431=IFCORIENTEDEDGE(*,*,#416,.F.) ;
#432=IFCORIENTEDEDGE(*,*,#423,.F.) ;
#433=IFCORIENTEDEDGE(*,*,#428,.F.) ;
#453=IFCORIENTEDEDGE(*,*,#446,.T.) ;
#454=IFCORIENTEDEDGE(*,*,#428,.T.) ;
#455=IFCORIENTEDEDGE(*,*,#451,.F.) ;
#456=IFCORIENTEDEDGE(*,*,#387,.T.) ;
#471=IFCORIENTEDEDGE(*,*,#469,.T.) ;
#472=IFCORIENTEDEDGE(*,*,#409,.T.) ;
#473=IFCORIENTEDEDGE(*,*,#446,.F.) ;
#474=IFCORIENTEDEDGE(*,*,#382,.T.) ;
#489=IFCORIENTEDEDGE(*,*,#487,.T.) ;
#490=IFCORIENTEDEDGE(*,*,#416,.T.) ;
#491=IFCORIENTEDEDGE(*,*,#469,.F.) ;
#492=IFCORIENTEDEDGE(*,*,#375,.T.) ;
#502=IFCORIENTEDEDGE(*,*,#451,.T.) ;
#503=IFCORIENTEDEDGE(*,*,#423,.T.) ;
#504=IFCORIENTEDEDGE(*,*,#487,.F.) ;
#505=IFCORIENTEDEDGE(*,*,#368,.T.) ;
#547=IFCORIENTEDEDGE(*,*,#526,.F.) ;
#548=IFCORIENTEDEDGE(*,*,#533,.F.) ;
#549=IFCORIENTEDEDGE(*,*,#540,.F.) ;
#550=IFCORIENTEDEDGE(*,*,#545,.F.) ;
#588=IFCORIENTEDEDGE(*,*,#567,.F.) ;
#589=IFCORIENTEDEDGE(*,*,#574,.F.) ;
#590=IFCORIENTEDEDGE(*,*,#581,.F.) ;
#591=IFCORIENTEDEDGE(*,*,#586,.F.) ;
#611=IFCORIENTEDEDGE(*,*,#604,.T.) ;
#612=IFCORIENTEDEDGE(*,*,#586,.T.) ;
#613=IFCORIENTEDEDGE(*,*,#609,.F.) ;
#614=IFCORIENTEDEDGE(*,*,#545,.T.) ;
#629=IFCORIENTEDEDGE(*,*,#627,.T.) ;
#630=IFCORIENTEDEDGE(*,*,#567,.T.) ;
#631=IFCORIENTEDEDGE(*,*,#604,.F.) ;
#632=IFCORIENTEDEDGE(*,*,#540,.T.) ;
#647=IFCORIENTEDEDGE(*,*,#645,.T.) ;
#648=IFCORIENTEDEDGE(*,*,#574,.T.) ;
#649=IFCORIENTEDEDGE(*,*,#627,.F.) ;
#650=IFCORIENTEDEDGE(*,*,#533,.T.) ;
#660=IFCORIENTEDEDGE(*,*,#609,.T.) ;
#661=IFCORIENTEDEDGE(*,*,#581,.T.) ;
#662=IFCORIENTEDEDGE(*,*,#645,.F.) ;
#663=IFCORIENTEDEDGE(*,*,#526,.T.) ;
#705=IFCORIENTEDEDGE(*,*,#684,.F.) ;
#706=IFCORIENTEDEDGE(*,*,#691,.F.) ;
#707=IFCORIENTEDEDGE(*,*,#698,.F.) ;
#708=IFCORIENTEDEDGE(*,*,#703,.F.) ;
#746=IFCORIENTEDEDGE(*,*,#725,.F.) ;
#747=IFCORIENTEDEDGE(*,*,#732,.F.) ;
#748=IFCORIENTEDEDGE(*,*,#739,.F.) ;
#749=IFCORIENTEDEDGE(*,*,#744,.F.) ;
#769=IFCORIENTEDEDGE(*,*,#762,.T.) ;
#770=IFCORIENTEDEDGE(*,*,#744,.T.) ;
#771=IFCORIENTEDEDGE(*,*,#767,.F.) ;
#772=IFCORIENTEDEDGE(*,*,#703,.T.) ;
#787=IFCORIENTEDEDGE(*,*,#785,.T.) ;
#788=IFCORIENTEDEDGE(*,*,#725,.T.) ;
#789=IFCORIENTEDEDGE(*,*,#762,.F.) ;
#790=IFCORIENTEDEDGE(*,*,#698,.T.) ;
#805=IFCORIENTEDEDGE(*,*,#803,.T.) ;
#806=IFCORIENTEDEDGE(*,*,#732,.T.) ;
#807=IFCORIENTEDEDGE(*,*,#785,.F.) ;
#808=IFCORIENTEDEDGE(*,*,#691,.T.) ;
#818=IFCORIENTEDEDGE(*,*,#767,.T.) ;
#819=IFCORIENTEDEDGE(*,*,#739,.T.) ;
#820=IFCORIENTEDEDGE(*,*,#803,.F.) ;
#821=IFCORIENTEDEDGE(*,*,#684,.T.) ;
#863=IFCORIENTEDEDGE(*,*,#842,.F.) ;
#864=IFCORIENTEDEDGE(*,*,#849,.F.) ;
#865=IFCORIENTEDEDGE(*,*,#856,.F.) ;
#866=IFCORIENTEDEDGE(*,*,#861,.F.) ;
#904=IFCORIENTEDEDGE(*,*,#883,.F.) ;
#905=IFCORIENTEDEDGE(*,*,#890,.F.) ;
#906=IFCORIENTEDEDGE(*,*,#897,.F.) ;
#907=IFCORIENTEDEDGE(*,*,#902,.F.) ;
#927=IFCORIENTEDEDGE(*,*,#920,.T.) ;
#928=IFCORIENTEDEDGE(*,*,#902,.T.) ;
#929=IFCORIENTEDEDGE(*,*,#925,.F.) ;
#930=IFCORIENTEDEDGE(*,*,#861,.T.) ;
#945=IFCORIENTEDEDGE(*,*,#943,.T.) ;
#946=IFCORIENTEDEDGE(*,*,#883,.T.) ;
#947=IFCORIENTEDEDGE(*,*,#920,.F.) ;
#948=IFCORIENTEDEDGE(*,*,#856,.T.) ;
#963=IFCORIENTEDEDGE(*,*,#961,.T.) ;
#964=IFCORIENTEDEDGE(*,*,#890,.T.) ;
#965=IFCORIENTEDEDGE(*,*,#943,.F.) ;
#966=IFCORIENTEDEDGE(*,*,#849,.T.) ;
#976=IFCORIENTEDEDGE(*,*,#842,.T.) ;
#977=IFCORIENTEDEDGE(*,*,#925,.T.) ;
#978=IFCORIENTEDEDGE(*,*,#897,.T.) ;
#979=IFCORIENTEDEDGE(*,*,#961,.F.) ;
#1021=IFCORIENTEDEDGE(*,*,#1000,.F.) ;
#1022=IFCORIENTEDEDGE(*,*,#1007,.F.) ;
#1023=IFCORIENTEDEDGE(*,*,#1014,.F.) ;
#1024=IFCORIENTEDEDGE(*,*,#1019,.F.) ;
#1062=IFCORIENTEDEDGE(*,*,#1041,.F.) ;
#1063=IFCORIENTEDEDGE(*,*,#1048,.F.) ;
#1064=IFCORIENTEDEDGE(*,*,#1055,.F.) ;
#1065=IFCORIENTEDEDGE(*,*,#1060,.F.) ;
#1085=IFCORIENTEDEDGE(*,*,#1078,.T.) ;
#1086=IFCORIENTEDEDGE(*,*,#1060,.T.) ;
#1087=IFCORIENTEDEDGE(*,*,#1083,.F.) ;
#1088=IFCORIENTEDEDGE(*,*,#1019,.T.) ;
#1103=IFCORIENTEDEDGE(*,*,#1101,.T.) ;
#1104=IFCORIENTEDEDGE(*,*,#1041,.T.) ;
#1105=IFCORIENTEDEDGE(*,*,#1078,.F.) ;
#1106=IFCORIENTEDEDGE(*,*,#1014,.T.) ;
#1121=IFCORIENTEDEDGE(*,*,#1119,.T.) ;
#1122=IFCORIENTEDEDGE(*,*,#1048,.T.) ;
#1123=IFCORIENTEDEDGE(*,*,#1101,.F.) ;
#1124=IFCORIENTEDEDGE(*,*,#1007,.T.) ;
#1134=IFCORIENTEDEDGE(*,*,#1083,.T.) ;
#1135=IFCORIENTEDEDGE(*,*,#1055,.T.) ;
#1136=IFCORIENTEDEDGE(*,*,#1119,.F.) ;
#1137=IFCORIENTEDEDGE(*,*,#1000,.T.) ;
#1179=IFCORIENTEDEDGE(*,*,#1158,.F.) ;
#1180=IFCORIENTEDEDGE(*,*,#1165,.F.) ;
#1181=IFCORIENTEDEDGE(*,*,#1172,.F.) ;
#1182=IFCORIENTEDEDGE(*,*,#1177,.F.) ;
#1220=IFCORIENTEDEDGE(*,*,#1199,.F.) ;
#1221=IFCORIENTEDEDGE(*,*,#1206,.F.) ;
#1222=IFCORIENTEDEDGE(*,*,#1213,.F.) ;
#1223=IFCORIENTEDEDGE(*,*,#1218,.F.) ;
#1243=IFCORIENTEDEDGE(*,*,#1236,.T.) ;
#1244=IFCORIENTEDEDGE(*,*,#1218,.T.) ;
#1245=IFCORIENTEDEDGE(*,*,#1241,.F.) ;
#1246=IFCORIENTEDEDGE(*,*,#1177,.T.) ;
#1261=IFCORIENTEDEDGE(*,*,#1259,.T.) ;
#1262=IFCORIENTEDEDGE(*,*,#1199,.T.) ;
#1263=IFCORIENTEDEDGE(*,*,#1236,.F.) ;
#1264=IFCORIENTEDEDGE(*,*,#1172,.T.) ;
#1279=IFCORIENTEDEDGE(*,*,#1277,.T.) ;
#1280=IFCORIENTEDEDGE(*,*,#1206,.T.) ;
#1281=IFCORIENTEDEDGE(*,*,#1259,.F.) ;
#1282=IFCORIENTEDEDGE(*,*,#1165,.T.) ;
#1292=IFCORIENTEDEDGE(*,*,#1241,.T.) ;
#1293=IFCORIENTEDEDGE(*,*,#1213,.T.) ;
#1294=IFCORIENTEDEDGE(*,*,#1277,.F.) ;
#1295=IFCORIENTEDEDGE(*,*,#1158,.T.) ;
#1337=IFCORIENTEDEDGE(*,*,#1316,.F.) ;
#1338=IFCORIENTEDEDGE(*,*,#1323,.F.) ;
#1339=IFCORIENTEDEDGE(*,*,#1330,.F.) ;
#1340=IFCORIENTEDEDGE(*,*,#1335,.F.) ;
#1378=IFCORIENTEDEDGE(*,*,#1357,.F.) ;
#1379=IFCORIENTEDEDGE(*,*,#1364,.F.) ;
#1380=IFCORIENTEDEDGE(*,*,#1371,.F.) ;
#1381=IFCORIENTEDEDGE(*,*,#1376,.F.) ;
#1401=IFCORIENTEDEDGE(*,*,#1394,.T.) ;
#1402=IFCORIENTEDEDGE(*,*,#1376,.T.) ;
#1403=IFCORIENTEDEDGE(*,*,#1399,.F.) ;
#1404=IFCORIENTEDEDGE(*,*,#1335,.T.) ;
#1419=IFCORIENTEDEDGE(*,*,#1417,.T.) ;
#1420=IFCORIENTEDEDGE(*,*,#1357,.T.) ;
#1421=IFCORIENTEDEDGE(*,*,#1394,.F.) ;
#1422=IFCORIENTEDEDGE(*,*,#1330,.T.) ;
#1437=IFCORIENTEDEDGE(*,*,#1435,.T.) ;
#1438=IFCORIENTEDEDGE(*,*,#1364,.T.) ;
#1439=IFCORIENTEDEDGE(*,*,#1417,.F.) ;
#1440=IFCORIENTEDEDGE(*,*,#1323,.T.) ;
#1450=IFCORIENTEDEDGE(*,*,#1399,.T.) ;
#1451=IFCORIENTEDEDGE(*,*,#1371,.T.) ;
#1452=IFCORIENTEDEDGE(*,*,#1435,.F.) ;
#1453=IFCORIENTEDEDGE(*,*,#1316,.T.) ;
#1495=IFCORIENTEDEDGE(*,*,#1474,.F.) ;
#1496=IFCORIENTEDEDGE(*,*,#1481,.F.) ;
#1497=IFCORIENTEDEDGE(*,*,#1488,.F.) ;
#1498=IFCORIENTEDEDGE(*,*,#1493,.F.) ;
#1536=IFCORIENTEDEDGE(*,*,#1515,.F.) ;
#1537=IFCORIENTEDEDGE(*,*,#1522,.F.) ;
#1538=IFCORIENTEDEDGE(*,*,#1529,.F.) ;
#1539=IFCORIENTEDEDGE(*,*,#1534,.F.) ;
#1559=IFCORIENTEDEDGE(*,*,#1552,.T.) ;
#1560=IFCORIENTEDEDGE(*,*,#1534,.T.) ;
#1561=IFCORIENTEDEDGE(*,*,#1557,.F.) ;
#1562=IFCORIENTEDEDGE(*,*,#1493,.T.) ;
#1577=IFCORIENTEDEDGE(*,*,#1575,.T.) ;
#1578=IFCORIENTEDEDGE(*,*,#1515,.T.) ;
#1579=IFCORIENTEDEDGE(*,*,#1552,.F.) ;
#1580=IFCORIENTEDEDGE(*,*,#1488,.T.) ;
#1595=IFCORIENTEDEDGE(*,*,#1593,.T.) ;
#1596=IFCORIENTEDEDGE(*,*,#1522,.T.) ;
#1597=IFCORIENTEDEDGE(*,*,#1575,.F.) ;
#1598=IFCORIENTEDEDGE(*,*,#1481,.T.) ;
#1608=IFCORIENTEDEDGE(*,*,#1557,.T.) ;
#1609=IFCORIENTEDEDGE(*,*,#1529,.T.) ;
#1610=IFCORIENTEDEDGE(*,*,#1593,.F.) ;
#1611=IFCORIENTEDEDGE(*,*,#1474,.T.) ;
#1653=IFCORIENTEDEDGE(*,*,#1632,.F.) ;
#1654=IFCORIENTEDEDGE(*,*,#1639,.F.) ;
#1655=IFCORIENTEDEDGE(*,*,#1646,.F.) ;
#1656=IFCORIENTEDEDGE(*,*,#1651,.F.) ;
#1694=IFCORIENTEDEDGE(*,*,#1673,.F.) ;
#1695=IFCORIENTEDEDGE(*,*,#1680,.F.) ;
#1696=IFCORIENTEDEDGE(*,*,#1687,.F.) ;
#1697=IFCORIENTEDEDGE(*,*,#1692,.F.) ;
#1717=IFCORIENTEDEDGE(*,*,#1710,.T.) ;
#1718=IFCORIENTEDEDGE(*,*,#1692,.T.) ;
#1719=IFCORIENTEDEDGE(*,*,#1715,.F.) ;
#1720=IFCORIENTEDEDGE(*,*,#1651,.T.) ;
#1735=IFCORIENTEDEDGE(*,*,#1733,.T.) ;
#1736=IFCORIENTEDEDGE(*,*,#1673,.T.) ;
#1737=IFCORIENTEDEDGE(*,*,#1710,.F.) ;
#1738=IFCORIENTEDEDGE(*,*,#1646,.T.) ;
#1753=IFCORIENTEDEDGE(*,*,#1751,.T.) ;
#1754=IFCORIENTEDEDGE(*,*,#1680,.T.) ;
#1755=IFCORIENTEDEDGE(*,*,#1733,.F.) ;
#1756=IFCORIENTEDEDGE(*,*,#1639,.T.) ;
#1766=IFCORIENTEDEDGE(*,*,#1715,.T.) ;
#1767=IFCORIENTEDEDGE(*,*,#1687,.T.) ;
#1768=IFCORIENTEDEDGE(*,*,#1751,.F.) ;
#1769=IFCORIENTEDEDGE(*,*,#1632,.T.) ;
#1811=IFCORIENTEDEDGE(*,*,#1790,.T.) ;
#1812=IFCORIENTEDEDGE(*,*,#1797,.T.) ;
#1813=IFCORIENTEDEDGE(*,*,#1804,.F.) ;
#1814=IFCORIENTEDEDGE(*,*,#1809,.T.) ;
#1843=IFCORIENTEDEDGE(*,*,#1831,.F.) ;
#1844=IFCORIENTEDEDGE(*,*,#1836,.F.) ;
#1845=IFCORIENTEDEDGE(*,*,#1797,.F.) ;
#1846=IFCORIENTEDEDGE(*,*,#1841,.F.) ;
#1868=IFCORIENTEDEDGE(*,*,#1804,.T.) ;
#1869=IFCORIENTEDEDGE(*,*,#1836,.T.) ;
#1870=IFCORIENTEDEDGE(*,*,#1861,.F.) ;
#1871=IFCORIENTEDEDGE(*,*,#1866,.T.) ;
#1893=IFCORIENTEDEDGE(*,*,#1886,.T.) ;
#1894=IFCORIENTEDEDGE(*,*,#1841,.T.) ;
#1895=IFCORIENTEDEDGE(*,*,#1790,.F.) ;
#1896=IFCORIENTEDEDGE(*,*,#1891,.T.) ;
#1911=IFCORIENTEDEDGE(*,*,#1861,.T.) ;
#1912=IFCORIENTEDEDGE(*,*,#1831,.T.) ;
#1913=IFCORIENTEDEDGE(*,*,#1886,.F.) ;
#1914=IFCORIENTEDEDGE(*,*,#1909,.T.) ;
#1924=IFCORIENTEDEDGE(*,*,#1809,.F.) ;
#1925=IFCORIENTEDEDGE(*,*,#1866,.F.) ;
#1926=IFCORIENTEDEDGE(*,*,#1909,.F.) ;
#1927=IFCORIENTEDEDGE(*,*,#1891,.F.) ;
#1969=IFCORIENTEDEDGE(*,*,#1948,.T.) ;
#1970=IFCORIENTEDEDGE(*,*,#1955,.T.) ;
#1971=IFCORIENTEDEDGE(*,*,#1962,.F.) ;
#1972=IFCORIENTEDEDGE(*,*,#1967,.T.) ;
#2001=IFCORIENTEDEDGE(*,*,#1989,.F.) ;
#2002=IFCORIENTEDEDGE(*,*,#1994,.F.) ;
#2003=IFCORIENTEDEDGE(*,*,#1955,.F.) ;
#2004=IFCORIENTEDEDGE(*,*,#1999,.F.) ;
#2026=IFCORIENTEDEDGE(*,*,#1962,.T.) ;
#2027=IFCORIENTEDEDGE(*,*,#1994,.T.) ;
#2028=IFCORIENTEDEDGE(*,*,#2019,.F.) ;
#2029=IFCORIENTEDEDGE(*,*,#2024,.T.) ;
#2051=IFCORIENTEDEDGE(*,*,#2044,.T.) ;
#2052=IFCORIENTEDEDGE(*,*,#1999,.T.) ;
#2053=IFCORIENTEDEDGE(*,*,#1948,.F.) ;
#2054=IFCORIENTEDEDGE(*,*,#2049,.T.) ;
#2069=IFCORIENTEDEDGE(*,*,#2019,.T.) ;
#2070=IFCORIENTEDEDGE(*,*,#1989,.T.) ;
#2071=IFCORIENTEDEDGE(*,*,#2044,.F.) ;
#2072=IFCORIENTEDEDGE(*,*,#2067,.T.) ;
#2082=IFCORIENTEDEDGE(*,*,#1967,.F.) ;
#2083=IFCORIENTEDEDGE(*,*,#2024,.F.) ;
#2084=IFCORIENTEDEDGE(*,*,#2067,.F.) ;
#2085=IFCORIENTEDEDGE(*,*,#2049,.F.) ;
#2127=IFCORIENTEDEDGE(*,*,#2106,.T.) ;
#2128=IFCORIENTEDEDGE(*,*,#2113,.T.) ;
#2129=IFCORIENTEDEDGE(*,*,#2120,.F.) ;
#2130=IFCORIENTEDEDGE(*,*,#2125,.T.) ;
#2159=IFCORIENTEDEDGE(*,*,#2147,.F.) ;
#2160=IFCORIENTEDEDGE(*,*,#2152,.F.) ;
#2161=IFCORIENTEDEDGE(*,*,#2113,.F.) ;
#2162=IFCORIENTEDEDGE(*,*,#2157,.F.) ;
#2184=IFCORIENTEDEDGE(*,*,#2120,.T.) ;
#2185=IFCORIENTEDEDGE(*,*,#2152,.T.) ;
#2186=IFCORIENTEDEDGE(*,*,#2177,.F.) ;
#2187=IFCORIENTEDEDGE(*,*,#2182,.T.) ;
#2209=IFCORIENTEDEDGE(*,*,#2202,.T.) ;
#2210=IFCORIENTEDEDGE(*,*,#2157,.T.) ;
#2211=IFCORIENTEDEDGE(*,*,#2106,.F.) ;
#2212=IFCORIENTEDEDGE(*,*,#2207,.T.) ;
#2227=IFCORIENTEDEDGE(*,*,#2177,.T.) ;
#2228=IFCORIENTEDEDGE(*,*,#2147,.T.) ;
#2229=IFCORIENTEDEDGE(*,*,#2202,.F.) ;
#2230=IFCORIENTEDEDGE(*,*,#2225,.T.) ;
#2240=IFCORIENTEDEDGE(*,*,#2125,.F.) ;
#2241=IFCORIENTEDEDGE(*,*,#2182,.F.) ;
#2242=IFCORIENTEDEDGE(*,*,#2225,.F.) ;
#2243=IFCORIENTEDEDGE(*,*,#2207,.F.) ;
#2285=IFCORIENTEDEDGE(*,*,#2264,.T.) ;
#2286=IFCORIENTEDEDGE(*,*,#2271,.T.) ;
#2287=IFCORIENTEDEDGE(*,*,#2278,.F.) ;
#2288=IFCORIENTEDEDGE(*,*,#2283,.T.) ;
#2317=IFCORIENTEDEDGE(*,*,#2305,.F.) ;
#2318=IFCORIENTEDEDGE(*,*,#2310,.F.) ;
#2319=IFCORIENTEDEDGE(*,*,#2271,.F.) ;
#2320=IFCORIENTEDEDGE(*,*,#2315,.F.) ;
#2342=IFCORIENTEDEDGE(*,*,#2278,.T.) ;
#2343=IFCORIENTEDEDGE(*,*,#2310,.T.) ;
#2344=IFCORIENTEDEDGE(*,*,#2335,.F.) ;
#2345=IFCORIENTEDEDGE(*,*,#2340,.T.) ;
#2367=IFCORIENTEDEDGE(*,*,#2360,.T.) ;
#2368=IFCORIENTEDEDGE(*,*,#2315,.T.) ;
#2369=IFCORIENTEDEDGE(*,*,#2264,.F.) ;
#2370=IFCORIENTEDEDGE(*,*,#2365,.T.) ;
#2385=IFCORIENTEDEDGE(*,*,#2335,.T.) ;
#2386=IFCORIENTEDEDGE(*,*,#2305,.T.) ;
#2387=IFCORIENTEDEDGE(*,*,#2360,.F.) ;
#2388=IFCORIENTEDEDGE(*,*,#2383,.T.) ;
#2398=IFCORIENTEDEDGE(*,*,#2283,.F.) ;
#2399=IFCORIENTEDEDGE(*,*,#2340,.F.) ;
#2400=IFCORIENTEDEDGE(*,*,#2383,.F.) ;
#2401=IFCORIENTEDEDGE(*,*,#2365,.F.) ;
#2443=IFCORIENTEDEDGE(*,*,#2422,.T.) ;
#2444=IFCORIENTEDEDGE(*,*,#2429,.T.) ;
#2445=IFCORIENTEDEDGE(*,*,#2436,.F.) ;
#2446=IFCORIENTEDEDGE(*,*,#2441,.T.) ;
#2475=IFCORIENTEDEDGE(*,*,#2463,.F.) ;
#2476=IFCORIENTEDEDGE(*,*,#2468,.F.) ;
#2477=IFCORIENTEDEDGE(*,*,#2429,.F.) ;
#2478=IFCORIENTEDEDGE(*,*,#2473,.F.) ;
#2500=IFCORIENTEDEDGE(*,*,#2436,.T.) ;
#2501=IFCORIENTEDEDGE(*,*,#2468,.T.) ;
#2502=IFCORIENTEDEDGE(*,*,#2493,.F.) ;
#2503=IFCORIENTEDEDGE(*,*,#2498,.T.) ;
#2525=IFCORIENTEDEDGE(*,*,#2518,.T.) ;
#2526=IFCORIENTEDEDGE(*,*,#2473,.T.) ;
#2527=IFCORIENTEDEDGE(*,*,#2422,.F.) ;
#2528=IFCORIENTEDEDGE(*,*,#2523,.T.) ;
#2543=IFCORIENTEDEDGE(*,*,#2493,.T.) ;
#2544=IFCORIENTEDEDGE(*,*,#2463,.T.) ;
#2545=IFCORIENTEDEDGE(*,*,#2518,.F.) ;
#2546=IFCORIENTEDEDGE(*,*,#2541,.T.) ;
#2556=IFCORIENTEDEDGE(*,*,#2441,.F.) ;
#2557=IFCORIENTEDEDGE(*,*,#2498,.F.) ;
#2558=IFCORIENTEDEDGE(*,*,#2541,.F.) ;
#2559=IFCORIENTEDEDGE(*,*,#2523,.F.) ;
#2601=IFCORIENTEDEDGE(*,*,#2580,.T.) ;
#2602=IFCORIENTEDEDGE(*,*,#2587,.T.) ;
#2603=IFCORIENTEDEDGE(*,*,#2594,.F.) ;
#2604=IFCORIENTEDEDGE(*,*,#2599,.F.) ;
#2633=IFCORIENTEDEDGE(*,*,#2594,.T.) ;
#2634=IFCORIENTEDEDGE(*,*,#2619,.T.) ;
#2635=IFCORIENTEDEDGE(*,*,#2626,.F.) ;
#2636=IFCORIENTEDEDGE(*,*,#2631,.T.) ;
#2665=IFCORIENTEDEDGE(*,*,#2653,.T.) ;
#2666=IFCORIENTEDEDGE(*,*,#2658,.T.) ;
#2667=IFCORIENTEDEDGE(*,*,#2580,.F.) ;
#2668=IFCORIENTEDEDGE(*,*,#2663,.T.) ;
#2683=IFCORIENTEDEDGE(*,*,#2619,.F.) ;
#2684=IFCORIENTEDEDGE(*,*,#2587,.F.) ;
#2685=IFCORIENTEDEDGE(*,*,#2658,.F.) ;
#2686=IFCORIENTEDEDGE(*,*,#2681,.F.) ;
#2701=IFCORIENTEDEDGE(*,*,#2599,.T.) ;
#2702=IFCORIENTEDEDGE(*,*,#2631,.F.) ;
#2703=IFCORIENTEDEDGE(*,*,#2699,.F.) ;
#2704=IFCORIENTEDEDGE(*,*,#2663,.F.) ;
#2714=IFCORIENTEDEDGE(*,*,#2626,.T.) ;
#2715=IFCORIENTEDEDGE(*,*,#2681,.T.) ;
#2716=IFCORIENTEDEDGE(*,*,#2653,.F.) ;
#2717=IFCORIENTEDEDGE(*,*,#2699,.T.) ;
#2759=IFCORIENTEDEDGE(*,*,#2738,.F.) ;
#2760=IFCORIENTEDEDGE(*,*,#2745,.F.) ;
#2761=IFCORIENTEDEDGE(*,*,#2752,.T.) ;
#2762=IFCORIENTEDEDGE(*,*,#2757,.T.) ;
#2819=IFCORIENTEDEDGE(*,*,#2752,.F.) ;
#2820=IFCORIENTEDEDGE(*,*,#2777,.F.) ;
#2821=IFCORIENTEDEDGE(*,*,#2784,.T.) ;
#2822=IFCORIENTEDEDGE(*,*,#2791,.F.) ;
#2823=IFCORIENTEDEDGE(*,*,#2798,.T.) ;
#2824=IFCORIENTEDEDGE(*,*,#2805,.T.) ;
#2825=IFCORIENTEDEDGE(*,*,#2812,.T.) ;
#2826=IFCORIENTEDEDGE(*,*,#2817,.T.) ;
#2871=IFCORIENTEDEDGE(*,*,#2844,.F.) ;
#2872=IFCORIENTEDEDGE(*,*,#2849,.F.) ;
#2873=IFCORIENTEDEDGE(*,*,#2738,.T.) ;
#2874=IFCORIENTEDEDGE(*,*,#2856,.T.) ;
#2875=IFCORIENTEDEDGE(*,*,#2864,.F.) ;
#2876=IFCORIENTEDEDGE(*,*,#2869,.F.) ;
#2958=IFCORIENTEDEDGE(*,*,#2893,.F.) ;
#2959=IFCORIENTEDEDGE(*,*,#2900,.T.) ;
#2960=IFCORIENTEDEDGE(*,*,#2907,.F.) ;
#2961=IFCORIENTEDEDGE(*,*,#2914,.F.) ;
#2962=IFCORIENTEDEDGE(*,*,#2921,.F.) ;
#2963=IFCORIENTEDEDGE(*,*,#2928,.F.) ;
#2964=IFCORIENTEDEDGE(*,*,#2936,.F.) ;
#2965=IFCORIENTEDEDGE(*,*,#2943,.T.) ;
#2966=IFCORIENTEDEDGE(*,*,#2951,.F.) ;
#2967=IFCORIENTEDEDGE(*,*,#2956,.T.) ;
#2987=IFCORIENTEDEDGE(*,*,#2980,.F.) ;
#2988=IFCORIENTEDEDGE(*,*,#2921,.T.) ;
#2989=IFCORIENTEDEDGE(*,*,#2985,.F.) ;
#2990=IFCORIENTEDEDGE(*,*,#2784,.F.) ;
#3010=IFCORIENTEDEDGE(*,*,#3003,.T.) ;
#3011=IFCORIENTEDEDGE(*,*,#2951,.T.) ;
#3012=IFCORIENTEDEDGE(*,*,#3008,.T.) ;
#3013=IFCORIENTEDEDGE(*,*,#2864,.T.) ;
#3033=IFCORIENTEDEDGE(*,*,#3026,.T.) ;
#3034=IFCORIENTEDEDGE(*,*,#2936,.T.) ;
#3035=IFCORIENTEDEDGE(*,*,#3031,.T.) ;
#3036=IFCORIENTEDEDGE(*,*,#2844,.T.) ;
#3064=IFCORIENTEDEDGE(*,*,#3051,.F.) ;
#3065=IFCORIENTEDEDGE(*,*,#2900,.F.) ;
#3066=IFCORIENTEDEDGE(*,*,#3056,.F.) ;
#3067=IFCORIENTEDEDGE(*,*,#2805,.F.) ;
#3068=IFCORIENTEDEDGE(*,*,#3062,.T.) ;
#3091=IFCORIENTEDEDGE(*,*,#2791,.T.) ;
#3092=IFCORIENTEDEDGE(*,*,#2985,.T.) ;
#3093=IFCORIENTEDEDGE(*,*,#2914,.T.) ;
#3094=IFCORIENTEDEDGE(*,*,#3083,.T.) ;
#3095=IFCORIENTEDEDGE(*,*,#3089,.F.) ;
#3110=IFCORIENTEDEDGE(*,*,#3108,.F.) ;
#3111=IFCORIENTEDEDGE(*,*,#3083,.F.) ;
#3112=IFCORIENTEDEDGE(*,*,#2907,.T.) ;
#3113=IFCORIENTEDEDGE(*,*,#3051,.T.) ;
#3123=IFCORIENTEDEDGE(*,*,#2798,.F.) ;
#3124=IFCORIENTEDEDGE(*,*,#3089,.T.) ;
#3125=IFCORIENTEDEDGE(*,*,#3108,.T.) ;
#3126=IFCORIENTEDEDGE(*,*,#3062,.F.) ;
#3136=IFCORIENTEDEDGE(*,*,#2980,.T.) ;
#3137=IFCORIENTEDEDGE(*,*,#2777,.T.) ;
#3138=IFCORIENTEDEDGE(*,*,#2745,.T.) ;
#3139=IFCORIENTEDEDGE(*,*,#2849,.T.) ;
#3140=IFCORIENTEDEDGE(*,*,#3031,.F.) ;
#3141=IFCORIENTEDEDGE(*,*,#2928,.T.) ;
#3156=IFCORIENTEDEDGE(*,*,#2757,.F.) ;
#3157=IFCORIENTEDEDGE(*,*,#2817,.F.) ;
#3158=IFCORIENTEDEDGE(*,*,#3154,.F.) ;
#3159=IFCORIENTEDEDGE(*,*,#2956,.F.) ;
#3160=IFCORIENTEDEDGE(*,*,#3003,.F.) ;
#3161=IFCORIENTEDEDGE(*,*,#2856,.F.) ;
#3171=IFCORIENTEDEDGE(*,*,#3026,.F.) ;
#3172=IFCORIENTEDEDGE(*,*,#2869,.T.) ;
#3173=IFCORIENTEDEDGE(*,*,#3008,.F.) ;
#3174=IFCORIENTEDEDGE(*,*,#2943,.F.) ;
#3184=IFCORIENTEDEDGE(*,*,#2893,.T.) ;
#3185=IFCORIENTEDEDGE(*,*,#3154,.T.) ;
#3186=IFCORIENTEDEDGE(*,*,#2812,.F.) ;
#3187=IFCORIENTEDEDGE(*,*,#3056,.T.) ;
#3229=IFCORIENTEDEDGE(*,*,#3208,.T.) ;
#3230=IFCORIENTEDEDGE(*,*,#3215,.T.) ;
#3231=IFCORIENTEDEDGE(*,*,#3222,.F.) ;
#3232=IFCORIENTEDEDGE(*,*,#3227,.T.) ;
#3261=IFCORIENTEDEDGE(*,*,#3222,.T.) ;
#3262=IFCORIENTEDEDGE(*,*,#3247,.T.) ;
#3263=IFCORIENTEDEDGE(*,*,#3254,.F.) ;
#3264=IFCORIENTEDEDGE(*,*,#3259,.F.) ;
#3293=IFCORIENTEDEDGE(*,*,#3254,.T.) ;
#3294=IFCORIENTEDEDGE(*,*,#3279,.T.) ;
#3295=IFCORIENTEDEDGE(*,*,#3286,.F.) ;
#3296=IFCORIENTEDEDGE(*,*,#3291,.T.) ;
#3316=IFCORIENTEDEDGE(*,*,#3286,.T.) ;
#3317=IFCORIENTEDEDGE(*,*,#3309,.F.) ;
#3318=IFCORIENTEDEDGE(*,*,#3208,.F.) ;
#3319=IFCORIENTEDEDGE(*,*,#3314,.T.) ;
#3329=IFCORIENTEDEDGE(*,*,#3259,.T.) ;
#3330=IFCORIENTEDEDGE(*,*,#3291,.F.) ;
#3331=IFCORIENTEDEDGE(*,*,#3314,.F.) ;
#3332=IFCORIENTEDEDGE(*,*,#3227,.F.) ;
#3342=IFCORIENTEDEDGE(*,*,#3309,.T.) ;
#3343=IFCORIENTEDEDGE(*,*,#3279,.F.) ;
#3344=IFCORIENTEDEDGE(*,*,#3247,.F.) ;
#3345=IFCORIENTEDEDGE(*,*,#3215,.F.) ;
#3387=IFCORIENTEDEDGE(*,*,#3366,.T.) ;
#3388=IFCORIENTEDEDGE(*,*,#3373,.F.) ;
#3389=IFCORIENTEDEDGE(*,*,#3380,.F.) ;
#3390=IFCORIENTEDEDGE(*,*,#3385,.F.) ;
#3419=IFCORIENTEDEDGE(*,*,#3405,.F.) ;
#3420=IFCORIENTEDEDGE(*,*,#3380,.T.) ;
#3421=IFCORIENTEDEDGE(*,*,#3412,.T.) ;
#3422=IFCORIENTEDEDGE(*,*,#3417,.F.) ;
#3444=IFCORIENTEDEDGE(*,*,#3437,.F.) ;
#3445=IFCORIENTEDEDGE(*,*,#3385,.T.) ;
#3446=IFCORIENTEDEDGE(*,*,#3405,.T.) ;
#3447=IFCORIENTEDEDGE(*,*,#3442,.T.) ;
#3469=IFCORIENTEDEDGE(*,*,#3462,.F.) ;
#3470=IFCORIENTEDEDGE(*,*,#3366,.F.) ;
#3471=IFCORIENTEDEDGE(*,*,#3437,.T.) ;
#3472=IFCORIENTEDEDGE(*,*,#3467,.T.) ;
#3487=IFCORIENTEDEDGE(*,*,#3412,.F.) ;
#3488=IFCORIENTEDEDGE(*,*,#3373,.T.) ;
#3489=IFCORIENTEDEDGE(*,*,#3462,.T.) ;
#3490=IFCORIENTEDEDGE(*,*,#3485,.T.) ;
#3500=IFCORIENTEDEDGE(*,*,#3417,.T.) ;
#3501=IFCORIENTEDEDGE(*,*,#3485,.F.) ;
#3502=IFCORIENTEDEDGE(*,*,#3467,.F.) ;
#3503=IFCORIENTEDEDGE(*,*,#3442,.F.) ;
#3545=IFCORIENTEDEDGE(*,*,#3524,.F.) ;
#3546=IFCORIENTEDEDGE(*,*,#3531,.T.) ;
#3547=IFCORIENTEDEDGE(*,*,#3538,.T.) ;
#3548=IFCORIENTEDEDGE(*,*,#3543,.F.) ;
#3577=IFCORIENTEDEDGE(*,*,#3538,.F.) ;
#3578=IFCORIENTEDEDGE(*,*,#3563,.T.) ;
#3579=IFCORIENTEDEDGE(*,*,#3570,.T.) ;
#3580=IFCORIENTEDEDGE(*,*,#3575,.T.) ;
#3609=IFCORIENTEDEDGE(*,*,#3570,.F.) ;
#3610=IFCORIENTEDEDGE(*,*,#3595,.T.) ;
#3611=IFCORIENTEDEDGE(*,*,#3602,.T.) ;
#3612=IFCORIENTEDEDGE(*,*,#3607,.T.) ;
#3632=IFCORIENTEDEDGE(*,*,#3602,.F.) ;
#3633=IFCORIENTEDEDGE(*,*,#3625,.T.) ;
#3634=IFCORIENTEDEDGE(*,*,#3524,.T.) ;
#3635=IFCORIENTEDEDGE(*,*,#3630,.T.) ;
#3645=IFCORIENTEDEDGE(*,*,#3543,.T.) ;
#3646=IFCORIENTEDEDGE(*,*,#3575,.F.) ;
#3647=IFCORIENTEDEDGE(*,*,#3607,.F.) ;
#3648=IFCORIENTEDEDGE(*,*,#3630,.F.) ;
#3658=IFCORIENTEDEDGE(*,*,#3625,.F.) ;
#3659=IFCORIENTEDEDGE(*,*,#3595,.F.) ;
#3660=IFCORIENTEDEDGE(*,*,#3563,.F.) ;
#3661=IFCORIENTEDEDGE(*,*,#3531,.F.) ;
#3699=IFCORIENTEDEDGE(*,*,#3683,.T.) ;
#3700=IFCORIENTEDEDGE(*,*,#3691,.T.) ;
#3701=IFCORIENTEDEDGE(*,*,#3697,.T.) ;
#3731=IFCORIENTEDEDGE(*,*,#3716,.T.) ;
#3732=IFCORIENTEDEDGE(*,*,#3724,.T.) ;
#3733=IFCORIENTEDEDGE(*,*,#3729,.T.) ;
#3734=IFCORIENTEDEDGE(*,*,#3683,.F.) ;
#3768=IFCORIENTEDEDGE(*,*,#3752,.F.) ;
#3769=IFCORIENTEDEDGE(*,*,#3760,.T.) ;
#3770=IFCORIENTEDEDGE(*,*,#3766,.T.) ;
#3810=IFCORIENTEDEDGE(*,*,#3788,.T.) ;
#3811=IFCORIENTEDEDGE(*,*,#3795,.T.) ;
#3812=IFCORIENTEDEDGE(*,*,#3803,.F.) ;
#3813=IFCORIENTEDEDGE(*,*,#3808,.T.) ;
#3853=IFCORIENTEDEDGE(*,*,#3831,.T.) ;
#3854=IFCORIENTEDEDGE(*,*,#3838,.T.) ;
#3855=IFCORIENTEDEDGE(*,*,#3846,.F.) ;
#3856=IFCORIENTEDEDGE(*,*,#3851,.T.) ;
#3886=IFCORIENTEDEDGE(*,*,#3874,.F.) ;
#3887=IFCORIENTEDEDGE(*,*,#3879,.T.) ;
#3888=IFCORIENTEDEDGE(*,*,#3766,.F.) ;
#3889=IFCORIENTEDEDGE(*,*,#3884,.T.) ;
#3929=IFCORIENTEDEDGE(*,*,#3907,.T.) ;
#3930=IFCORIENTEDEDGE(*,*,#3914,.T.) ;
#3931=IFCORIENTEDEDGE(*,*,#3922,.F.) ;
#3932=IFCORIENTEDEDGE(*,*,#3927,.T.) ;
#3972=IFCORIENTEDEDGE(*,*,#3950,.F.) ;
#3973=IFCORIENTEDEDGE(*,*,#3957,.T.) ;
#3974=IFCORIENTEDEDGE(*,*,#3965,.F.) ;
#3975=IFCORIENTEDEDGE(*,*,#3970,.T.) ;
#3999=IFCORIENTEDEDGE(*,*,#3991,.F.) ;
#4000=IFCORIENTEDEDGE(*,*,#3788,.F.) ;
#4001=IFCORIENTEDEDGE(*,*,#3997,.T.) ;
#4055=IFCORIENTEDEDGE(*,*,#4019,.F.) ;
#4056=IFCORIENTEDEDGE(*,*,#4026,.T.) ;
#4057=IFCORIENTEDEDGE(*,*,#4033,.F.) ;
#4058=IFCORIENTEDEDGE(*,*,#4040,.F.) ;
#4059=IFCORIENTEDEDGE(*,*,#4048,.F.) ;
#4060=IFCORIENTEDEDGE(*,*,#4053,.T.) ;
#4100=IFCORIENTEDEDGE(*,*,#4078,.F.) ;
#4101=IFCORIENTEDEDGE(*,*,#4085,.T.) ;
#4102=IFCORIENTEDEDGE(*,*,#4093,.F.) ;
#4103=IFCORIENTEDEDGE(*,*,#4098,.T.) ;
#4137=IFCORIENTEDEDGE(*,*,#4121,.T.) ;
#4138=IFCORIENTEDEDGE(*,*,#4129,.T.) ;
#4139=IFCORIENTEDEDGE(*,*,#4135,.T.) ;
#4169=IFCORIENTEDEDGE(*,*,#4135,.F.) ;
#4170=IFCORIENTEDEDGE(*,*,#4154,.T.) ;
#4171=IFCORIENTEDEDGE(*,*,#4162,.F.) ;
#4172=IFCORIENTEDEDGE(*,*,#4167,.T.) ;
#4196=IFCORIENTEDEDGE(*,*,#3950,.T.) ;
#4197=IFCORIENTEDEDGE(*,*,#4188,.T.) ;
#4198=IFCORIENTEDEDGE(*,*,#4194,.F.) ;
#4232=IFCORIENTEDEDGE(*,*,#4216,.T.) ;
#4233=IFCORIENTEDEDGE(*,*,#4224,.F.) ;
#4234=IFCORIENTEDEDGE(*,*,#4230,.T.) ;
#4274=IFCORIENTEDEDGE(*,*,#4252,.F.) ;
#4275=IFCORIENTEDEDGE(*,*,#4259,.T.) ;
#4276=IFCORIENTEDEDGE(*,*,#4267,.F.) ;
#4277=IFCORIENTEDEDGE(*,*,#4272,.T.) ;
#4301=IFCORIENTEDEDGE(*,*,#4293,.F.) ;
#4302=IFCORIENTEDEDGE(*,*,#4299,.T.) ;
#4303=IFCORIENTEDEDGE(*,*,#3831,.F.) ;
#4343=IFCORIENTEDEDGE(*,*,#4320,.F.) ;
#4344=IFCORIENTEDEDGE(*,*,#4328,.T.) ;
#4345=IFCORIENTEDEDGE(*,*,#4335,.T.) ;
#4346=IFCORIENTEDEDGE(*,*,#4341,.F.) ;
#4375=IFCORIENTEDEDGE(*,*,#4335,.F.) ;
#4376=IFCORIENTEDEDGE(*,*,#4361,.T.) ;
#4377=IFCORIENTEDEDGE(*,*,#4368,.T.) ;
#4378=IFCORIENTEDEDGE(*,*,#4373,.F.) ;
#4409=IFCORIENTEDEDGE(*,*,#4368,.F.) ;
#4410=IFCORIENTEDEDGE(*,*,#4394,.T.) ;
#4411=IFCORIENTEDEDGE(*,*,#4401,.T.) ;
#4412=IFCORIENTEDEDGE(*,*,#4407,.F.) ;
#4441=IFCORIENTEDEDGE(*,*,#4427,.T.) ;
#4442=IFCORIENTEDEDGE(*,*,#4434,.T.) ;
#4443=IFCORIENTEDEDGE(*,*,#4439,.F.) ;
#4444=IFCORIENTEDEDGE(*,*,#4401,.F.) ;
#4475=IFCORIENTEDEDGE(*,*,#4434,.F.) ;
#4476=IFCORIENTEDEDGE(*,*,#4460,.T.) ;
#4477=IFCORIENTEDEDGE(*,*,#4467,.T.) ;
#4478=IFCORIENTEDEDGE(*,*,#4473,.F.) ;
#4507=IFCORIENTEDEDGE(*,*,#4467,.F.) ;
#4508=IFCORIENTEDEDGE(*,*,#4493,.T.) ;
#4509=IFCORIENTEDEDGE(*,*,#4500,.T.) ;
#4510=IFCORIENTEDEDGE(*,*,#4505,.F.) ;
#4541=IFCORIENTEDEDGE(*,*,#4500,.F.) ;
#4542=IFCORIENTEDEDGE(*,*,#4526,.T.) ;
#4543=IFCORIENTEDEDGE(*,*,#4533,.T.) ;
#4544=IFCORIENTEDEDGE(*,*,#4539,.F.) ;
#4564=IFCORIENTEDEDGE(*,*,#4557,.T.) ;
#4565=IFCORIENTEDEDGE(*,*,#4320,.T.) ;
#4566=IFCORIENTEDEDGE(*,*,#4562,.F.) ;
#4567=IFCORIENTEDEDGE(*,*,#4533,.F.) ;
#4577=IFCORIENTEDEDGE(*,*,#4505,.T.) ;
#4578=IFCORIENTEDEDGE(*,*,#4539,.T.) ;
#4579=IFCORIENTEDEDGE(*,*,#4562,.T.) ;
#4580=IFCORIENTEDEDGE(*,*,#4341,.T.) ;
#4581=IFCORIENTEDEDGE(*,*,#4373,.T.) ;
#4582=IFCORIENTEDEDGE(*,*,#4407,.T.) ;
#4583=IFCORIENTEDEDGE(*,*,#4439,.T.) ;
#4584=IFCORIENTEDEDGE(*,*,#4473,.T.) ;
#4604=IFCORIENTEDEDGE(*,*,#4299,.F.) ;
#4605=IFCORIENTEDEDGE(*,*,#4597,.T.) ;
#4606=IFCORIENTEDEDGE(*,*,#3997,.F.) ;
#4607=IFCORIENTEDEDGE(*,*,#4602,.F.) ;
#4627=IFCORIENTEDEDGE(*,*,#4620,.F.) ;
#4628=IFCORIENTEDEDGE(*,*,#4098,.F.) ;
#4629=IFCORIENTEDEDGE(*,*,#4625,.F.) ;
#4630=IFCORIENTEDEDGE(*,*,#4272,.F.) ;
#4660=IFCORIENTEDEDGE(*,*,#4230,.F.) ;
#4661=IFCORIENTEDEDGE(*,*,#4645,.T.) ;
#4662=IFCORIENTEDEDGE(*,*,#4653,.F.) ;
#4663=IFCORIENTEDEDGE(*,*,#4658,.F.) ;
#4692=IFCORIENTEDEDGE(*,*,#4678,.T.) ;
#4693=IFCORIENTEDEDGE(*,*,#4685,.F.) ;
#4694=IFCORIENTEDEDGE(*,*,#4690,.F.) ;
#4695=IFCORIENTEDEDGE(*,*,#4154,.F.) ;
#4718=IFCORIENTEDEDGE(*,*,#4129,.F.) ;
#4719=IFCORIENTEDEDGE(*,*,#4710,.T.) ;
#4720=IFCORIENTEDEDGE(*,*,#4716,.F.) ;
#4721=IFCORIENTEDEDGE(*,*,#4678,.F.) ;
#4778=IFCORIENTEDEDGE(*,*,#4710,.F.) ;
#4779=IFCORIENTEDEDGE(*,*,#4736,.F.) ;
#4780=IFCORIENTEDEDGE(*,*,#4743,.T.) ;
#4781=IFCORIENTEDEDGE(*,*,#4750,.F.) ;
#4782=IFCORIENTEDEDGE(*,*,#4757,.F.) ;
#4783=IFCORIENTEDEDGE(*,*,#4764,.F.) ;
#4784=IFCORIENTEDEDGE(*,*,#4771,.F.) ;
#4785=IFCORIENTEDEDGE(*,*,#4776,.F.) ;
#4813=IFCORIENTEDEDGE(*,*,#4188,.F.) ;
#4814=IFCORIENTEDEDGE(*,*,#4798,.T.) ;
#4815=IFCORIENTEDEDGE(*,*,#4806,.F.) ;
#4816=IFCORIENTEDEDGE(*,*,#4811,.F.) ;
#4831=IFCORIENTEDEDGE(*,*,#4602,.T.) ;
#4832=IFCORIENTEDEDGE(*,*,#3808,.F.) ;
#4833=IFCORIENTEDEDGE(*,*,#4829,.F.) ;
#4834=IFCORIENTEDEDGE(*,*,#3838,.F.) ;
#4929=IFCORIENTEDEDGE(*,*,#4851,.F.) ;
#4930=IFCORIENTEDEDGE(*,*,#4858,.F.) ;
#4931=IFCORIENTEDEDGE(*,*,#4865,.F.) ;
#4932=IFCORIENTEDEDGE(*,*,#4872,.F.) ;
#4933=IFCORIENTEDEDGE(*,*,#4879,.F.) ;
#4934=IFCORIENTEDEDGE(*,*,#4886,.F.) ;
#4935=IFCORIENTEDEDGE(*,*,#4893,.F.) ;
#4936=IFCORIENTEDEDGE(*,*,#4898,.F.) ;
#4937=IFCORIENTEDEDGE(*,*,#3884,.F.) ;
#4938=IFCORIENTEDEDGE(*,*,#4903,.F.) ;
#4939=IFCORIENTEDEDGE(*,*,#3795,.F.) ;
#4940=IFCORIENTEDEDGE(*,*,#4910,.F.) ;
#4941=IFCORIENTEDEDGE(*,*,#4915,.F.) ;
#4942=IFCORIENTEDEDGE(*,*,#4085,.F.) ;
#4943=IFCORIENTEDEDGE(*,*,#4922,.F.) ;
#4944=IFCORIENTEDEDGE(*,*,#4927,.F.) ;
#4947=IFCORIENTEDEDGE(*,*,#4526,.F.) ;
#4948=IFCORIENTEDEDGE(*,*,#4493,.F.) ;
#4949=IFCORIENTEDEDGE(*,*,#4460,.F.) ;
#4950=IFCORIENTEDEDGE(*,*,#4427,.F.) ;
#4951=IFCORIENTEDEDGE(*,*,#4394,.F.) ;
#4952=IFCORIENTEDEDGE(*,*,#4361,.F.) ;
#4953=IFCORIENTEDEDGE(*,*,#4328,.F.) ;
#4954=IFCORIENTEDEDGE(*,*,#4557,.F.) ;
#5139=IFCORIENTEDEDGE(*,*,#4971,.F.) ;
#5140=IFCORIENTEDEDGE(*,*,#4978,.F.) ;
#5141=IFCORIENTEDEDGE(*,*,#4985,.F.) ;
#5142=IFCORIENTEDEDGE(*,*,#4992,.F.) ;
#5143=IFCORIENTEDEDGE(*,*,#4999,.F.) ;
#5144=IFCORIENTEDEDGE(*,*,#5006,.F.) ;
#5145=IFCORIENTEDEDGE(*,*,#5013,.T.) ;
#5146=IFCORIENTEDEDGE(*,*,#5020,.T.) ;
#5147=IFCORIENTEDEDGE(*,*,#5027,.F.) ;
#5148=IFCORIENTEDEDGE(*,*,#5034,.T.) ;
#5149=IFCORIENTEDEDGE(*,*,#5039,.F.) ;
#5150=IFCORIENTEDEDGE(*,*,#4167,.F.) ;
#5151=IFCORIENTEDEDGE(*,*,#5046,.F.) ;
#5152=IFCORIENTEDEDGE(*,*,#5051,.F.) ;
#5153=IFCORIENTEDEDGE(*,*,#5058,.F.) ;
#5154=IFCORIENTEDEDGE(*,*,#5063,.F.) ;
#5155=IFCORIENTEDEDGE(*,*,#4259,.F.) ;
#5156=IFCORIENTEDEDGE(*,*,#5068,.F.) ;
#5157=IFCORIENTEDEDGE(*,*,#5073,.F.) ;
#5158=IFCORIENTEDEDGE(*,*,#3851,.F.) ;
#5159=IFCORIENTEDEDGE(*,*,#5078,.F.) ;
#5160=IFCORIENTEDEDGE(*,*,#3957,.F.) ;
#5161=IFCORIENTEDEDGE(*,*,#5085,.F.) ;
#5162=IFCORIENTEDEDGE(*,*,#5092,.F.) ;
#5163=IFCORIENTEDEDGE(*,*,#5099,.T.) ;
#5164=IFCORIENTEDEDGE(*,*,#5106,.F.) ;
#5165=IFCORIENTEDEDGE(*,*,#5113,.F.) ;
#5166=IFCORIENTEDEDGE(*,*,#5120,.T.) ;
#5167=IFCORIENTEDEDGE(*,*,#5127,.T.) ;
#5168=IFCORIENTEDEDGE(*,*,#5132,.T.) ;
#5169=IFCORIENTEDEDGE(*,*,#3927,.F.) ;
#5170=IFCORIENTEDEDGE(*,*,#5137,.F.) ;
#5190=IFCORIENTEDEDGE(*,*,#5013,.F.) ;
#5191=IFCORIENTEDEDGE(*,*,#5183,.F.) ;
#5192=IFCORIENTEDEDGE(*,*,#4033,.T.) ;
#5193=IFCORIENTEDEDGE(*,*,#5188,.T.) ;
#5222=IFCORIENTEDEDGE(*,*,#5027,.T.) ;
#5223=IFCORIENTEDEDGE(*,*,#5208,.T.) ;
#5224=IFCORIENTEDEDGE(*,*,#5215,.F.) ;
#5225=IFCORIENTEDEDGE(*,*,#5220,.T.) ;
#5289=IFCORIENTEDEDGE(*,*,#5242,.T.) ;
#5290=IFCORIENTEDEDGE(*,*,#5247,.F.) ;
#5291=IFCORIENTEDEDGE(*,*,#4750,.T.) ;
#5292=IFCORIENTEDEDGE(*,*,#5252,.T.) ;
#5293=IFCORIENTEDEDGE(*,*,#5215,.T.) ;
#5294=IFCORIENTEDEDGE(*,*,#5259,.T.) ;
#5295=IFCORIENTEDEDGE(*,*,#5267,.F.) ;
#5296=IFCORIENTEDEDGE(*,*,#5274,.F.) ;
#5297=IFCORIENTEDEDGE(*,*,#5282,.F.) ;
#5298=IFCORIENTEDEDGE(*,*,#5287,.F.) ;
#5318=IFCORIENTEDEDGE(*,*,#5311,.F.) ;
#5319=IFCORIENTEDEDGE(*,*,#4053,.F.) ;
#5320=IFCORIENTEDEDGE(*,*,#5316,.F.) ;
#5321=IFCORIENTEDEDGE(*,*,#5274,.T.) ;
#5336=IFCORIENTEDEDGE(*,*,#5208,.F.) ;
#5337=IFCORIENTEDEDGE(*,*,#5020,.F.) ;
#5338=IFCORIENTEDEDGE(*,*,#5188,.F.) ;
#5339=IFCORIENTEDEDGE(*,*,#4026,.F.) ;
#5340=IFCORIENTEDEDGE(*,*,#5334,.F.) ;
#5341=IFCORIENTEDEDGE(*,*,#5259,.F.) ;
#5361=IFCORIENTEDEDGE(*,*,#5183,.T.) ;
#5362=IFCORIENTEDEDGE(*,*,#5006,.T.) ;
#5363=IFCORIENTEDEDGE(*,*,#5354,.T.) ;
#5364=IFCORIENTEDEDGE(*,*,#5287,.T.) ;
#5365=IFCORIENTEDEDGE(*,*,#5359,.F.) ;
#5366=IFCORIENTEDEDGE(*,*,#4040,.T.) ;
#5382=IFCORIENTEDEDGE(*,*,#5034,.F.) ;
#5383=IFCORIENTEDEDGE(*,*,#5220,.F.) ;
#5384=IFCORIENTEDEDGE(*,*,#5252,.F.) ;
#5385=IFCORIENTEDEDGE(*,*,#4743,.F.) ;
#5386=IFCORIENTEDEDGE(*,*,#5380,.F.) ;
#5407=IFCORIENTEDEDGE(*,*,#4757,.T.) ;
#5408=IFCORIENTEDEDGE(*,*,#5247,.T.) ;
#5409=IFCORIENTEDEDGE(*,*,#5399,.T.) ;
#5410=IFCORIENTEDEDGE(*,*,#4992,.T.) ;
#5411=IFCORIENTEDEDGE(*,*,#5405,.T.) ;
#5465=IFCORIENTEDEDGE(*,*,#5428,.T.) ;
#5466=IFCORIENTEDEDGE(*,*,#5435,.F.) ;
#5467=IFCORIENTEDEDGE(*,*,#5443,.F.) ;
#5468=IFCORIENTEDEDGE(*,*,#5450,.F.) ;
#5469=IFCORIENTEDEDGE(*,*,#5458,.F.) ;
#5470=IFCORIENTEDEDGE(*,*,#5463,.T.) ;
#5499=IFCORIENTEDEDGE(*,*,#5485,.F.) ;
#5500=IFCORIENTEDEDGE(*,*,#5492,.F.) ;
#5501=IFCORIENTEDEDGE(*,*,#5497,.F.) ;
#5502=IFCORIENTEDEDGE(*,*,#5450,.T.) ;
#5575=IFCORIENTEDEDGE(*,*,#5518,.F.) ;
#5576=IFCORIENTEDEDGE(*,*,#5525,.F.) ;
#5577=IFCORIENTEDEDGE(*,*,#5532,.F.) ;
#5578=IFCORIENTEDEDGE(*,*,#5539,.F.) ;
#5579=IFCORIENTEDEDGE(*,*,#5546,.F.) ;
#5580=IFCORIENTEDEDGE(*,*,#5553,.T.) ;
#5581=IFCORIENTEDEDGE(*,*,#5560,.F.) ;
#5582=IFCORIENTEDEDGE(*,*,#5567,.T.) ;
#5583=IFCORIENTEDEDGE(*,*,#5573,.F.) ;
#5584=IFCORIENTEDEDGE(*,*,#5492,.T.) ;
#5604=IFCORIENTEDEDGE(*,*,#5597,.F.) ;
#5605=IFCORIENTEDEDGE(*,*,#5099,.F.) ;
#5606=IFCORIENTEDEDGE(*,*,#5602,.F.) ;
#5607=IFCORIENTEDEDGE(*,*,#5532,.T.) ;
#5627=IFCORIENTEDEDGE(*,*,#5428,.F.) ;
#5628=IFCORIENTEDEDGE(*,*,#5620,.T.) ;
#5629=IFCORIENTEDEDGE(*,*,#5113,.T.) ;
#5630=IFCORIENTEDEDGE(*,*,#5625,.F.) ;
#5645=IFCORIENTEDEDGE(*,*,#5625,.T.) ;
#5646=IFCORIENTEDEDGE(*,*,#5106,.T.) ;
#5647=IFCORIENTEDEDGE(*,*,#5597,.T.) ;
#5648=IFCORIENTEDEDGE(*,*,#5525,.T.) ;
#5649=IFCORIENTEDEDGE(*,*,#5643,.F.) ;
#5650=IFCORIENTEDEDGE(*,*,#5435,.T.) ;
#5670=IFCORIENTEDEDGE(*,*,#5663,.F.) ;
#5671=IFCORIENTEDEDGE(*,*,#5120,.F.) ;
#5672=IFCORIENTEDEDGE(*,*,#5620,.F.) ;
#5673=IFCORIENTEDEDGE(*,*,#5463,.F.) ;
#5674=IFCORIENTEDEDGE(*,*,#5668,.F.) ;
#5675=IFCORIENTEDEDGE(*,*,#5567,.F.) ;
#5698=IFCORIENTEDEDGE(*,*,#5690,.T.) ;
#5699=IFCORIENTEDEDGE(*,*,#5539,.T.) ;
#5700=IFCORIENTEDEDGE(*,*,#5602,.T.) ;
#5701=IFCORIENTEDEDGE(*,*,#5092,.T.) ;
#5702=IFCORIENTEDEDGE(*,*,#5696,.T.) ;
#5722=IFCORIENTEDEDGE(*,*,#5132,.F.) ;
#5723=IFCORIENTEDEDGE(*,*,#5715,.F.) ;
#5724=IFCORIENTEDEDGE(*,*,#5553,.F.) ;
#5725=IFCORIENTEDEDGE(*,*,#5720,.F.) ;
#5726=IFCORIENTEDEDGE(*,*,#3907,.F.) ;
#5778=IFCORIENTEDEDGE(*,*,#5742,.F.) ;
#5779=IFCORIENTEDEDGE(*,*,#5749,.F.) ;
#5780=IFCORIENTEDEDGE(*,*,#5755,.F.) ;
#5781=IFCORIENTEDEDGE(*,*,#4858,.T.) ;
#5782=IFCORIENTEDEDGE(*,*,#5763,.F.) ;
#5783=IFCORIENTEDEDGE(*,*,#5770,.F.) ;
#5784=IFCORIENTEDEDGE(*,*,#5776,.F.) ;
#5785=IFCORIENTEDEDGE(*,*,#5046,.T.) ;
#5822=IFCORIENTEDEDGE(*,*,#5801,.F.) ;
#5823=IFCORIENTEDEDGE(*,*,#5808,.F.) ;
#5824=IFCORIENTEDEDGE(*,*,#5814,.F.) ;
#5825=IFCORIENTEDEDGE(*,*,#4915,.T.) ;
#5826=IFCORIENTEDEDGE(*,*,#5820,.F.) ;
#5827=IFCORIENTEDEDGE(*,*,#3716,.F.) ;
#5828=IFCORIENTEDEDGE(*,*,#3697,.F.) ;
#5829=IFCORIENTEDEDGE(*,*,#5068,.T.) ;
#5881=IFCORIENTEDEDGE(*,*,#5845,.F.) ;
#5882=IFCORIENTEDEDGE(*,*,#5852,.F.) ;
#5883=IFCORIENTEDEDGE(*,*,#5858,.F.) ;
#5884=IFCORIENTEDEDGE(*,*,#4922,.T.) ;
#5885=IFCORIENTEDEDGE(*,*,#5866,.F.) ;
#5886=IFCORIENTEDEDGE(*,*,#5873,.F.) ;
#5887=IFCORIENTEDEDGE(*,*,#5879,.F.) ;
#5888=IFCORIENTEDEDGE(*,*,#5063,.T.) ;
#5940=IFCORIENTEDEDGE(*,*,#5904,.F.) ;
#5941=IFCORIENTEDEDGE(*,*,#5911,.T.) ;
#5942=IFCORIENTEDEDGE(*,*,#5917,.F.) ;
#5943=IFCORIENTEDEDGE(*,*,#4893,.T.) ;
#5944=IFCORIENTEDEDGE(*,*,#5925,.F.) ;
#5945=IFCORIENTEDEDGE(*,*,#5932,.T.) ;
#5946=IFCORIENTEDEDGE(*,*,#5938,.F.) ;
#5947=IFCORIENTEDEDGE(*,*,#5137,.T.) ;
#5999=IFCORIENTEDEDGE(*,*,#5963,.F.) ;
#6000=IFCORIENTEDEDGE(*,*,#5970,.T.) ;
#6001=IFCORIENTEDEDGE(*,*,#5976,.F.) ;
#6002=IFCORIENTEDEDGE(*,*,#4879,.T.) ;
#6003=IFCORIENTEDEDGE(*,*,#5984,.F.) ;
#6004=IFCORIENTEDEDGE(*,*,#5991,.T.) ;
#6005=IFCORIENTEDEDGE(*,*,#5997,.F.) ;
#6006=IFCORIENTEDEDGE(*,*,#4978,.T.) ;
#6050=IFCORIENTEDEDGE(*,*,#6022,.F.) ;
#6051=IFCORIENTEDEDGE(*,*,#4903,.T.) ;
#6052=IFCORIENTEDEDGE(*,*,#3760,.F.) ;
#6053=IFCORIENTEDEDGE(*,*,#6029,.T.) ;
#6054=IFCORIENTEDEDGE(*,*,#6035,.F.) ;
#6055=IFCORIENTEDEDGE(*,*,#5078,.T.) ;
#6056=IFCORIENTEDEDGE(*,*,#6043,.F.) ;
#6057=IFCORIENTEDEDGE(*,*,#6048,.T.) ;
#6079=IFCORIENTEDEDGE(*,*,#6071,.T.) ;
#6080=IFCORIENTEDEDGE(*,*,#6077,.T.) ;
#6081=IFCORIENTEDEDGE(*,*,#5997,.T.) ;
#6097=IFCORIENTEDEDGE(*,*,#5991,.F.) ;
#6098=IFCORIENTEDEDGE(*,*,#6095,.T.) ;
#6099=IFCORIENTEDEDGE(*,*,#4771,.T.) ;
#6100=IFCORIENTEDEDGE(*,*,#6071,.F.) ;
#6124=IFCORIENTEDEDGE(*,*,#6116,.F.) ;
#6125=IFCORIENTEDEDGE(*,*,#5963,.T.) ;
#6126=IFCORIENTEDEDGE(*,*,#6122,.T.) ;
#6149=IFCORIENTEDEDGE(*,*,#5970,.F.) ;
#6150=IFCORIENTEDEDGE(*,*,#6116,.T.) ;
#6151=IFCORIENTEDEDGE(*,*,#6141,.T.) ;
#6152=IFCORIENTEDEDGE(*,*,#6147,.F.) ;
#6168=IFCORIENTEDEDGE(*,*,#6147,.T.) ;
#6169=IFCORIENTEDEDGE(*,*,#6166,.T.) ;
#6170=IFCORIENTEDEDGE(*,*,#5976,.T.) ;
#6194=IFCORIENTEDEDGE(*,*,#6186,.F.) ;
#6195=IFCORIENTEDEDGE(*,*,#5925,.T.) ;
#6196=IFCORIENTEDEDGE(*,*,#6192,.T.) ;
#6219=IFCORIENTEDEDGE(*,*,#5932,.F.) ;
#6220=IFCORIENTEDEDGE(*,*,#6186,.T.) ;
#6221=IFCORIENTEDEDGE(*,*,#6211,.T.) ;
#6222=IFCORIENTEDEDGE(*,*,#6217,.F.) ;
#6238=IFCORIENTEDEDGE(*,*,#6217,.T.) ;
#6239=IFCORIENTEDEDGE(*,*,#6236,.T.) ;
#6240=IFCORIENTEDEDGE(*,*,#5938,.T.) ;
#6256=IFCORIENTEDEDGE(*,*,#6254,.F.) ;
#6257=IFCORIENTEDEDGE(*,*,#5904,.T.) ;
#6258=IFCORIENTEDEDGE(*,*,#3922,.T.) ;
#6281=IFCORIENTEDEDGE(*,*,#5911,.F.) ;
#6282=IFCORIENTEDEDGE(*,*,#6254,.T.) ;
#6283=IFCORIENTEDEDGE(*,*,#6273,.T.) ;
#6284=IFCORIENTEDEDGE(*,*,#6279,.F.) ;
#6300=IFCORIENTEDEDGE(*,*,#6279,.T.) ;
#6301=IFCORIENTEDEDGE(*,*,#6298,.T.) ;
#6302=IFCORIENTEDEDGE(*,*,#5917,.T.) ;
#6318=IFCORIENTEDEDGE(*,*,#6316,.F.) ;
#6319=IFCORIENTEDEDGE(*,*,#6043,.T.) ;
#6320=IFCORIENTEDEDGE(*,*,#3846,.T.) ;
#6336=IFCORIENTEDEDGE(*,*,#6048,.F.) ;
#6337=IFCORIENTEDEDGE(*,*,#6316,.T.) ;
#6338=IFCORIENTEDEDGE(*,*,#4829,.T.) ;
#6339=IFCORIENTEDEDGE(*,*,#6334,.F.) ;
#6349=IFCORIENTEDEDGE(*,*,#6334,.T.) ;
#6350=IFCORIENTEDEDGE(*,*,#3803,.T.) ;
#6351=IFCORIENTEDEDGE(*,*,#6022,.T.) ;
#6372=IFCORIENTEDEDGE(*,*,#6029,.F.) ;
#6373=IFCORIENTEDEDGE(*,*,#3752,.T.) ;
#6374=IFCORIENTEDEDGE(*,*,#6364,.T.) ;
#6375=IFCORIENTEDEDGE(*,*,#6370,.F.) ;
#6385=IFCORIENTEDEDGE(*,*,#6370,.T.) ;
#6386=IFCORIENTEDEDGE(*,*,#3965,.T.) ;
#6387=IFCORIENTEDEDGE(*,*,#6035,.T.) ;
#6403=IFCORIENTEDEDGE(*,*,#5820,.T.) ;
#6404=IFCORIENTEDEDGE(*,*,#6401,.T.) ;
#6405=IFCORIENTEDEDGE(*,*,#3724,.F.) ;
#6421=IFCORIENTEDEDGE(*,*,#6419,.T.) ;
#6422=IFCORIENTEDEDGE(*,*,#5801,.T.) ;
#6423=IFCORIENTEDEDGE(*,*,#4252,.T.) ;
#6439=IFCORIENTEDEDGE(*,*,#4625,.T.) ;
#6440=IFCORIENTEDEDGE(*,*,#6437,.T.) ;
#6441=IFCORIENTEDEDGE(*,*,#5808,.T.) ;
#6442=IFCORIENTEDEDGE(*,*,#6419,.F.) ;
#6464=IFCORIENTEDEDGE(*,*,#6456,.F.) ;
#6465=IFCORIENTEDEDGE(*,*,#6462,.T.) ;
#6466=IFCORIENTEDEDGE(*,*,#5755,.T.) ;
#6482=IFCORIENTEDEDGE(*,*,#4690,.T.) ;
#6483=IFCORIENTEDEDGE(*,*,#6456,.T.) ;
#6484=IFCORIENTEDEDGE(*,*,#5749,.T.) ;
#6485=IFCORIENTEDEDGE(*,*,#6480,.F.) ;
#6495=IFCORIENTEDEDGE(*,*,#6480,.T.) ;
#6496=IFCORIENTEDEDGE(*,*,#5742,.T.) ;
#6497=IFCORIENTEDEDGE(*,*,#4162,.T.) ;
#6521=IFCORIENTEDEDGE(*,*,#5763,.T.) ;
#6522=IFCORIENTEDEDGE(*,*,#6513,.T.) ;
#6523=IFCORIENTEDEDGE(*,*,#6519,.F.) ;
#6546=IFCORIENTEDEDGE(*,*,#5770,.T.) ;
#6547=IFCORIENTEDEDGE(*,*,#6519,.T.) ;
#6548=IFCORIENTEDEDGE(*,*,#6538,.T.) ;
#6549=IFCORIENTEDEDGE(*,*,#6544,.F.) ;
#6565=IFCORIENTEDEDGE(*,*,#6544,.T.) ;
#6566=IFCORIENTEDEDGE(*,*,#6563,.T.) ;
#6567=IFCORIENTEDEDGE(*,*,#5776,.T.) ;
#6583=IFCORIENTEDEDGE(*,*,#6581,.F.) ;
#6584=IFCORIENTEDEDGE(*,*,#4267,.T.) ;
#6585=IFCORIENTEDEDGE(*,*,#5879,.T.) ;
#6601=IFCORIENTEDEDGE(*,*,#4620,.T.) ;
#6602=IFCORIENTEDEDGE(*,*,#6581,.T.) ;
#6603=IFCORIENTEDEDGE(*,*,#5873,.T.) ;
#6604=IFCORIENTEDEDGE(*,*,#6599,.F.) ;
#6614=IFCORIENTEDEDGE(*,*,#6599,.T.) ;
#6615=IFCORIENTEDEDGE(*,*,#5866,.T.) ;
#6616=IFCORIENTEDEDGE(*,*,#4078,.T.) ;
#6640=IFCORIENTEDEDGE(*,*,#6632,.F.) ;
#6641=IFCORIENTEDEDGE(*,*,#6638,.T.) ;
#6642=IFCORIENTEDEDGE(*,*,#5858,.T.) ;
#6665=IFCORIENTEDEDGE(*,*,#6657,.T.) ;
#6666=IFCORIENTEDEDGE(*,*,#6632,.T.) ;
#6667=IFCORIENTEDEDGE(*,*,#5852,.T.) ;
#6668=IFCORIENTEDEDGE(*,*,#6663,.F.) ;
#6684=IFCORIENTEDEDGE(*,*,#6663,.T.) ;
#6685=IFCORIENTEDEDGE(*,*,#5845,.T.) ;
#6686=IFCORIENTEDEDGE(*,*,#6682,.T.) ;
#6696=IFCORIENTEDEDGE(*,*,#6437,.F.) ;
#6697=IFCORIENTEDEDGE(*,*,#4093,.T.) ;
#6698=IFCORIENTEDEDGE(*,*,#5814,.T.) ;
#6714=IFCORIENTEDEDGE(*,*,#6095,.F.) ;
#6715=IFCORIENTEDEDGE(*,*,#5984,.T.) ;
#6716=IFCORIENTEDEDGE(*,*,#6712,.T.) ;
#6732=IFCORIENTEDEDGE(*,*,#6730,.F.) ;
#6733=IFCORIENTEDEDGE(*,*,#4865,.T.) ;
#6734=IFCORIENTEDEDGE(*,*,#6462,.F.) ;
#6735=IFCORIENTEDEDGE(*,*,#4685,.T.) ;
#6750=IFCORIENTEDEDGE(*,*,#4224,.T.) ;
#6751=IFCORIENTEDEDGE(*,*,#5051,.T.) ;
#6752=IFCORIENTEDEDGE(*,*,#6563,.F.) ;
#6753=IFCORIENTEDEDGE(*,*,#6748,.T.) ;
#6768=IFCORIENTEDEDGE(*,*,#4645,.F.) ;
#6769=IFCORIENTEDEDGE(*,*,#6748,.F.) ;
#6770=IFCORIENTEDEDGE(*,*,#6538,.F.) ;
#6771=IFCORIENTEDEDGE(*,*,#6766,.F.) ;
#6787=IFCORIENTEDEDGE(*,*,#6785,.T.) ;
#6788=IFCORIENTEDEDGE(*,*,#6766,.T.) ;
#6789=IFCORIENTEDEDGE(*,*,#6513,.F.) ;
#6790=IFCORIENTEDEDGE(*,*,#4851,.T.) ;
#6810=IFCORIENTEDEDGE(*,*,#4597,.F.) ;
#6811=IFCORIENTEDEDGE(*,*,#6803,.F.) ;
#6812=IFCORIENTEDEDGE(*,*,#3729,.F.) ;
#6813=IFCORIENTEDEDGE(*,*,#6808,.F.) ;
#6823=IFCORIENTEDEDGE(*,*,#4293,.T.) ;
#6824=IFCORIENTEDEDGE(*,*,#5073,.T.) ;
#6825=IFCORIENTEDEDGE(*,*,#3691,.F.) ;
#6826=IFCORIENTEDEDGE(*,*,#6803,.T.) ;
#6836=IFCORIENTEDEDGE(*,*,#3991,.T.) ;
#6837=IFCORIENTEDEDGE(*,*,#6808,.T.) ;
#6838=IFCORIENTEDEDGE(*,*,#6401,.F.) ;
#6839=IFCORIENTEDEDGE(*,*,#4910,.T.) ;
#6860=IFCORIENTEDEDGE(*,*,#6853,.F.) ;
#6861=IFCORIENTEDEDGE(*,*,#4927,.T.) ;
#6862=IFCORIENTEDEDGE(*,*,#6638,.F.) ;
#6863=IFCORIENTEDEDGE(*,*,#6858,.T.) ;
#6878=IFCORIENTEDEDGE(*,*,#4216,.F.) ;
#6879=IFCORIENTEDEDGE(*,*,#6876,.T.) ;
#6880=IFCORIENTEDEDGE(*,*,#6682,.F.) ;
#6881=IFCORIENTEDEDGE(*,*,#5058,.T.) ;
#6891=IFCORIENTEDEDGE(*,*,#4658,.T.) ;
#6892=IFCORIENTEDEDGE(*,*,#6858,.F.) ;
#6893=IFCORIENTEDEDGE(*,*,#6657,.F.) ;
#6894=IFCORIENTEDEDGE(*,*,#6876,.F.) ;
#6909=IFCORIENTEDEDGE(*,*,#6166,.F.) ;
#6910=IFCORIENTEDEDGE(*,*,#6907,.T.) ;
#6911=IFCORIENTEDEDGE(*,*,#6192,.F.) ;
#6912=IFCORIENTEDEDGE(*,*,#4886,.T.) ;
#6927=IFCORIENTEDEDGE(*,*,#6236,.F.) ;
#6928=IFCORIENTEDEDGE(*,*,#6925,.T.) ;
#6929=IFCORIENTEDEDGE(*,*,#6122,.F.) ;
#6930=IFCORIENTEDEDGE(*,*,#4971,.T.) ;
#6940=IFCORIENTEDEDGE(*,*,#6211,.F.) ;
#6941=IFCORIENTEDEDGE(*,*,#6907,.F.) ;
#6942=IFCORIENTEDEDGE(*,*,#6141,.F.) ;
#6943=IFCORIENTEDEDGE(*,*,#6925,.F.) ;
#6964=IFCORIENTEDEDGE(*,*,#6957,.T.) ;
#6965=IFCORIENTEDEDGE(*,*,#4898,.T.) ;
#6966=IFCORIENTEDEDGE(*,*,#6298,.F.) ;
#6967=IFCORIENTEDEDGE(*,*,#6962,.T.) ;
#6982=IFCORIENTEDEDGE(*,*,#5720,.T.) ;
#6983=IFCORIENTEDEDGE(*,*,#5546,.T.) ;
#6984=IFCORIENTEDEDGE(*,*,#5690,.F.) ;
#6985=IFCORIENTEDEDGE(*,*,#6980,.F.) ;
#6986=IFCORIENTEDEDGE(*,*,#4811,.T.) ;
#6987=IFCORIENTEDEDGE(*,*,#6962,.F.) ;
#6988=IFCORIENTEDEDGE(*,*,#6273,.F.) ;
#6989=IFCORIENTEDEDGE(*,*,#3914,.F.) ;
#7005=IFCORIENTEDEDGE(*,*,#7003,.F.) ;
#7006=IFCORIENTEDEDGE(*,*,#4776,.T.) ;
#7007=IFCORIENTEDEDGE(*,*,#6712,.F.) ;
#7008=IFCORIENTEDEDGE(*,*,#4872,.T.) ;
#7018=IFCORIENTEDEDGE(*,*,#5405,.F.) ;
#7019=IFCORIENTEDEDGE(*,*,#4985,.T.) ;
#7020=IFCORIENTEDEDGE(*,*,#6077,.F.) ;
#7021=IFCORIENTEDEDGE(*,*,#4764,.T.) ;
#7031=IFCORIENTEDEDGE(*,*,#4798,.F.) ;
#7032=IFCORIENTEDEDGE(*,*,#3970,.F.) ;
#7033=IFCORIENTEDEDGE(*,*,#6364,.F.) ;
#7034=IFCORIENTEDEDGE(*,*,#3879,.F.) ;
#7044=IFCORIENTEDEDGE(*,*,#5485,.T.) ;
#7045=IFCORIENTEDEDGE(*,*,#5443,.T.) ;
#7046=IFCORIENTEDEDGE(*,*,#5643,.T.) ;
#7047=IFCORIENTEDEDGE(*,*,#5518,.T.) ;
#7057=IFCORIENTEDEDGE(*,*,#5668,.T.) ;
#7058=IFCORIENTEDEDGE(*,*,#5458,.T.) ;
#7059=IFCORIENTEDEDGE(*,*,#5497,.T.) ;
#7060=IFCORIENTEDEDGE(*,*,#5573,.T.) ;
#7070=IFCORIENTEDEDGE(*,*,#5085,.T.) ;
#7071=IFCORIENTEDEDGE(*,*,#4194,.T.) ;
#7072=IFCORIENTEDEDGE(*,*,#6980,.T.) ;
#7073=IFCORIENTEDEDGE(*,*,#5696,.F.) ;
#7083=IFCORIENTEDEDGE(*,*,#5127,.F.) ;
#7084=IFCORIENTEDEDGE(*,*,#5663,.T.) ;
#7085=IFCORIENTEDEDGE(*,*,#5560,.T.) ;
#7086=IFCORIENTEDEDGE(*,*,#5715,.T.) ;
#7096=IFCORIENTEDEDGE(*,*,#5334,.T.) ;
#7097=IFCORIENTEDEDGE(*,*,#4019,.T.) ;
#7098=IFCORIENTEDEDGE(*,*,#5311,.T.) ;
#7099=IFCORIENTEDEDGE(*,*,#5267,.T.) ;
#7109=IFCORIENTEDEDGE(*,*,#5316,.T.) ;
#7110=IFCORIENTEDEDGE(*,*,#4048,.T.) ;
#7111=IFCORIENTEDEDGE(*,*,#5359,.T.) ;
#7112=IFCORIENTEDEDGE(*,*,#5282,.T.) ;
#7122=IFCORIENTEDEDGE(*,*,#4736,.T.) ;
#7123=IFCORIENTEDEDGE(*,*,#4121,.F.) ;
#7124=IFCORIENTEDEDGE(*,*,#5039,.T.) ;
#7125=IFCORIENTEDEDGE(*,*,#5380,.T.) ;
#7135=IFCORIENTEDEDGE(*,*,#5354,.F.) ;
#7136=IFCORIENTEDEDGE(*,*,#4999,.T.) ;
#7137=IFCORIENTEDEDGE(*,*,#5399,.F.) ;
#7138=IFCORIENTEDEDGE(*,*,#5242,.F.) ;
#7148=IFCORIENTEDEDGE(*,*,#6853,.T.) ;
#7149=IFCORIENTEDEDGE(*,*,#4653,.T.) ;
#7150=IFCORIENTEDEDGE(*,*,#6785,.F.) ;
#7160=IFCORIENTEDEDGE(*,*,#3874,.T.) ;
#7161=IFCORIENTEDEDGE(*,*,#6957,.F.) ;
#7162=IFCORIENTEDEDGE(*,*,#4806,.T.) ;
#7172=IFCORIENTEDEDGE(*,*,#4716,.T.) ;
#7173=IFCORIENTEDEDGE(*,*,#7003,.T.) ;
#7174=IFCORIENTEDEDGE(*,*,#6730,.T.) ;
#26=IFCELEMENTASSEMBLY('0000000000000000000000',#5,'02.076 (IFC v2)',$,$,#27,$,$,$,$) ;
#69=IFCFACEOUTERBOUND(#64,.T.) ;
#114=IFCFACEOUTERBOUND(#109,.T.) ;
#137=IFCFACEOUTERBOUND(#132,.T.) ;
#155=IFCFACEOUTERBOUND(#150,.T.) ;
#173=IFCFACEOUTERBOUND(#168,.T.) ;
#186=IFCFACEOUTERBOUND(#181,.T.) ;
#235=IFCFACEOUTERBOUND(#230,.T.) ;
#276=IFCFACEOUTERBOUND(#271,.T.) ;
#299=IFCFACEOUTERBOUND(#294,.T.) ;
#317=IFCFACEOUTERBOUND(#312,.T.) ;
#335=IFCFACEOUTERBOUND(#330,.T.) ;
#348=IFCFACEOUTERBOUND(#343,.T.) ;
#393=IFCFACEOUTERBOUND(#388,.T.) ;
#434=IFCFACEOUTERBOUND(#429,.T.) ;
#457=IFCFACEOUTERBOUND(#452,.T.) ;
#475=IFCFACEOUTERBOUND(#470,.T.) ;
#493=IFCFACEOUTERBOUND(#488,.T.) ;
#506=IFCFACEOUTERBOUND(#501,.T.) ;
#551=IFCFACEOUTERBOUND(#546,.T.) ;
#592=IFCFACEOUTERBOUND(#587,.T.) ;
#615=IFCFACEOUTERBOUND(#610,.T.) ;
#633=IFCFACEOUTERBOUND(#628,.T.) ;
#651=IFCFACEOUTERBOUND(#646,.T.) ;
#664=IFCFACEOUTERBOUND(#659,.T.) ;
#709=IFCFACEOUTERBOUND(#704,.T.) ;
#750=IFCFACEOUTERBOUND(#745,.T.) ;
#773=IFCFACEOUTERBOUND(#768,.T.) ;
#791=IFCFACEOUTERBOUND(#786,.T.) ;
#809=IFCFACEOUTERBOUND(#804,.T.) ;
#822=IFCFACEOUTERBOUND(#817,.T.) ;
#867=IFCFACEOUTERBOUND(#862,.T.) ;
#908=IFCFACEOUTERBOUND(#903,.T.) ;
#931=IFCFACEOUTERBOUND(#926,.T.) ;
#949=IFCFACEOUTERBOUND(#944,.T.) ;
#967=IFCFACEOUTERBOUND(#962,.T.) ;
#980=IFCFACEOUTERBOUND(#975,.T.) ;
#1025=IFCFACEOUTERBOUND(#1020,.T.) ;
#1066=IFCFACEOUTERBOUND(#1061,.T.) ;
#1089=IFCFACEOUTERBOUND(#1084,.T.) ;
#1107=IFCFACEOUTERBOUND(#1102,.T.) ;
#1125=IFCFACEOUTERBOUND(#1120,.T.) ;
#1138=IFCFACEOUTERBOUND(#1133,.T.) ;
#1183=IFCFACEOUTERBOUND(#1178,.T.) ;
#1224=IFCFACEOUTERBOUND(#1219,.T.) ;
#1247=IFCFACEOUTERBOUND(#1242,.T.) ;
#1265=IFCFACEOUTERBOUND(#1260,.T.) ;
#1283=IFCFACEOUTERBOUND(#1278,.T.) ;
#1296=IFCFACEOUTERBOUND(#1291,.T.) ;
#1341=IFCFACEOUTERBOUND(#1336,.T.) ;
#1382=IFCFACEOUTERBOUND(#1377,.T.) ;
#1405=IFCFACEOUTERBOUND(#1400,.T.) ;
#1423=IFCFACEOUTERBOUND(#1418,.T.) ;
#1441=IFCFACEOUTERBOUND(#1436,.T.) ;
#1454=IFCFACEOUTERBOUND(#1449,.T.) ;
#1499=IFCFACEOUTERBOUND(#1494,.T.) ;
#1540=IFCFACEOUTERBOUND(#1535,.T.) ;
#1563=IFCFACEOUTERBOUND(#1558,.T.) ;
#1581=IFCFACEOUTERBOUND(#1576,.T.) ;
#1599=IFCFACEOUTERBOUND(#1594,.T.) ;
#1612=IFCFACEOUTERBOUND(#1607,.T.) ;
#1657=IFCFACEOUTERBOUND(#1652,.T.) ;
#1698=IFCFACEOUTERBOUND(#1693,.T.) ;
#1721=IFCFACEOUTERBOUND(#1716,.T.) ;
#1739=IFCFACEOUTERBOUND(#1734,.T.) ;
#1757=IFCFACEOUTERBOUND(#1752,.T.) ;
#1770=IFCFACEOUTERBOUND(#1765,.T.) ;
#1815=IFCFACEOUTERBOUND(#1810,.T.) ;
#1847=IFCFACEOUTERBOUND(#1842,.T.) ;
#1872=IFCFACEOUTERBOUND(#1867,.T.) ;
#1897=IFCFACEOUTERBOUND(#1892,.T.) ;
#1915=IFCFACEOUTERBOUND(#1910,.T.) ;
#1928=IFCFACEOUTERBOUND(#1923,.T.) ;
#1973=IFCFACEOUTERBOUND(#1968,.T.) ;
#2005=IFCFACEOUTERBOUND(#2000,.T.) ;
#2030=IFCFACEOUTERBOUND(#2025,.T.) ;
#2055=IFCFACEOUTERBOUND(#2050,.T.) ;
#2073=IFCFACEOUTERBOUND(#2068,.T.) ;
#2086=IFCFACEOUTERBOUND(#2081,.T.) ;
#2131=IFCFACEOUTERBOUND(#2126,.T.) ;
#2163=IFCFACEOUTERBOUND(#2158,.T.) ;
#2188=IFCFACEOUTERBOUND(#2183,.T.) ;
#2213=IFCFACEOUTERBOUND(#2208,.T.) ;
#2231=IFCFACEOUTERBOUND(#2226,.T.) ;
#2244=IFCFACEOUTERBOUND(#2239,.T.) ;
#2289=IFCFACEOUTERBOUND(#2284,.T.) ;
#2321=IFCFACEOUTERBOUND(#2316,.T.) ;
#2346=IFCFACEOUTERBOUND(#2341,.T.) ;
#2371=IFCFACEOUTERBOUND(#2366,.T.) ;
#2389=IFCFACEOUTERBOUND(#2384,.T.) ;
#2402=IFCFACEOUTERBOUND(#2397,.T.) ;
#2447=IFCFACEOUTERBOUND(#2442,.T.) ;
#2479=IFCFACEOUTERBOUND(#2474,.T.) ;
#2504=IFCFACEOUTERBOUND(#2499,.T.) ;
#2529=IFCFACEOUTERBOUND(#2524,.T.) ;
#2547=IFCFACEOUTERBOUND(#2542,.T.) ;
#2560=IFCFACEOUTERBOUND(#2555,.T.) ;
#2605=IFCFACEOUTERBOUND(#2600,.T.) ;
#2637=IFCFACEOUTERBOUND(#2632,.T.) ;
#2669=IFCFACEOUTERBOUND(#2664,.T.) ;
#2687=IFCFACEOUTERBOUND(#2682,.T.) ;
#2705=IFCFACEOUTERBOUND(#2700,.T.) ;
#2718=IFCFACEOUTERBOUND(#2713,.T.) ;
#2763=IFCFACEOUTERBOUND(#2758,.T.) ;
#2827=IFCFACEOUTERBOUND(#2818,.T.) ;
#2877=IFCFACEOUTERBOUND(#2870,.T.) ;
#2968=IFCFACEOUTERBOUND(#2957,.T.) ;
#2991=IFCFACEOUTERBOUND(#2986,.T.) ;
#3014=IFCFACEOUTERBOUND(#3009,.T.) ;
#3037=IFCFACEOUTERBOUND(#3032,.T.) ;
#3069=IFCFACEOUTERBOUND(#3063,.T.) ;
#3096=IFCFACEOUTERBOUND(#3090,.T.) ;
#3114=IFCFACEOUTERBOUND(#3109,.T.) ;
#3127=IFCFACEOUTERBOUND(#3122,.T.) ;
#3142=IFCFACEOUTERBOUND(#3135,.T.) ;
#3162=IFCFACEOUTERBOUND(#3155,.T.) ;
#3175=IFCFACEOUTERBOUND(#3170,.T.) ;
#3188=IFCFACEOUTERBOUND(#3183,.T.) ;
#3233=IFCFACEOUTERBOUND(#3228,.T.) ;
#3265=IFCFACEOUTERBOUND(#3260,.T.) ;
#3297=IFCFACEOUTERBOUND(#3292,.T.) ;
#3320=IFCFACEOUTERBOUND(#3315,.T.) ;
#3333=IFCFACEOUTERBOUND(#3328,.T.) ;
#3346=IFCFACEOUTERBOUND(#3341,.T.) ;
#3391=IFCFACEOUTERBOUND(#3386,.T.) ;
#3423=IFCFACEOUTERBOUND(#3418,.T.) ;
#3448=IFCFACEOUTERBOUND(#3443,.T.) ;
#3473=IFCFACEOUTERBOUND(#3468,.T.) ;
#3491=IFCFACEOUTERBOUND(#3486,.T.) ;
#3504=IFCFACEOUTERBOUND(#3499,.T.) ;
#3549=IFCFACEOUTERBOUND(#3544,.T.) ;
#3581=IFCFACEOUTERBOUND(#3576,.T.) ;
#3613=IFCFACEOUTERBOUND(#3608,.T.) ;
#3636=IFCFACEOUTERBOUND(#3631,.T.) ;
#3649=IFCFACEOUTERBOUND(#3644,.T.) ;
#3662=IFCFACEOUTERBOUND(#3657,.T.) ;
#3702=IFCFACEOUTERBOUND(#3698,.T.) ;
#3735=IFCFACEOUTERBOUND(#3730,.T.) ;
#3771=IFCFACEOUTERBOUND(#3767,.T.) ;
#3814=IFCFACEOUTERBOUND(#3809,.T.) ;
#3857=IFCFACEOUTERBOUND(#3852,.T.) ;
#3890=IFCFACEOUTERBOUND(#3885,.T.) ;
#3933=IFCFACEOUTERBOUND(#3928,.T.) ;
#3976=IFCFACEOUTERBOUND(#3971,.T.) ;
#4002=IFCFACEOUTERBOUND(#3998,.T.) ;
#4061=IFCFACEOUTERBOUND(#4054,.T.) ;
#4104=IFCFACEOUTERBOUND(#4099,.T.) ;
#4140=IFCFACEOUTERBOUND(#4136,.T.) ;
#4173=IFCFACEOUTERBOUND(#4168,.T.) ;
#4199=IFCFACEOUTERBOUND(#4195,.T.) ;
#4235=IFCFACEOUTERBOUND(#4231,.T.) ;
#4278=IFCFACEOUTERBOUND(#4273,.T.) ;
#4304=IFCFACEOUTERBOUND(#4300,.T.) ;
#4347=IFCFACEOUTERBOUND(#4342,.T.) ;
#4379=IFCFACEOUTERBOUND(#4374,.T.) ;
#4413=IFCFACEOUTERBOUND(#4408,.T.) ;
#4445=IFCFACEOUTERBOUND(#4440,.T.) ;
#4479=IFCFACEOUTERBOUND(#4474,.T.) ;
#4511=IFCFACEOUTERBOUND(#4506,.T.) ;
#4545=IFCFACEOUTERBOUND(#4540,.T.) ;
#4568=IFCFACEOUTERBOUND(#4563,.T.) ;
#4585=IFCFACEOUTERBOUND(#4576,.T.) ;
#4608=IFCFACEOUTERBOUND(#4603,.T.) ;
#4631=IFCFACEOUTERBOUND(#4626,.T.) ;
#4664=IFCFACEOUTERBOUND(#4659,.T.) ;
#4696=IFCFACEOUTERBOUND(#4691,.T.) ;
#4722=IFCFACEOUTERBOUND(#4717,.T.) ;
#4786=IFCFACEOUTERBOUND(#4777,.T.) ;
#4817=IFCFACEOUTERBOUND(#4812,.T.) ;
#4835=IFCFACEOUTERBOUND(#4830,.T.) ;
#4945=IFCFACEOUTERBOUND(#4928,.T.) ;
#5171=IFCFACEOUTERBOUND(#5138,.T.) ;
#5194=IFCFACEOUTERBOUND(#5189,.T.) ;
#5226=IFCFACEOUTERBOUND(#5221,.T.) ;
#5299=IFCFACEOUTERBOUND(#5288,.T.) ;
#5322=IFCFACEOUTERBOUND(#5317,.T.) ;
#5342=IFCFACEOUTERBOUND(#5335,.T.) ;
#5367=IFCFACEOUTERBOUND(#5360,.T.) ;
#5387=IFCFACEOUTERBOUND(#5381,.T.) ;
#5412=IFCFACEOUTERBOUND(#5406,.T.) ;
#5471=IFCFACEOUTERBOUND(#5464,.T.) ;
#5503=IFCFACEOUTERBOUND(#5498,.T.) ;
#5585=IFCFACEOUTERBOUND(#5574,.T.) ;
#5608=IFCFACEOUTERBOUND(#5603,.T.) ;
#5631=IFCFACEOUTERBOUND(#5626,.T.) ;
#5651=IFCFACEOUTERBOUND(#5644,.T.) ;
#5676=IFCFACEOUTERBOUND(#5669,.T.) ;
#5703=IFCFACEOUTERBOUND(#5697,.T.) ;
#5727=IFCFACEOUTERBOUND(#5721,.T.) ;
#5786=IFCFACEOUTERBOUND(#5777,.T.) ;
#5830=IFCFACEOUTERBOUND(#5821,.T.) ;
#5889=IFCFACEOUTERBOUND(#5880,.T.) ;
#5948=IFCFACEOUTERBOUND(#5939,.T.) ;
#6007=IFCFACEOUTERBOUND(#5998,.T.) ;
#6058=IFCFACEOUTERBOUND(#6049,.T.) ;
#6082=IFCFACEOUTERBOUND(#6078,.T.) ;
#6101=IFCFACEOUTERBOUND(#6096,.T.) ;
#6127=IFCFACEOUTERBOUND(#6123,.T.) ;
#6153=IFCFACEOUTERBOUND(#6148,.T.) ;
#6171=IFCFACEOUTERBOUND(#6167,.T.) ;
#6197=IFCFACEOUTERBOUND(#6193,.T.) ;
#6223=IFCFACEOUTERBOUND(#6218,.T.) ;
#6241=IFCFACEOUTERBOUND(#6237,.T.) ;
#6259=IFCFACEOUTERBOUND(#6255,.T.) ;
#6285=IFCFACEOUTERBOUND(#6280,.T.) ;
#6303=IFCFACEOUTERBOUND(#6299,.T.) ;
#6321=IFCFACEOUTERBOUND(#6317,.T.) ;
#6340=IFCFACEOUTERBOUND(#6335,.T.) ;
#6352=IFCFACEOUTERBOUND(#6348,.T.) ;
#6376=IFCFACEOUTERBOUND(#6371,.T.) ;
#6388=IFCFACEOUTERBOUND(#6384,.T.) ;
#6406=IFCFACEOUTERBOUND(#6402,.T.) ;
#6424=IFCFACEOUTERBOUND(#6420,.T.) ;
#6443=IFCFACEOUTERBOUND(#6438,.T.) ;
#6467=IFCFACEOUTERBOUND(#6463,.T.) ;
#6486=IFCFACEOUTERBOUND(#6481,.T.) ;
#6498=IFCFACEOUTERBOUND(#6494,.T.) ;
#6524=IFCFACEOUTERBOUND(#6520,.T.) ;
#6550=IFCFACEOUTERBOUND(#6545,.T.) ;
#6568=IFCFACEOUTERBOUND(#6564,.T.) ;
#6586=IFCFACEOUTERBOUND(#6582,.T.) ;
#6605=IFCFACEOUTERBOUND(#6600,.T.) ;
#6617=IFCFACEOUTERBOUND(#6613,.T.) ;
#6643=IFCFACEOUTERBOUND(#6639,.T.) ;
#6669=IFCFACEOUTERBOUND(#6664,.T.) ;
#6687=IFCFACEOUTERBOUND(#6683,.T.) ;
#6699=IFCFACEOUTERBOUND(#6695,.T.) ;
#6717=IFCFACEOUTERBOUND(#6713,.T.) ;
#6736=IFCFACEOUTERBOUND(#6731,.T.) ;
#6754=IFCFACEOUTERBOUND(#6749,.T.) ;
#6772=IFCFACEOUTERBOUND(#6767,.T.) ;
#6791=IFCFACEOUTERBOUND(#6786,.T.) ;
#6814=IFCFACEOUTERBOUND(#6809,.T.) ;
#6827=IFCFACEOUTERBOUND(#6822,.T.) ;
#6840=IFCFACEOUTERBOUND(#6835,.T.) ;
#6864=IFCFACEOUTERBOUND(#6859,.T.) ;
#6882=IFCFACEOUTERBOUND(#6877,.T.) ;
#6895=IFCFACEOUTERBOUND(#6890,.T.) ;
#6913=IFCFACEOUTERBOUND(#6908,.T.) ;
#6931=IFCFACEOUTERBOUND(#6926,.T.) ;
#6944=IFCFACEOUTERBOUND(#6939,.T.) ;
#6968=IFCFACEOUTERBOUND(#6963,.T.) ;
#6990=IFCFACEOUTERBOUND(#6981,.T.) ;
#7009=IFCFACEOUTERBOUND(#7004,.T.) ;
#7022=IFCFACEOUTERBOUND(#7017,.T.) ;
#7035=IFCFACEOUTERBOUND(#7030,.T.) ;
#7048=IFCFACEOUTERBOUND(#7043,.T.) ;
#7061=IFCFACEOUTERBOUND(#7056,.T.) ;
#7074=IFCFACEOUTERBOUND(#7069,.T.) ;
#7087=IFCFACEOUTERBOUND(#7082,.T.) ;
#7100=IFCFACEOUTERBOUND(#7095,.T.) ;
#7113=IFCFACEOUTERBOUND(#7108,.T.) ;
#7126=IFCFACEOUTERBOUND(#7121,.T.) ;
#7139=IFCFACEOUTERBOUND(#7134,.T.) ;
#7151=IFCFACEOUTERBOUND(#7147,.T.) ;
#7163=IFCFACEOUTERBOUND(#7159,.T.) ;
#7175=IFCFACEOUTERBOUND(#7171,.T.) ;
#36=IFCLINE(#37,#38) ;
#45=IFCLINE(#46,#47) ;
#52=IFCLINE(#53,#54) ;
#59=IFCLINE(#60,#61) ;
#81=IFCLINE(#82,#83) ;
#90=IFCLINE(#91,#92) ;
#97=IFCLINE(#98,#99) ;
#104=IFCLINE(#105,#106) ;
#122=IFCLINE(#123,#124) ;
#127=IFCLINE(#128,#129) ;
#145=IFCLINE(#146,#147) ;
#163=IFCLINE(#164,#165) ;
#202=IFCLINE(#203,#204) ;
#211=IFCLINE(#212,#213) ;
#218=IFCLINE(#219,#220) ;
#225=IFCLINE(#226,#227) ;
#243=IFCLINE(#244,#245) ;
#252=IFCLINE(#253,#254) ;
#259=IFCLINE(#260,#261) ;
#266=IFCLINE(#267,#268) ;
#284=IFCLINE(#285,#286) ;
#289=IFCLINE(#290,#291) ;
#307=IFCLINE(#308,#309) ;
#325=IFCLINE(#326,#327) ;
#360=IFCLINE(#361,#362) ;
#369=IFCLINE(#370,#371) ;
#376=IFCLINE(#377,#378) ;
#383=IFCLINE(#384,#385) ;
#401=IFCLINE(#402,#403) ;
#410=IFCLINE(#411,#412) ;
#417=IFCLINE(#418,#419) ;
#424=IFCLINE(#425,#426) ;
#442=IFCLINE(#443,#444) ;
#447=IFCLINE(#448,#449) ;
#465=IFCLINE(#466,#467) ;
#483=IFCLINE(#484,#485) ;
#518=IFCLINE(#519,#520) ;
#527=IFCLINE(#528,#529) ;
#534=IFCLINE(#535,#536) ;
#541=IFCLINE(#542,#543) ;
#559=IFCLINE(#560,#561) ;
#568=IFCLINE(#569,#570) ;
#575=IFCLINE(#576,#577) ;
#582=IFCLINE(#583,#584) ;
#600=IFCLINE(#601,#602) ;
#605=IFCLINE(#606,#607) ;
#623=IFCLINE(#624,#625) ;
#641=IFCLINE(#642,#643) ;
#676=IFCLINE(#677,#678) ;
#685=IFCLINE(#686,#687) ;
#692=IFCLINE(#693,#694) ;
#699=IFCLINE(#700,#701) ;
#717=IFCLINE(#718,#719) ;
#726=IFCLINE(#727,#728) ;
#733=IFCLINE(#734,#735) ;
#740=IFCLINE(#741,#742) ;
#758=IFCLINE(#759,#760) ;
#763=IFCLINE(#764,#765) ;
#781=IFCLINE(#782,#783) ;
#799=IFCLINE(#800,#801) ;
#834=IFCLINE(#835,#836) ;
#843=IFCLINE(#844,#845) ;
#850=IFCLINE(#851,#852) ;
#857=IFCLINE(#858,#859) ;
#875=IFCLINE(#876,#877) ;
#884=IFCLINE(#885,#886) ;
#891=IFCLINE(#892,#893) ;
#898=IFCLINE(#899,#900) ;
#916=IFCLINE(#917,#918) ;
#921=IFCLINE(#922,#923) ;
#939=IFCLINE(#940,#941) ;
#957=IFCLINE(#958,#959) ;
#992=IFCLINE(#993,#994) ;
#1001=IFCLINE(#1002,#1003) ;
#1008=IFCLINE(#1009,#1010) ;
#1015=IFCLINE(#1016,#1017) ;
#1033=IFCLINE(#1034,#1035) ;
#1042=IFCLINE(#1043,#1044) ;
#1049=IFCLINE(#1050,#1051) ;
#1056=IFCLINE(#1057,#1058) ;
#1074=IFCLINE(#1075,#1076) ;
#1079=IFCLINE(#1080,#1081) ;
#1097=IFCLINE(#1098,#1099) ;
#1115=IFCLINE(#1116,#1117) ;
#1150=IFCLINE(#1151,#1152) ;
#1159=IFCLINE(#1160,#1161) ;
#1166=IFCLINE(#1167,#1168) ;
#1173=IFCLINE(#1174,#1175) ;
#1191=IFCLINE(#1192,#1193) ;
#1200=IFCLINE(#1201,#1202) ;
#1207=IFCLINE(#1208,#1209) ;
#1214=IFCLINE(#1215,#1216) ;
#1232=IFCLINE(#1233,#1234) ;
#1237=IFCLINE(#1238,#1239) ;
#1255=IFCLINE(#1256,#1257) ;
#1273=IFCLINE(#1274,#1275) ;
#1308=IFCLINE(#1309,#1310) ;
#1317=IFCLINE(#1318,#1319) ;
#1324=IFCLINE(#1325,#1326) ;
#1331=IFCLINE(#1332,#1333) ;
#1349=IFCLINE(#1350,#1351) ;
#1358=IFCLINE(#1359,#1360) ;
#1365=IFCLINE(#1366,#1367) ;
#1372=IFCLINE(#1373,#1374) ;
#1390=IFCLINE(#1391,#1392) ;
#1395=IFCLINE(#1396,#1397) ;
#1413=IFCLINE(#1414,#1415) ;
#1431=IFCLINE(#1432,#1433) ;
#1466=IFCLINE(#1467,#1468) ;
#1475=IFCLINE(#1476,#1477) ;
#1482=IFCLINE(#1483,#1484) ;
#1489=IFCLINE(#1490,#1491) ;
#1507=IFCLINE(#1508,#1509) ;
#1516=IFCLINE(#1517,#1518) ;
#1523=IFCLINE(#1524,#1525) ;
#1530=IFCLINE(#1531,#1532) ;
#1548=IFCLINE(#1549,#1550) ;
#1553=IFCLINE(#1554,#1555) ;
#1571=IFCLINE(#1572,#1573) ;
#1589=IFCLINE(#1590,#1591) ;
#1624=IFCLINE(#1625,#1626) ;
#1633=IFCLINE(#1634,#1635) ;
#1640=IFCLINE(#1641,#1642) ;
#1647=IFCLINE(#1648,#1649) ;
#1665=IFCLINE(#1666,#1667) ;
#1674=IFCLINE(#1675,#1676) ;
#1681=IFCLINE(#1682,#1683) ;
#1688=IFCLINE(#1689,#1690) ;
#1706=IFCLINE(#1707,#1708) ;
#1711=IFCLINE(#1712,#1713) ;
#1729=IFCLINE(#1730,#1731) ;
#1747=IFCLINE(#1748,#1749) ;
#1782=IFCLINE(#1783,#1784) ;
#1791=IFCLINE(#1792,#1793) ;
#1798=IFCLINE(#1799,#1800) ;
#1805=IFCLINE(#1806,#1807) ;
#1823=IFCLINE(#1824,#1825) ;
#1832=IFCLINE(#1833,#1834) ;
#1837=IFCLINE(#1838,#1839) ;
#1855=IFCLINE(#1856,#1857) ;
#1862=IFCLINE(#1863,#1864) ;
#1880=IFCLINE(#1881,#1882) ;
#1887=IFCLINE(#1888,#1889) ;
#1905=IFCLINE(#1906,#1907) ;
#1940=IFCLINE(#1941,#1942) ;
#1949=IFCLINE(#1950,#1951) ;
#1956=IFCLINE(#1957,#1958) ;
#1963=IFCLINE(#1964,#1965) ;
#1981=IFCLINE(#1982,#1983) ;
#1990=IFCLINE(#1991,#1992) ;
#1995=IFCLINE(#1996,#1997) ;
#2013=IFCLINE(#2014,#2015) ;
#2020=IFCLINE(#2021,#2022) ;
#2038=IFCLINE(#2039,#2040) ;
#2045=IFCLINE(#2046,#2047) ;
#2063=IFCLINE(#2064,#2065) ;
#2098=IFCLINE(#2099,#2100) ;
#2107=IFCLINE(#2108,#2109) ;
#2114=IFCLINE(#2115,#2116) ;
#2121=IFCLINE(#2122,#2123) ;
#2139=IFCLINE(#2140,#2141) ;
#2148=IFCLINE(#2149,#2150) ;
#2153=IFCLINE(#2154,#2155) ;
#2171=IFCLINE(#2172,#2173) ;
#2178=IFCLINE(#2179,#2180) ;
#2196=IFCLINE(#2197,#2198) ;
#2203=IFCLINE(#2204,#2205) ;
#2221=IFCLINE(#2222,#2223) ;
#2256=IFCLINE(#2257,#2258) ;
#2265=IFCLINE(#2266,#2267) ;
#2272=IFCLINE(#2273,#2274) ;
#2279=IFCLINE(#2280,#2281) ;
#2297=IFCLINE(#2298,#2299) ;
#2306=IFCLINE(#2307,#2308) ;
#2311=IFCLINE(#2312,#2313) ;
#2329=IFCLINE(#2330,#2331) ;
#2336=IFCLINE(#2337,#2338) ;
#2354=IFCLINE(#2355,#2356) ;
#2361=IFCLINE(#2362,#2363) ;
#2379=IFCLINE(#2380,#2381) ;
#2414=IFCLINE(#2415,#2416) ;
#2423=IFCLINE(#2424,#2425) ;
#2430=IFCLINE(#2431,#2432) ;
#2437=IFCLINE(#2438,#2439) ;
#2455=IFCLINE(#2456,#2457) ;
#2464=IFCLINE(#2465,#2466) ;
#2469=IFCLINE(#2470,#2471) ;
#2487=IFCLINE(#2488,#2489) ;
#2494=IFCLINE(#2495,#2496) ;
#2512=IFCLINE(#2513,#2514) ;
#2519=IFCLINE(#2520,#2521) ;
#2537=IFCLINE(#2538,#2539) ;
#2572=IFCLINE(#2573,#2574) ;
#2581=IFCLINE(#2582,#2583) ;
#2588=IFCLINE(#2589,#2590) ;
#2595=IFCLINE(#2596,#2597) ;
#2613=IFCLINE(#2614,#2615) ;
#2620=IFCLINE(#2621,#2622) ;
#2627=IFCLINE(#2628,#2629) ;
#2645=IFCLINE(#2646,#2647) ;
#2654=IFCLINE(#2655,#2656) ;
#2659=IFCLINE(#2660,#2661) ;
#2677=IFCLINE(#2678,#2679) ;
#2695=IFCLINE(#2696,#2697) ;
#2730=IFCLINE(#2731,#2732) ;
#2739=IFCLINE(#2740,#2741) ;
#2746=IFCLINE(#2747,#2748) ;
#2753=IFCLINE(#2754,#2755) ;
#2771=IFCLINE(#2772,#2773) ;
#2778=IFCLINE(#2779,#2780) ;
#2785=IFCLINE(#2786,#2787) ;
#2792=IFCLINE(#2793,#2794) ;
#2799=IFCLINE(#2800,#2801) ;
#2806=IFCLINE(#2807,#2808) ;
#2813=IFCLINE(#2814,#2815) ;
#2845=IFCLINE(#2846,#2847) ;
#2850=IFCLINE(#2851,#2852) ;
#2865=IFCLINE(#2866,#2867) ;
#2885=IFCLINE(#2886,#2887) ;
#2894=IFCLINE(#2895,#2896) ;
#2901=IFCLINE(#2902,#2903) ;
#2908=IFCLINE(#2909,#2910) ;
#2915=IFCLINE(#2916,#2917) ;
#2922=IFCLINE(#2923,#2924) ;
#2937=IFCLINE(#2938,#2939) ;
#2952=IFCLINE(#2953,#2954) ;
#2976=IFCLINE(#2977,#2978) ;
#2981=IFCLINE(#2982,#2983) ;
#2999=IFCLINE(#3000,#3001) ;
#3004=IFCLINE(#3005,#3006) ;
#3022=IFCLINE(#3023,#3024) ;
#3027=IFCLINE(#3028,#3029) ;
#3045=IFCLINE(#3046,#3047) ;
#3052=IFCLINE(#3053,#3054) ;
#3077=IFCLINE(#3078,#3079) ;
#3104=IFCLINE(#3105,#3106) ;
#3150=IFCLINE(#3151,#3152) ;
#3200=IFCLINE(#3201,#3202) ;
#3209=IFCLINE(#3210,#3211) ;
#3216=IFCLINE(#3217,#3218) ;
#3223=IFCLINE(#3224,#3225) ;
#3241=IFCLINE(#3242,#3243) ;
#3248=IFCLINE(#3249,#3250) ;
#3255=IFCLINE(#3256,#3257) ;
#3273=IFCLINE(#3274,#3275) ;
#3280=IFCLINE(#3281,#3282) ;
#3287=IFCLINE(#3288,#3289) ;
#3305=IFCLINE(#3306,#3307) ;
#3310=IFCLINE(#3311,#3312) ;
#3358=IFCLINE(#3359,#3360) ;
#3367=IFCLINE(#3368,#3369) ;
#3374=IFCLINE(#3375,#3376) ;
#3381=IFCLINE(#3382,#3383) ;
#3399=IFCLINE(#3400,#3401) ;
#3406=IFCLINE(#3407,#3408) ;
#3413=IFCLINE(#3414,#3415) ;
#3431=IFCLINE(#3432,#3433) ;
#3438=IFCLINE(#3439,#3440) ;
#3456=IFCLINE(#3457,#3458) ;
#3463=IFCLINE(#3464,#3465) ;
#3481=IFCLINE(#3482,#3483) ;
#3516=IFCLINE(#3517,#3518) ;
#3525=IFCLINE(#3526,#3527) ;
#3532=IFCLINE(#3533,#3534) ;
#3539=IFCLINE(#3540,#3541) ;
#3557=IFCLINE(#3558,#3559) ;
#3564=IFCLINE(#3565,#3566) ;
#3571=IFCLINE(#3572,#3573) ;
#3589=IFCLINE(#3590,#3591) ;
#3596=IFCLINE(#3597,#3598) ;
#3603=IFCLINE(#3604,#3605) ;
#3621=IFCLINE(#3622,#3623) ;
#3626=IFCLINE(#3627,#3628) ;
#3710=IFCLINE(#3711,#3712) ;
#3725=IFCLINE(#3726,#3727) ;
#3789=IFCLINE(#3790,#3791) ;
#3804=IFCLINE(#3805,#3806) ;
#3832=IFCLINE(#3833,#3834) ;
#3847=IFCLINE(#3848,#3849) ;
#3875=IFCLINE(#3876,#3877) ;
#3880=IFCLINE(#3881,#3882) ;
#3908=IFCLINE(#3909,#3910) ;
#3923=IFCLINE(#3924,#3925) ;
#3951=IFCLINE(#3952,#3953) ;
#3966=IFCLINE(#3967,#3968) ;
#4020=IFCLINE(#4021,#4022) ;
#4027=IFCLINE(#4028,#4029) ;
#4034=IFCLINE(#4035,#4036) ;
#4049=IFCLINE(#4050,#4051) ;
#4079=IFCLINE(#4080,#4081) ;
#4094=IFCLINE(#4095,#4096) ;
#4148=IFCLINE(#4149,#4150) ;
#4163=IFCLINE(#4164,#4165) ;
#4253=IFCLINE(#4254,#4255) ;
#4268=IFCLINE(#4269,#4270) ;
#4312=IFCLINE(#4313,#4314) ;
#4329=IFCLINE(#4330,#4331) ;
#4355=IFCLINE(#4356,#4357) ;
#4362=IFCLINE(#4363,#4364) ;
#4369=IFCLINE(#4370,#4371) ;
#4395=IFCLINE(#4396,#4397) ;
#4421=IFCLINE(#4422,#4423) ;
#4428=IFCLINE(#4429,#4430) ;
#4435=IFCLINE(#4436,#4437) ;
#4461=IFCLINE(#4462,#4463) ;
#4487=IFCLINE(#4488,#4489) ;
#4494=IFCLINE(#4495,#4496) ;
#4501=IFCLINE(#4502,#4503) ;
#4527=IFCLINE(#4528,#4529) ;
#4553=IFCLINE(#4554,#4555) ;
#4558=IFCLINE(#4559,#4560) ;
#4593=IFCLINE(#4594,#4595) ;
#4598=IFCLINE(#4599,#4600) ;
#4616=IFCLINE(#4617,#4618) ;
#4621=IFCLINE(#4622,#4623) ;
#4639=IFCLINE(#4640,#4641) ;
#4654=IFCLINE(#4655,#4656) ;
#4672=IFCLINE(#4673,#4674) ;
#4679=IFCLINE(#4680,#4681) ;
#4686=IFCLINE(#4687,#4688) ;
#4704=IFCLINE(#4705,#4706) ;
#4730=IFCLINE(#4731,#4732) ;
#4737=IFCLINE(#4738,#4739) ;
#4744=IFCLINE(#4745,#4746) ;
#4751=IFCLINE(#4752,#4753) ;
#4758=IFCLINE(#4759,#4760) ;
#4765=IFCLINE(#4766,#4767) ;
#4772=IFCLINE(#4773,#4774) ;
#4794=IFCLINE(#4795,#4796) ;
#4807=IFCLINE(#4808,#4809) ;
#4825=IFCLINE(#4826,#4827) ;
#4843=IFCLINE(#4844,#4845) ;
#4852=IFCLINE(#4853,#4854) ;
#4859=IFCLINE(#4860,#4861) ;
#4866=IFCLINE(#4867,#4868) ;
#4873=IFCLINE(#4874,#4875) ;
#4880=IFCLINE(#4881,#4882) ;
#4887=IFCLINE(#4888,#4889) ;
#4894=IFCLINE(#4895,#4896) ;
#4899=IFCLINE(#4900,#4901) ;
#4904=IFCLINE(#4905,#4906) ;
#4911=IFCLINE(#4912,#4913) ;
#4916=IFCLINE(#4917,#4918) ;
#4923=IFCLINE(#4924,#4925) ;
#4963=IFCLINE(#4964,#4965) ;
#4972=IFCLINE(#4973,#4974) ;
#4979=IFCLINE(#4980,#4981) ;
#4986=IFCLINE(#4987,#4988) ;
#4993=IFCLINE(#4994,#4995) ;
#5000=IFCLINE(#5001,#5002) ;
#5007=IFCLINE(#5008,#5009) ;
#5014=IFCLINE(#5015,#5016) ;
#5021=IFCLINE(#5022,#5023) ;
#5028=IFCLINE(#5029,#5030) ;
#5035=IFCLINE(#5036,#5037) ;
#5040=IFCLINE(#5041,#5042) ;
#5047=IFCLINE(#5048,#5049) ;
#5052=IFCLINE(#5053,#5054) ;
#5059=IFCLINE(#5060,#5061) ;
#5064=IFCLINE(#5065,#5066) ;
#5069=IFCLINE(#5070,#5071) ;
#5074=IFCLINE(#5075,#5076) ;
#5079=IFCLINE(#5080,#5081) ;
#5086=IFCLINE(#5087,#5088) ;
#5093=IFCLINE(#5094,#5095) ;
#5100=IFCLINE(#5101,#5102) ;
#5107=IFCLINE(#5108,#5109) ;
#5114=IFCLINE(#5115,#5116) ;
#5121=IFCLINE(#5122,#5123) ;
#5128=IFCLINE(#5129,#5130) ;
#5133=IFCLINE(#5134,#5135) ;
#5179=IFCLINE(#5180,#5181) ;
#5184=IFCLINE(#5185,#5186) ;
#5202=IFCLINE(#5203,#5204) ;
#5209=IFCLINE(#5210,#5211) ;
#5216=IFCLINE(#5217,#5218) ;
#5234=IFCLINE(#5235,#5236) ;
#5243=IFCLINE(#5244,#5245) ;
#5248=IFCLINE(#5249,#5250) ;
#5253=IFCLINE(#5254,#5255) ;
#5268=IFCLINE(#5269,#5270) ;
#5283=IFCLINE(#5284,#5285) ;
#5307=IFCLINE(#5308,#5309) ;
#5312=IFCLINE(#5313,#5314) ;
#5330=IFCLINE(#5331,#5332) ;
#5350=IFCLINE(#5351,#5352) ;
#5355=IFCLINE(#5356,#5357) ;
#5395=IFCLINE(#5396,#5397) ;
#5420=IFCLINE(#5421,#5422) ;
#5429=IFCLINE(#5430,#5431) ;
#5444=IFCLINE(#5445,#5446) ;
#5459=IFCLINE(#5460,#5461) ;
#5479=IFCLINE(#5480,#5481) ;
#5486=IFCLINE(#5487,#5488) ;
#5493=IFCLINE(#5494,#5495) ;
#5519=IFCLINE(#5520,#5521) ;
#5526=IFCLINE(#5527,#5528) ;
#5533=IFCLINE(#5534,#5535) ;
#5540=IFCLINE(#5541,#5542) ;
#5547=IFCLINE(#5548,#5549) ;
#5554=IFCLINE(#5555,#5556) ;
#5561=IFCLINE(#5562,#5563) ;
#5593=IFCLINE(#5594,#5595) ;
#5598=IFCLINE(#5599,#5600) ;
#5616=IFCLINE(#5617,#5618) ;
#5621=IFCLINE(#5622,#5623) ;
#5639=IFCLINE(#5640,#5641) ;
#5659=IFCLINE(#5660,#5661) ;
#5664=IFCLINE(#5665,#5666) ;
#5684=IFCLINE(#5685,#5686) ;
#5711=IFCLINE(#5712,#5713) ;
#5716=IFCLINE(#5717,#5718) ;
#5743=IFCLINE(#5744,#5745) ;
#5764=IFCLINE(#5765,#5766) ;
#5802=IFCLINE(#5803,#5804) ;
#5846=IFCLINE(#5847,#5848) ;
#5867=IFCLINE(#5868,#5869) ;
#5905=IFCLINE(#5906,#5907) ;
#5926=IFCLINE(#5927,#5928) ;
#5964=IFCLINE(#5965,#5966) ;
#5985=IFCLINE(#5986,#5987) ;
#6023=IFCLINE(#6024,#6025) ;
#6044=IFCLINE(#6045,#6046) ;
#6135=IFCLINE(#6136,#6137) ;
#6205=IFCLINE(#6206,#6207) ;
#6267=IFCLINE(#6268,#6269) ;
#6360=IFCLINE(#6361,#6362) ;
#6532=IFCLINE(#6533,#6534) ;
#6651=IFCLINE(#6652,#6653) ;
#6744=IFCLINE(#6745,#6746) ;
#6762=IFCLINE(#6763,#6764) ;
#6799=IFCLINE(#6800,#6801) ;
#6804=IFCLINE(#6805,#6806) ;
#6854=IFCLINE(#6855,#6856) ;
#6872=IFCLINE(#6873,#6874) ;
#6903=IFCLINE(#6904,#6905) ;
#6921=IFCLINE(#6922,#6923) ;
#6958=IFCLINE(#6959,#6960) ;
#6976=IFCLINE(#6977,#6978) ;
#27=IFCLOCALPLACEMENT($,#14) ;
#7182=IFCLOCALPLACEMENT(#27,#7185) ;
#19=IFCPROJECT('0nnsxtK44W1ZzRgLaLVmTQ',#5,'Project','Default Project',$,$,$,(#18),#6) ;
#21=IFCRELAGGREGATES('0npKBmMz5S1DGhLtXb5oX3',#5,'IFCPROJECT_Container','Container for children of IFCPROJECT',#19,(#20)) ;
#24=IFCRELAGGREGATES('0nrq3bBIfs0hGaMoRVEzeW',#5,'IFCSITE_Container','Container for children of IFCSITE',#20,(#22)) ;
#25=IFCRELAGGREGATES('0nschXSl9K0VzCiZK7I6iL',#5,'IFCBUILDING_Container','Container for children of IFCBUILDING',#22,(#23)) ;
#7184=IFCRELAGGREGATES('0nuJxQVe8G09GTNrHOO8n_',#5,'IFCELEMENTASSEMBLY_Container','Container for children of IFCELEMENTASSEMBLY',#26,(#7181)) ;
#28=IFCRELCONTAINEDINSPATIALSTRUCTURE('0ntXJUEBeo0Kbr2KKmLFm9',#5,'IFCBUILDINGSTOREY_Container','Container for children of IFCBUILDINGSTOREY',(#26),#23) ;
#7=IFCSIUNIT(*,.LENGTHUNIT.,.MILLI.,.METRE.) ;
#8=IFCSIUNIT(*,.AREAUNIT.,$,.SQUARE_METRE.) ;
#9=IFCSIUNIT(*,.VOLUMEUNIT.,$,.CUBIC_METRE.) ;
#10=IFCSIUNIT(*,.PLANEANGLEUNIT.,$,.RADIAN.) ;
#29=IFCSHAPEREPRESENTATION(#18,'Body','AdvancedBrep',(#194,#352,#510,#668,#826,#984,#1142,#1300,#1458,#1616,#1774,#1932,#2090,#2248,#2406,#2564,#2722,#3192,#3350,#3508,#3666,#7179)) ;
#20=IFCSITE('0noXZp5Wb_1Oe306az2vTE',#5,'default Site',$,$,$,$,$,.ELEMENT.,$,$,$,$,$) ;
#3673=IFCSPHERICALSURFACE(#3669,0.005) ;
#3742=IFCSPHERICALSURFACE(#3738,0.005) ;
#3983=IFCSPHERICALSURFACE(#3979,0.005) ;
#4111=IFCSPHERICALSURFACE(#4107,0.005) ;
#4180=IFCSPHERICALSURFACE(#4176,0.005) ;
#4206=IFCSPHERICALSURFACE(#4202,0.005) ;
#4285=IFCSPHERICALSURFACE(#4281,0.005) ;
#6065=IFCSPHERICALSURFACE(#6061,0.005) ;
#6108=IFCSPHERICALSURFACE(#6104,0.005) ;
#6160=IFCSPHERICALSURFACE(#6156,0.005) ;
#6178=IFCSPHERICALSURFACE(#6174,0.005) ;
#6230=IFCSPHERICALSURFACE(#6226,0.005) ;
#6248=IFCSPHERICALSURFACE(#6244,0.005) ;
#6292=IFCSPHERICALSURFACE(#6288,0.005) ;
#6310=IFCSPHERICALSURFACE(#6306,0.005) ;
#6347=IFCSPHERICALSURFACE(#6343,0.005) ;
#6383=IFCSPHERICALSURFACE(#6379,0.005) ;
#6395=IFCSPHERICALSURFACE(#6391,0.005) ;
#6413=IFCSPHERICALSURFACE(#6409,0.005) ;
#6450=IFCSPHERICALSURFACE(#6446,0.005) ;
#6493=IFCSPHERICALSURFACE(#6489,0.005) ;
#6505=IFCSPHERICALSURFACE(#6501,0.005) ;
#6557=IFCSPHERICALSURFACE(#6553,0.005) ;
#6575=IFCSPHERICALSURFACE(#6571,0.005) ;
#6612=IFCSPHERICALSURFACE(#6608,0.005) ;
#6624=IFCSPHERICALSURFACE(#6620,0.005) ;
#6676=IFCSPHERICALSURFACE(#6672,0.005) ;
#6694=IFCSPHERICALSURFACE(#6690,0.005) ;
#6706=IFCSPHERICALSURFACE(#6702,0.005) ;
#7146=IFCSPHERICALSURFACE(#7142,0.005) ;
#7158=IFCSPHERICALSURFACE(#7154,0.005) ;
#7170=IFCSPHERICALSURFACE(#7166,0.005) ;
#72=IFCSURFACESTYLERENDERING(#71,0.,$,$,$,$,$,$,.NOTDEFINED.) ;
#190=IFCSURFACESTYLERENDERING(#189,0.,$,$,$,$,$,$,.NOTDEFINED.) ;
ENDSEC;
END-ISO-10303-21;
