ISO-10303-21;
HEADER;
FILE_DESCRIPTION(('ViewDefinition[ReferenceView]'),'2;1');

FILE_NAME('C:\\SOLIDWORKS WORKING\\00-KINLEY\\SUBS\\KI-0001-U04.IFC','2026-05-01T10:16:49+00:00',$,$,'3DEXPERIENCE PlatformUnofficial Packaging Version','3DEXPERIENCE Platform IFC4',$);

FILE_SCHEMA(('IFC4'));

ENDSEC;
DATA;
#5=IFCOWNERHISTORY(#3,#4,$,.NOTDEFINED.,$,$,$,1777630609) ;
#3=IFCPERSONANDORGANIZATION(#2,#1,$) ;
#2=IFCPERSON($,'FamilyName',$,$,$,$,$,$) ;
#1=IFCORGANIZATION($,'Name of Organization',$,$,$) ;
#4=IFCAPPLICATION(#1,'0.1','CATIA Data Exchange','CATIA') ;
#13=IFCMEASUREWITHUNIT(IFCLENGTHMEASURE(1000.),#7) ;
#12=IFCDIMENSIONALEXPONENTS(1,$,$,$,$,$,$) ;
#15=IFCCARTESIANPOINT((0.,0.,0.)) ;
#140=IFCCARTESIANPOINT((0.018,-0.003,-0.593)) ;
#146=IFCCARTESIANPOINT((0.018,-0.003,-0.593)) ;
#149=IFCCARTESIANPOINT((0.019,-0.003,-0.593)) ;
#151=IFCCARTESIANPOINT((0.018,-0.003,-0.592)) ;
#155=IFCCARTESIANPOINT((0.019,0.,-0.593)) ;
#158=IFCCARTESIANPOINT((0.019,0.,-0.593)) ;
#163=IFCCARTESIANPOINT((0.018,0.,-0.593)) ;
#166=IFCCARTESIANPOINT((0.018,0.,-0.592)) ;
#170=IFCCARTESIANPOINT((0.018,0.,-0.592)) ;
#187=IFCCARTESIANPOINT((0.,-0.003,-0.548)) ;
#192=IFCCARTESIANPOINT((0.,0.,-0.549)) ;
#195=IFCCARTESIANPOINT((0.,-0.003,-0.549)) ;
#197=IFCCARTESIANPOINT((0.,0.,-0.549)) ;
#202=IFCCARTESIANPOINT((0.,0.,-0.548)) ;
#205=IFCCARTESIANPOINT((0.,0.,-0.547)) ;
#209=IFCCARTESIANPOINT((0.,0.,-0.547)) ;
#212=IFCCARTESIANPOINT((0.,-0.003,-0.547)) ;
#217=IFCCARTESIANPOINT((0.,-0.003,-0.548)) ;
#230=IFCCARTESIANPOINT((0.,-0.003,-0.3215)) ;
#235=IFCCARTESIANPOINT((0.,0.,-0.3225)) ;
#238=IFCCARTESIANPOINT((0.,-0.003,-0.3225)) ;
#240=IFCCARTESIANPOINT((0.,0.,-0.3225)) ;
#245=IFCCARTESIANPOINT((0.,0.,-0.3215)) ;
#248=IFCCARTESIANPOINT((0.,0.,-0.3205)) ;
#252=IFCCARTESIANPOINT((0.,0.,-0.3205)) ;
#255=IFCCARTESIANPOINT((0.,-0.003,-0.3205)) ;
#260=IFCCARTESIANPOINT((0.,-0.003,-0.3215)) ;
#274=IFCCARTESIANPOINT((0.,-0.003,0.)) ;
#278=IFCCARTESIANPOINT((0.,-0.003,-0.577)) ;
#281=IFCCARTESIANPOINT((0.,-0.003,-0.577)) ;
#283=IFCCARTESIANPOINT((0.,0.,-0.577)) ;
#287=IFCCARTESIANPOINT((0.,0.,-0.577)) ;
#292=IFCCARTESIANPOINT((0.,-0.003,-0.577)) ;
#306=IFCCARTESIANPOINT((0.,-0.003,0.)) ;
#310=IFCCARTESIANPOINT((0.,-0.003,-0.547)) ;
#315=IFCCARTESIANPOINT((0.,0.,-0.547)) ;
#329=IFCCARTESIANPOINT((0.,-0.003,0.)) ;
#333=IFCCARTESIANPOINT((0.,-0.003,-0.588)) ;
#336=IFCCARTESIANPOINT((0.,-0.003,-0.588)) ;
#338=IFCCARTESIANPOINT((0.,-0.003,-0.579)) ;
#342=IFCCARTESIANPOINT((0.,-0.003,-0.588)) ;
#345=IFCCARTESIANPOINT((0.,0.,-0.588)) ;
#349=IFCCARTESIANPOINT((0.,0.,-0.588)) ;
#352=IFCCARTESIANPOINT((1.23259516441E-32,0.,-0.579)) ;
#356=IFCCARTESIANPOINT((0.,-0.003,-0.579)) ;
#370=IFCCARTESIANPOINT((0.032,-0.003,-0.593)) ;
#374=IFCCARTESIANPOINT((0.032,-0.003,-0.568312481294)) ;
#377=IFCCARTESIANPOINT((0.032,0.,-0.568312481294)) ;
#379=IFCCARTESIANPOINT((0.032,-0.003,-0.568312481294)) ;
#383=IFCCARTESIANPOINT((0.032,0.,-0.568312481294)) ;
#386=IFCCARTESIANPOINT((0.032,0.,-0.588)) ;
#390=IFCCARTESIANPOINT((0.032,-0.003,-0.588)) ;
#393=IFCCARTESIANPOINT((0.032,-0.003,-0.588)) ;
#397=IFCCARTESIANPOINT((0.032,-0.003,-0.568312481294)) ;
#411=IFCCARTESIANPOINT((0.068,-0.003,-5.87830463591E-18)) ;
#415=IFCCARTESIANPOINT((0.068,-0.003,-5.87830463591E-18)) ;
#418=IFCCARTESIANPOINT((0.068,-0.003,-5.87830463591E-18)) ;
#420=IFCCARTESIANPOINT((0.068,0.,-5.87830463591E-18)) ;
#424=IFCCARTESIANPOINT((0.005,-0.003,-4.32228282052E-19)) ;
#427=IFCCARTESIANPOINT((0.005,-0.003,-4.32228282052E-19)) ;
#431=IFCCARTESIANPOINT((0.005,-0.003,-4.32228282052E-19)) ;
#434=IFCCARTESIANPOINT((0.005,0.,-4.32228282052E-19)) ;
#438=IFCCARTESIANPOINT((0.005,0.,-4.32228282052E-19)) ;
#452=IFCCARTESIANPOINT((0.,-0.003,0.)) ;
#456=IFCCARTESIANPOINT((0.,-0.003,-0.005)) ;
#459=IFCCARTESIANPOINT((0.,-0.003,-0.005)) ;
#461=IFCCARTESIANPOINT((0.,0.,-0.005)) ;
#465=IFCCARTESIANPOINT((0.,-0.003,-0.034)) ;
#468=IFCCARTESIANPOINT((0.,-0.003,-0.034)) ;
#472=IFCCARTESIANPOINT((0.,0.,-0.034)) ;
#475=IFCCARTESIANPOINT((0.,0.,-0.034)) ;
#479=IFCCARTESIANPOINT((0.,0.,-0.034)) ;
#493=IFCCARTESIANPOINT((0.,-0.003,-0.593)) ;
#497=IFCCARTESIANPOINT((0.026,-0.003,-0.593)) ;
#500=IFCCARTESIANPOINT((0.026,-0.003,-0.593)) ;
#504=IFCCARTESIANPOINT((0.026,0.,-0.593)) ;
#507=IFCCARTESIANPOINT((0.026,0.,-0.593)) ;
#511=IFCCARTESIANPOINT((0.026,0.,-0.593)) ;
#525=IFCCARTESIANPOINT((0.,-0.003,0.)) ;
#529=IFCCARTESIANPOINT((0.,0.,-0.036)) ;
#532=IFCCARTESIANPOINT((0.,-0.003,-0.036)) ;
#534=IFCCARTESIANPOINT((0.,0.,-0.036)) ;
#538=IFCCARTESIANPOINT((0.,-0.003,-0.064)) ;
#541=IFCCARTESIANPOINT((0.,-0.003,-0.064)) ;
#545=IFCCARTESIANPOINT((0.,0.,-0.064)) ;
#548=IFCCARTESIANPOINT((0.,0.,-0.064)) ;
#552=IFCCARTESIANPOINT((0.,0.,-0.064)) ;
#566=IFCCARTESIANPOINT((0.,-0.003,0.)) ;
#570=IFCCARTESIANPOINT((0.,0.,-0.066)) ;
#573=IFCCARTESIANPOINT((0.,-0.003,-0.066)) ;
#575=IFCCARTESIANPOINT((0.,0.,-0.066)) ;
#579=IFCCARTESIANPOINT((0.,-0.003,-0.2905)) ;
#582=IFCCARTESIANPOINT((0.,-0.003,-0.2905)) ;
#586=IFCCARTESIANPOINT((0.,0.,-0.2905)) ;
#589=IFCCARTESIANPOINT((0.,0.,-0.2905)) ;
#593=IFCCARTESIANPOINT((0.,0.,-0.2905)) ;
#607=IFCCARTESIANPOINT((0.,-0.003,0.)) ;
#611=IFCCARTESIANPOINT((0.,0.,-0.2925)) ;
#614=IFCCARTESIANPOINT((0.,-0.003,-0.2925)) ;
#616=IFCCARTESIANPOINT((0.,0.,-0.2925)) ;
#620=IFCCARTESIANPOINT((0.,-0.003,-0.3205)) ;
#625=IFCCARTESIANPOINT((0.,0.,-0.3205)) ;
#638=IFCCARTESIANPOINT((0.,-0.003,-0.065)) ;
#644=IFCCARTESIANPOINT((0.,0.,-0.065)) ;
#650=IFCCARTESIANPOINT((0.,-0.003,-0.065)) ;
#663=IFCCARTESIANPOINT((0.,-0.003,-0.2915)) ;
#669=IFCCARTESIANPOINT((0.,0.,-0.2915)) ;
#675=IFCCARTESIANPOINT((0.,-0.003,-0.2915)) ;
#688=IFCCARTESIANPOINT((0.,-0.003,-0.035)) ;
#694=IFCCARTESIANPOINT((0.,0.,-0.035)) ;
#700=IFCCARTESIANPOINT((0.,-0.003,-0.035)) ;
#713=IFCCARTESIANPOINT((0.009,-0.003,-0.593)) ;
#719=IFCCARTESIANPOINT((0.009,-0.003,-0.593)) ;
#722=IFCCARTESIANPOINT((0.01,-0.003,-0.593)) ;
#724=IFCCARTESIANPOINT((0.009,-0.003,-0.592)) ;
#728=IFCCARTESIANPOINT((0.01,0.,-0.593)) ;
#731=IFCCARTESIANPOINT((0.01,0.,-0.593)) ;
#736=IFCCARTESIANPOINT((0.009,0.,-0.593)) ;
#739=IFCCARTESIANPOINT((0.009,0.,-0.592)) ;
#743=IFCCARTESIANPOINT((0.009,0.,-0.592)) ;
#756=IFCCARTESIANPOINT((0.027,-0.003,-0.593)) ;
#762=IFCCARTESIANPOINT((0.027,-0.003,-0.593)) ;
#765=IFCCARTESIANPOINT((0.0279949874371,-0.003,-0.5929)) ;
#767=IFCCARTESIANPOINT((0.027,-0.003,-0.592)) ;
#771=IFCCARTESIANPOINT((0.0279949874371,0.,-0.5929)) ;
#774=IFCCARTESIANPOINT((0.0279949874371,0.,-0.5929)) ;
#779=IFCCARTESIANPOINT((0.027,0.,-0.593)) ;
#782=IFCCARTESIANPOINT((0.027,0.,-0.592)) ;
#786=IFCCARTESIANPOINT((0.027,0.,-0.592)) ;
#799=IFCCARTESIANPOINT((-3.67394039744E-18,-0.01,-0.578)) ;
#805=IFCCARTESIANPOINT((-3.67394039744E-18,-0.003,-0.578)) ;
#811=IFCCARTESIANPOINT((-3.67394039744E-18,0.,-0.578)) ;
#824=IFCCARTESIANPOINT((0.017,-0.01,-0.3065)) ;
#830=IFCCARTESIANPOINT((0.017,0.,-0.3065)) ;
#833=IFCCARTESIANPOINT((0.017,0.,-0.3015)) ;
#835=IFCCARTESIANPOINT((0.017,0.,-0.3115)) ;
#839=IFCCARTESIANPOINT((0.017,-0.003,-0.3015)) ;
#842=IFCCARTESIANPOINT((0.017,-0.003,-0.3015)) ;
#847=IFCCARTESIANPOINT((0.017,-0.003,-0.3065)) ;
#850=IFCCARTESIANPOINT((0.017,-0.003,-0.3115)) ;
#854=IFCCARTESIANPOINT((0.017,-0.003,-0.3115)) ;
#868=IFCCARTESIANPOINT((0.0395,-0.01,-0.294076923077)) ;
#872=IFCCARTESIANPOINT((0.0395,-0.003,-0.294076923077)) ;
#875=IFCCARTESIANPOINT((0.0395,-0.003,-0.294076923077)) ;
#877=IFCCARTESIANPOINT((0.0395,0.,-0.294076923077)) ;
#881=IFCCARTESIANPOINT((0.0545,0.,-0.294076923077)) ;
#884=IFCCARTESIANPOINT((0.0545,0.,-0.294076923077)) ;
#888=IFCCARTESIANPOINT((0.0545,-0.003,-0.294076923077)) ;
#891=IFCCARTESIANPOINT((0.0545,-0.003,-0.294076923077)) ;
#895=IFCCARTESIANPOINT((0.0395,-0.003,-0.294076923077)) ;
#908=IFCCARTESIANPOINT((0.0545,-0.01,-0.289076923077)) ;
#914=IFCCARTESIANPOINT((0.0545,0.,-0.289076923077)) ;
#917=IFCCARTESIANPOINT((0.0545,0.,-0.284076923077)) ;
#921=IFCCARTESIANPOINT((0.0545,-0.003,-0.284076923077)) ;
#924=IFCCARTESIANPOINT((0.0545,-0.003,-0.284076923077)) ;
#929=IFCCARTESIANPOINT((0.0545,-0.003,-0.289076923077)) ;
#943=IFCCARTESIANPOINT((0.0395,-0.01,-0.284076923077)) ;
#947=IFCCARTESIANPOINT((0.0395,0.,-0.284076923077)) ;
#950=IFCCARTESIANPOINT((0.0395,0.,-0.284076923077)) ;
#954=IFCCARTESIANPOINT((0.0395,-0.003,-0.284076923077)) ;
#957=IFCCARTESIANPOINT((0.0395,-0.003,-0.284076923077)) ;
#961=IFCCARTESIANPOINT((0.0545,-0.003,-0.284076923077)) ;
#974=IFCCARTESIANPOINT((0.0395,-0.01,-0.289076923077)) ;
#980=IFCCARTESIANPOINT((0.0395,0.,-0.289076923077)) ;
#986=IFCCARTESIANPOINT((0.0395,-0.003,-0.289076923077)) ;
#999=IFCCARTESIANPOINT((0.077,-0.01,-0.05)) ;
#1005=IFCCARTESIANPOINT((0.077,0.,-0.05)) ;
#1008=IFCCARTESIANPOINT((0.077,0.,-0.045)) ;
#1010=IFCCARTESIANPOINT((0.077,0.,-0.055)) ;
#1014=IFCCARTESIANPOINT((0.077,-0.003,-0.045)) ;
#1017=IFCCARTESIANPOINT((0.077,-0.003,-0.045)) ;
#1022=IFCCARTESIANPOINT((0.077,-0.003,-0.05)) ;
#1025=IFCCARTESIANPOINT((0.077,-0.003,-0.055)) ;
#1029=IFCCARTESIANPOINT((0.077,-0.003,-0.055)) ;
#1042=IFCCARTESIANPOINT((0.017,-0.01,-0.563)) ;
#1048=IFCCARTESIANPOINT((0.017,0.,-0.563)) ;
#1051=IFCCARTESIANPOINT((0.017,0.,-0.558)) ;
#1053=IFCCARTESIANPOINT((0.017,0.,-0.568)) ;
#1057=IFCCARTESIANPOINT((0.017,-0.003,-0.558)) ;
#1060=IFCCARTESIANPOINT((0.017,-0.003,-0.558)) ;
#1065=IFCCARTESIANPOINT((0.017,-0.003,-0.563)) ;
#1068=IFCCARTESIANPOINT((0.017,-0.003,-0.568)) ;
#1072=IFCCARTESIANPOINT((0.017,-0.003,-0.568)) ;
#1085=IFCCARTESIANPOINT((0.017,-0.01,-0.05)) ;
#1091=IFCCARTESIANPOINT((0.017,0.,-0.05)) ;
#1094=IFCCARTESIANPOINT((0.017,0.,-0.045)) ;
#1096=IFCCARTESIANPOINT((0.017,0.,-0.055)) ;
#1100=IFCCARTESIANPOINT((0.017,-0.003,-0.045)) ;
#1103=IFCCARTESIANPOINT((0.017,-0.003,-0.045)) ;
#1108=IFCCARTESIANPOINT((0.017,-0.003,-0.05)) ;
#1111=IFCCARTESIANPOINT((0.017,-0.003,-0.055)) ;
#1115=IFCCARTESIANPOINT((0.017,-0.003,-0.055)) ;
#1129=IFCCARTESIANPOINT((0.,-0.003,0.)) ;
#1134=IFCCARTESIANPOINT((0.005,-0.003,-0.005)) ;
#1139=IFCCARTESIANPOINT((0.068,-0.003,-5.87830463591E-18)) ;
#1142=IFCCARTESIANPOINT((0.068,-0.003,0.003)) ;
#1146=IFCCARTESIANPOINT((0.068,-0.003,0.003)) ;
#1149=IFCCARTESIANPOINT((0.097,-0.003,0.003)) ;
#1153=IFCCARTESIANPOINT((0.097,-0.003,0.003)) ;
#1156=IFCCARTESIANPOINT((0.097,-0.003,-0.0496875187059)) ;
#1161=IFCCARTESIANPOINT((0.092,-0.003,-0.0496875187059)) ;
#1164=IFCCARTESIANPOINT((0.0969610941342,-0.003,-0.0503100498231)) ;
#1168=IFCCARTESIANPOINT((0.0969610941342,-0.003,-0.0503100498231)) ;
#1171=IFCCARTESIANPOINT((0.0320389058658,-0.003,-0.567689950177)) ;
#1176=IFCCARTESIANPOINT((0.037,-0.003,-0.568312481294)) ;
#1182=IFCCARTESIANPOINT((0.027,-0.003,-0.588)) ;
#1188=IFCCARTESIANPOINT((0.027,-0.003,-0.593)) ;
#1194=IFCCARTESIANPOINT((0.018,-0.003,-0.593)) ;
#1197=IFCCARTESIANPOINT((0.017,-0.003,-0.593)) ;
#1201=IFCCARTESIANPOINT((0.017,-0.003,-0.593)) ;
#1207=IFCCARTESIANPOINT((0.009,-0.003,-0.593)) ;
#1210=IFCCARTESIANPOINT((0.008,-0.003,-0.593)) ;
#1214=IFCCARTESIANPOINT((0.008,-0.003,-0.593)) ;
#1217=IFCCARTESIANPOINT((0.005,-0.003,-0.593)) ;
#1222=IFCCARTESIANPOINT((0.005,-0.003,-0.588)) ;
#1263=IFCCARTESIANPOINT((0.077,-0.003,-0.05)) ;
#1273=IFCCARTESIANPOINT((0.017,-0.003,-0.563)) ;
#1283=IFCCARTESIANPOINT((0.017,-0.003,-0.3065)) ;
#1299=IFCCARTESIANPOINT((0.017,-0.003,-0.05)) ;
#1311=IFCCARTESIANPOINT((0.,0.,0.)) ;
#1316=IFCCARTESIANPOINT((0.005,0.,-0.588)) ;
#1319=IFCCARTESIANPOINT((0.005,0.,-0.593)) ;
#1323=IFCCARTESIANPOINT((0.008,0.,-0.593)) ;
#1326=IFCCARTESIANPOINT((0.008,0.,-0.593)) ;
#1331=IFCCARTESIANPOINT((0.009,0.,-0.593)) ;
#1336=IFCCARTESIANPOINT((0.017,0.,-0.593)) ;
#1339=IFCCARTESIANPOINT((0.017,0.,-0.593)) ;
#1344=IFCCARTESIANPOINT((0.018,0.,-0.593)) ;
#1350=IFCCARTESIANPOINT((0.027,0.,-0.593)) ;
#1356=IFCCARTESIANPOINT((0.027,0.,-0.588)) ;
#1362=IFCCARTESIANPOINT((0.037,0.,-0.568312481294)) ;
#1365=IFCCARTESIANPOINT((0.0320389058658,0.,-0.567689950177)) ;
#1369=IFCCARTESIANPOINT((0.0969610941342,0.,-0.0503100498231)) ;
#1372=IFCCARTESIANPOINT((0.0969610941342,0.,-0.0503100498231)) ;
#1377=IFCCARTESIANPOINT((0.092,0.,-0.0496875187059)) ;
#1380=IFCCARTESIANPOINT((0.097,0.,-0.0496875187059)) ;
#1384=IFCCARTESIANPOINT((0.097,0.,0.003)) ;
#1387=IFCCARTESIANPOINT((0.097,0.,0.003)) ;
#1391=IFCCARTESIANPOINT((0.068,0.,0.003)) ;
#1394=IFCCARTESIANPOINT((0.068,0.,0.003)) ;
#1398=IFCCARTESIANPOINT((0.068,0.,-5.87830463591E-18)) ;
#1404=IFCCARTESIANPOINT((0.005,0.,-0.005)) ;
#1445=IFCCARTESIANPOINT((0.077,0.,-0.05)) ;
#1455=IFCCARTESIANPOINT((0.017,0.,-0.563)) ;
#1465=IFCCARTESIANPOINT((0.017,0.,-0.3065)) ;
#1481=IFCCARTESIANPOINT((0.017,0.,-0.05)) ;
#1492=IFCCARTESIANPOINT((0.005,-0.003,-0.588)) ;
#1497=IFCCARTESIANPOINT((0.005,-0.003,-0.593)) ;
#1510=IFCCARTESIANPOINT((0.005,-0.003,-0.005)) ;
#1523=IFCCARTESIANPOINT((0.027,-0.003,-0.588)) ;
#1536=IFCCARTESIANPOINT((0.037,-0.003,-0.568312481294)) ;
#1541=IFCCARTESIANPOINT((0.0320389058658,-0.003,-0.567689950177)) ;
#1554=IFCCARTESIANPOINT((0.092,-0.003,-0.0496875187059)) ;
#1559=IFCCARTESIANPOINT((0.097,-0.003,-0.0496875187059)) ;
#1564=IFCCARTESIANPOINT((0.0969610941342,-0.003,-0.0503100498231)) ;
#1578=IFCCARTESIANPOINT((0.,-0.003,-0.593)) ;
#1582=IFCCARTESIANPOINT((0.017,0.,-0.593)) ;
#1596=IFCCARTESIANPOINT((0.,-0.003,-0.593)) ;
#1600=IFCCARTESIANPOINT((0.008,0.,-0.593)) ;
#1614=IFCCARTESIANPOINT((0.068,-0.003,-5.87830463591E-18)) ;
#1618=IFCCARTESIANPOINT((0.068,-0.003,0.003)) ;
#1632=IFCCARTESIANPOINT((0.068,-0.003,0.003)) ;
#1636=IFCCARTESIANPOINT((0.097,-0.003,0.003)) ;
#1650=IFCCARTESIANPOINT((0.097,-0.003,-0.05)) ;
#1663=IFCCARTESIANPOINT((0.032,-0.003,-0.568)) ;
#1675=IFCCARTESIANPOINT((0.017,-0.01,-0.05)) ;
#1688=IFCCARTESIANPOINT((0.017,-0.01,-0.3065)) ;
#1701=IFCCARTESIANPOINT((0.017,-0.01,-0.563)) ;
#1714=IFCCARTESIANPOINT((0.077,-0.01,-0.05)) ;
#1727=IFCCARTESIANPOINT((0.027,-0.003,-0.593)) ;
#1740=IFCCARTESIANPOINT((0.009,-0.003,-0.593)) ;
#1753=IFCCARTESIANPOINT((0.018,-0.003,-0.593)) ;
#1801=IFCCARTESIANPOINT((0.003,0.003,-0.0009)) ;
#1836=IFCCARTESIANPOINT((0.,0.,0.)) ;
#1839=IFCCARTESIANPOINT((0.,0.,0.)) ;
#1849=IFCCARTESIANPOINT((0.,0.,0.)) ;
#1851=IFCCARTESIANPOINT((0.597,0.003,-0.0039)) ;
#1857=IFCCARTESIANPOINT((0.5937,0.5937,-0.2937)) ;
#1863=IFCCARTESIANPOINT((0.5937,0.5937,-1.66533453694E-16)) ;
#1866=IFCCARTESIANPOINT((0.6,0.5937,-1.66533453694E-16)) ;
#1868=IFCCARTESIANPOINT((0.5937,0.6,-1.66533453694E-16)) ;
#1872=IFCCARTESIANPOINT((0.5937,0.6,-1.66533453694E-16)) ;
#1875=IFCCARTESIANPOINT((0.5937,0.6,-0.292992893219)) ;
#1879=IFCCARTESIANPOINT((0.5937,0.6,-0.292992893219)) ;
#1880=IFCCARTESIANPOINT((0.594115967389,0.6,-0.293022615618)) ;
#1881=IFCCARTESIANPOINT((0.594525004823,0.599959204486,-0.293051847183)) ;
#1882=IFCCARTESIANPOINT((0.595128532663,0.599839329187,-0.293095811764)) ;
#1883=IFCCARTESIANPOINT((0.595328024943,0.59978951822,-0.293110485548)) ;
#1884=IFCCARTESIANPOINT((0.595723556354,0.599669750167,-0.293140015203)) ;
#1885=IFCCARTESIANPOINT((0.595920178599,0.599599440622,-0.293154918973)) ;
#1886=IFCCARTESIANPOINT((0.596492191393,0.599362511623,-0.293199158782)) ;
#1887=IFCCARTESIANPOINT((0.596853904296,0.599169199272,-0.293228324366)) ;
#1888=IFCCARTESIANPOINT((0.597538387723,0.598712587423,-0.293287114071)) ;
#1889=IFCCARTESIANPOINT((0.597862588347,0.598446748879,-0.293316931654)) ;
#1890=IFCCARTESIANPOINT((0.598443772149,0.597865980373,-0.29337563978)) ;
#1891=IFCCARTESIANPOINT((0.59870453433,0.597549140457,-0.293404820664)) ;
#1892=IFCCARTESIANPOINT((0.59904990476,0.597033366255,-0.293449171799)) ;
#1893=IFCCARTESIANPOINT((0.599157256621,0.596854496402,-0.293464059332)) ;
#1894=IFCCARTESIANPOINT((0.599351804967,0.596490985129,-0.293493519789)) ;
#1895=IFCCARTESIANPOINT((0.599439682853,0.596305394511,-0.293508175906)) ;
#1896=IFCCARTESIANPOINT((0.599675575461,0.595737316167,-0.293552127738)) ;
#1897=IFCCARTESIANPOINT((0.599796501168,0.595341645957,-0.293581550047)) ;
#1898=IFCCARTESIANPOINT((0.599959199561,0.594527495493,-0.293640871437)) ;
#1899=IFCCARTESIANPOINT((0.6,0.59411596739,-0.293670277601)) ;
#1900=IFCCARTESIANPOINT((0.6,0.5937,-0.2937)) ;
#1901=IFCCARTESIANPOINT((0.6,0.5937,-0.2937)) ;
#1905=IFCCARTESIANPOINT((0.6,0.5937,-1.66533453694E-16)) ;
#1918=IFCCARTESIANPOINT((0.5937,0.5937,-0.2937)) ;
#1923=IFCCARTESIANPOINT((0.5937,0.597,-0.292992893219)) ;
#1924=IFCCARTESIANPOINT((0.593917884097,0.597,-0.293022615129)) ;
#1925=IFCCARTESIANPOINT((0.594132161504,0.596978628062,-0.293051849415)) ;
#1926=IFCCARTESIANPOINT((0.59455365089,0.59689490934,-0.293110465798)) ;
#1927=IFCCARTESIANPOINT((0.594762985521,0.596831586619,-0.293140159215)) ;
#1928=IFCCARTESIANPOINT((0.595162604735,0.596666068165,-0.293199162836)) ;
#1929=IFCCARTESIANPOINT((0.595352087768,0.596564788713,-0.293228331474)) ;
#1930=IFCCARTESIANPOINT((0.595710509696,0.596325692123,-0.293287101767)) ;
#1931=IFCCARTESIANPOINT((0.595880362143,0.596186434372,-0.293316923612)) ;
#1932=IFCCARTESIANPOINT((0.596184887419,0.595882124991,-0.293375650351)) ;
#1933=IFCCARTESIANPOINT((0.596321440481,0.595716172574,-0.293404826981)) ;
#1934=IFCCARTESIANPOINT((0.5965624523,0.595356281641,-0.293463909039)) ;
#1935=IFCCARTESIANPOINT((0.596665333242,0.595163879727,-0.293493531273)) ;
#1936=IFCCARTESIANPOINT((0.596912464829,0.594568705982,-0.293581440797)) ;
#1937=IFCCARTESIANPOINT((0.597,0.594135768199,-0.293640556179)) ;
#1938=IFCCARTESIANPOINT((0.597,0.5937,-0.2937)) ;
#1939=IFCCARTESIANPOINT((0.5937,0.597,-0.292992893219)) ;
#1941=IFCCARTESIANPOINT((0.597,0.5937,-0.2937)) ;
#1945=IFCCARTESIANPOINT((0.5937,0.597,-1.66533453694E-16)) ;
#1948=IFCCARTESIANPOINT((0.5937,0.597,-1.66533453694E-16)) ;
#1953=IFCCARTESIANPOINT((0.5937,0.5937,-1.66533453694E-16)) ;
#1956=IFCCARTESIANPOINT((0.597,0.5937,-1.66533453694E-16)) ;
#1960=IFCCARTESIANPOINT((0.597,0.5937,-1.66533453694E-16)) ;
#1974=IFCCARTESIANPOINT((0.5937,0.5937,-1.66533453694E-16)) ;
#1978=IFCCARTESIANPOINT((0.597,0.5937,-1.66533453694E-16)) ;
#1983=IFCCARTESIANPOINT((0.5937,0.6,-1.66533453694E-16)) ;
#1996=IFCCARTESIANPOINT((0.5937,0.600018572042,-0.292992893219)) ;
#1997=IFCCARTESIANPOINT((0.594527247519,0.600018572042,-0.293051829355)) ;
#1998=IFCCARTESIANPOINT((0.595353872864,0.599854116525,-0.293110744349)) ;
#1999=IFCCARTESIANPOINT((0.596882152809,0.599221082244,-0.293228595479)) ;
#2000=IFCCARTESIANPOINT((0.597583057723,0.598752752553,-0.293287521044)) ;
#2001=IFCCARTESIANPOINT((0.598752752553,0.597583057723,-0.293405372175)) ;
#2002=IFCCARTESIANPOINT((0.599221082244,0.596882152809,-0.29346429774)) ;
#2003=IFCCARTESIANPOINT((0.599854116525,0.595353872864,-0.29358214887)) ;
#2004=IFCCARTESIANPOINT((0.600018572042,0.594527247519,-0.293641063864)) ;
#2005=IFCCARTESIANPOINT((0.600018572042,0.5937,-0.2937)) ;
#2006=IFCCARTESIANPOINT((0.5937,0.6,-0.292992893219)) ;
#2007=IFCCARTESIANPOINT((0.594524816002,0.6,-0.293051829354)) ;
#2008=IFCCARTESIANPOINT((0.595349011671,0.599836027863,-0.293110744349)) ;
#2009=IFCCARTESIANPOINT((0.596872799576,0.599204854247,-0.293228595479)) ;
#2010=IFCCARTESIANPOINT((0.597571644336,0.598737901107,-0.293287521044)) ;
#2011=IFCCARTESIANPOINT((0.598737901107,0.597571644336,-0.293405372175)) ;
#2012=IFCCARTESIANPOINT((0.599204854247,0.596872799576,-0.29346429774)) ;
#2013=IFCCARTESIANPOINT((0.599836027863,0.595349011671,-0.29358214887)) ;
#2014=IFCCARTESIANPOINT((0.6,0.594524816002,-0.293641063865)) ;
#2015=IFCCARTESIANPOINT((0.6,0.5937,-0.2937)) ;
#2016=IFCCARTESIANPOINT((0.5937,0.597,-0.292992893219)) ;
#2017=IFCCARTESIANPOINT((0.59413204545,0.597,-0.293051829214)) ;
#2018=IFCCARTESIANPOINT((0.594563768018,0.596914109833,-0.293110744349)) ;
#2019=IFCCARTESIANPOINT((0.595361942635,0.596583495082,-0.293228595479)) ;
#2020=IFCCARTESIANPOINT((0.595728004176,0.59633890058,-0.293287521044)) ;
#2021=IFCCARTESIANPOINT((0.59633890058,0.595728004176,-0.293405372175)) ;
#2022=IFCCARTESIANPOINT((0.596583495082,0.595361942635,-0.29346429774)) ;
#2023=IFCCARTESIANPOINT((0.596914109833,0.594563768018,-0.29358214887)) ;
#2024=IFCCARTESIANPOINT((0.597,0.59413204545,-0.293641064005)) ;
#2025=IFCCARTESIANPOINT((0.597,0.5937,-0.2937)) ;
#2026=IFCCARTESIANPOINT((0.5937,0.596981883918,-0.292992893219)) ;
#2027=IFCCARTESIANPOINT((0.594129673629,0.596981883918,-0.293051829213)) ;
#2028=IFCCARTESIANPOINT((0.594559026172,0.596896465264,-0.293110744349)) ;
#2029=IFCCARTESIANPOINT((0.595352819032,0.596567665495,-0.293228595479)) ;
#2030=IFCCARTESIANPOINT((0.595716870997,0.59632441375,-0.293287521044)) ;
#2031=IFCCARTESIANPOINT((0.59632441375,0.595716870997,-0.293405372175)) ;
#2032=IFCCARTESIANPOINT((0.596567665495,0.595352819032,-0.29346429774)) ;
#2033=IFCCARTESIANPOINT((0.596896465264,0.594559026172,-0.29358214887)) ;
#2034=IFCCARTESIANPOINT((0.596981883918,0.594129673629,-0.293641064006)) ;
#2035=IFCCARTESIANPOINT((0.596981883918,0.5937,-0.2937)) ;
#2037=IFCCARTESIANPOINT((0.597,0.5937,-0.2937)) ;
#2042=IFCCARTESIANPOINT((0.5937,0.597,-0.292992893219)) ;
#2056=IFCCARTESIANPOINT((0.422051701919,0.6,0.121344595138)) ;
#2060=IFCCARTESIANPOINT((0.00700710678119,0.597,-0.2937)) ;
#2063=IFCCARTESIANPOINT((0.00700710678119,0.6,-0.2937)) ;
#2065=IFCCARTESIANPOINT((0.00700710678119,0.597,-0.2937)) ;
#2069=IFCCARTESIANPOINT((0.0407071067812,0.6,-0.26)) ;
#2072=IFCCARTESIANPOINT((0.0407071067812,0.6,-0.26)) ;
#2076=IFCCARTESIANPOINT((0.0407071067812,0.597,-0.26)) ;
#2079=IFCCARTESIANPOINT((0.0407071067812,0.597,-0.26)) ;
#2083=IFCCARTESIANPOINT((0.0407071067812,0.597,-0.26)) ;
#2097=IFCCARTESIANPOINT((0.5937,0.5937,-0.2937)) ;
#2101=IFCCARTESIANPOINT((0.5937,0.5937,-0.297)) ;
#2104=IFCCARTESIANPOINT((0.5937,0.5937,-0.297)) ;
#2106=IFCCARTESIANPOINT((0.5937,0.5937,-0.3)) ;
#2111=IFCCARTESIANPOINT((0.5937,0.5937,-0.2937)) ;
#2117=IFCCARTESIANPOINT((0.5937,0.5937,-0.2937)) ;
#2131=IFCCARTESIANPOINT((0.0063,0.5937,-0.2937)) ;
#2135=IFCCARTESIANPOINT((0.003,0.5937,-0.2937)) ;
#2138=IFCCARTESIANPOINT((0.003,0.5937,-0.2937)) ;
#2140=IFCCARTESIANPOINT((3.20131886677E-17,0.5937,-0.2937)) ;
#2145=IFCCARTESIANPOINT((0.0063,0.5937,-0.2937)) ;
#2148=IFCCARTESIANPOINT((0.0063,0.5937,-0.3)) ;
#2152=IFCCARTESIANPOINT((0.0063,0.5937,-0.297)) ;
#2155=IFCCARTESIANPOINT((0.0063,0.5937,-0.297)) ;
#2160=IFCCARTESIANPOINT((0.0063,0.5937,-0.2937)) ;
#2173=IFCCARTESIANPOINT((0.0063,0.0063,-0.2937)) ;
#2179=IFCCARTESIANPOINT((0.0063,0.0063,0.)) ;
#2182=IFCCARTESIANPOINT((-4.33680868994E-18,0.0063,-8.27936204443E-19)) ;
#2184=IFCCARTESIANPOINT((0.0063,-1.21430643318E-17,-2.93776439412E-33)) ;
#2188=IFCCARTESIANPOINT((0.0063,-1.21430643318E-17,-2.93776439412E-33)) ;
#2191=IFCCARTESIANPOINT((0.0063,-1.16790354918E-17,-0.292992893219)) ;
#2195=IFCCARTESIANPOINT((0.0063,-1.17093834628E-17,-0.292992893219)) ;
#2196=IFCCARTESIANPOINT((0.00588403261084,-1.17093834628E-17,-0.293022615618)) ;
#2197=IFCCARTESIANPOINT((0.00547499517744,4.07955142325E-05,-0.293051847183)) ;
#2198=IFCCARTESIANPOINT((0.00487146733671,0.000160670812875,-0.293095811764)) ;
#2199=IFCCARTESIANPOINT((0.0046719750571,0.000210481779634,-0.293110485548)) ;
#2200=IFCCARTESIANPOINT((0.0042764436464,0.000330249833143,-0.293140015203)) ;
#2201=IFCCARTESIANPOINT((0.0040798214015,0.000400559377705,-0.293154918973)) ;
#2202=IFCCARTESIANPOINT((0.00350780860693,0.000637488376561,-0.293199158782)) ;
#2203=IFCCARTESIANPOINT((0.00314609570434,0.000830800727758,-0.293228324366)) ;
#2204=IFCCARTESIANPOINT((0.00246161227724,0.00128741257678,-0.293287114071)) ;
#2205=IFCCARTESIANPOINT((0.00213741165288,0.00155325112106,-0.293316931654)) ;
#2206=IFCCARTESIANPOINT((0.00155622785103,0.00213401962727,-0.29337563978)) ;
#2207=IFCCARTESIANPOINT((0.00129546567022,0.00245085954297,-0.293404820664)) ;
#2208=IFCCARTESIANPOINT((0.000950095240487,0.00296663374453,-0.293449171799)) ;
#2209=IFCCARTESIANPOINT((0.00084274337936,0.00314550359759,-0.293464059332)) ;
#2210=IFCCARTESIANPOINT((0.000648195032788,0.00350901487125,-0.293493519789)) ;
#2211=IFCCARTESIANPOINT((0.00056031714673,0.00369460548898,-0.293508175906)) ;
#2212=IFCCARTESIANPOINT((0.000324424538745,0.00426268383318,-0.293552127738)) ;
#2213=IFCCARTESIANPOINT((0.000203498832196,0.00465835404328,-0.293581550047)) ;
#2214=IFCCARTESIANPOINT((4.08004389111E-05,0.00547250450714,-0.293640871437)) ;
#2215=IFCCARTESIANPOINT((3.51738901677E-17,0.00588403260975,-0.293670277601)) ;
#2216=IFCCARTESIANPOINT((3.51281503885E-17,0.0063,-0.2937)) ;
#2217=IFCCARTESIANPOINT((3.20131886677E-17,0.0063,-0.2937)) ;
#2221=IFCCARTESIANPOINT((-4.33680868994E-18,0.0063,-8.27936204443E-19)) ;
#2234=IFCCARTESIANPOINT((0.0063,0.0063,-0.2937)) ;
#2239=IFCCARTESIANPOINT((0.0063,0.003,-0.292992893219)) ;
#2240=IFCCARTESIANPOINT((0.00608211590254,0.003,-0.293022615129)) ;
#2241=IFCCARTESIANPOINT((0.00586783849581,0.00302137193846,-0.293051849415)) ;
#2242=IFCCARTESIANPOINT((0.00544634911011,0.00310509066015,-0.293110465798)) ;
#2243=IFCCARTESIANPOINT((0.00523701447938,0.00316841338112,-0.293140159215)) ;
#2244=IFCCARTESIANPOINT((0.00483739526541,0.00333393183508,-0.293199162836)) ;
#2245=IFCCARTESIANPOINT((0.00464791223246,0.00343521128652,-0.293228331474)) ;
#2246=IFCCARTESIANPOINT((0.00428949030401,0.0036743078766,-0.293287101767)) ;
#2247=IFCCARTESIANPOINT((0.00411963785706,0.00381356562799,-0.293316923612)) ;
#2248=IFCCARTESIANPOINT((0.00381511258143,0.00411787500869,-0.293375650351)) ;
#2249=IFCCARTESIANPOINT((0.00367855951892,0.00428382742569,-0.293404826981)) ;
#2250=IFCCARTESIANPOINT((0.0034375476998,0.00464371835901,-0.293463909039)) ;
#2251=IFCCARTESIANPOINT((0.00333466675811,0.00483612027332,-0.293493531273)) ;
#2252=IFCCARTESIANPOINT((0.00308753517145,0.00543129401753,-0.293581440797)) ;
#2253=IFCCARTESIANPOINT((0.003,0.00586423180051,-0.293640556179)) ;
#2254=IFCCARTESIANPOINT((0.003,0.0063,-0.2937)) ;
#2255=IFCCARTESIANPOINT((0.0063,0.003,-0.292992893219)) ;
#2257=IFCCARTESIANPOINT((0.003,0.0063,-0.2937)) ;
#2261=IFCCARTESIANPOINT((0.0063,0.003,0.)) ;
#2264=IFCCARTESIANPOINT((0.0063,0.003,0.)) ;
#2269=IFCCARTESIANPOINT((0.0063,0.0063,0.)) ;
#2272=IFCCARTESIANPOINT((0.003,0.0063,0.)) ;
#2276=IFCCARTESIANPOINT((0.003,0.0063,0.)) ;
#2290=IFCCARTESIANPOINT((0.0063,0.0063,0.)) ;
#2294=IFCCARTESIANPOINT((0.003,0.0063,0.)) ;
#2299=IFCCARTESIANPOINT((0.0063,-1.21430643318E-17,-2.93776439412E-33)) ;
#2312=IFCCARTESIANPOINT((0.0063,-1.8572042175E-05,-0.292992893219)) ;
#2313=IFCCARTESIANPOINT((0.00547275248122,-1.8572042175E-05,-0.293051829355)) ;
#2314=IFCCARTESIANPOINT((0.00464612713579,0.000145883475361,-0.293110744349)) ;
#2315=IFCCARTESIANPOINT((0.00311784719072,0.000778917755712,-0.293228595479)) ;
#2316=IFCCARTESIANPOINT((0.00241694227656,0.00124724744657,-0.293287521044)) ;
#2317=IFCCARTESIANPOINT((0.00124724744657,0.00241694227656,-0.293405372175)) ;
#2318=IFCCARTESIANPOINT((0.000778917755712,0.00311784719072,-0.29346429774)) ;
#2319=IFCCARTESIANPOINT((0.000145883475361,0.00464612713579,-0.29358214887)) ;
#2320=IFCCARTESIANPOINT((-1.8572042175E-05,0.00547275248122,-0.293641063864)) ;
#2321=IFCCARTESIANPOINT((-1.8572042175E-05,0.0063,-0.2937)) ;
#2322=IFCCARTESIANPOINT((0.0063,-1.17093834628E-17,-0.292992893219)) ;
#2323=IFCCARTESIANPOINT((0.0054751839983,-8.0471447597E-18,-0.293051829354)) ;
#2324=IFCCARTESIANPOINT((0.00465098832854,0.00016397213699,-0.293110744349)) ;
#2325=IFCCARTESIANPOINT((0.00312720042366,0.000795145753368,-0.293228595479)) ;
#2326=IFCCARTESIANPOINT((0.00242835566416,0.00126209889289,-0.293287521044)) ;
#2327=IFCCARTESIANPOINT((0.00126209889289,0.00242835566416,-0.293405372175)) ;
#2328=IFCCARTESIANPOINT((0.000795145753368,0.00312720042366,-0.29346429774)) ;
#2329=IFCCARTESIANPOINT((0.00016397213699,0.00465098832854,-0.29358214887)) ;
#2330=IFCCARTESIANPOINT((3.50773819375E-17,0.0054751839983,-0.293641063865)) ;
#2331=IFCCARTESIANPOINT((3.51281503885E-17,0.0063,-0.2937)) ;
#2332=IFCCARTESIANPOINT((0.0063,0.003,-0.292992893219)) ;
#2333=IFCCARTESIANPOINT((0.00586795455008,0.003,-0.293051829214)) ;
#2334=IFCCARTESIANPOINT((0.00543623198161,0.00308589016699,-0.293110744349)) ;
#2335=IFCCARTESIANPOINT((0.00463805736478,0.00341650491843,-0.293228595479)) ;
#2336=IFCCARTESIANPOINT((0.00427199582408,0.00366109942009,-0.293287521044)) ;
#2337=IFCCARTESIANPOINT((0.00366109942009,0.00427199582408,-0.293405372175)) ;
#2338=IFCCARTESIANPOINT((0.00341650491843,0.00463805736478,-0.29346429774)) ;
#2339=IFCCARTESIANPOINT((0.00308589016699,0.00543623198161,-0.29358214887)) ;
#2340=IFCCARTESIANPOINT((0.003,0.00586795455008,-0.293641064005)) ;
#2341=IFCCARTESIANPOINT((0.003,0.0063,-0.2937)) ;
#2342=IFCCARTESIANPOINT((0.0063,0.00301811608225,-0.292992893219)) ;
#2343=IFCCARTESIANPOINT((0.00587032637128,0.00301811608225,-0.293051829213)) ;
#2344=IFCCARTESIANPOINT((0.00544097382782,0.00310353473611,-0.293110744349)) ;
#2345=IFCCARTESIANPOINT((0.00464718096765,0.00343233450451,-0.293228595479)) ;
#2346=IFCCARTESIANPOINT((0.00428312900301,0.00367558625038,-0.293287521044)) ;
#2347=IFCCARTESIANPOINT((0.00367558625038,0.00428312900301,-0.293405372175)) ;
#2348=IFCCARTESIANPOINT((0.00343233450451,0.00464718096765,-0.29346429774)) ;
#2349=IFCCARTESIANPOINT((0.00310353473611,0.00544097382782,-0.29358214887)) ;
#2350=IFCCARTESIANPOINT((0.00301811608225,0.00587032637128,-0.293641064006)) ;
#2351=IFCCARTESIANPOINT((0.00301811608225,0.0063,-0.2937)) ;
#2353=IFCCARTESIANPOINT((0.003,0.0063,-0.2937)) ;
#2358=IFCCARTESIANPOINT((0.0063,0.003,-0.292992893219)) ;
#2372=IFCCARTESIANPOINT((0.00700710678119,-1.14456692672E-17,-0.2937)) ;
#2376=IFCCARTESIANPOINT((0.100707106781,-3.38435921705E-16,-0.2)) ;
#2379=IFCCARTESIANPOINT((0.100707106781,-3.38435921705E-16,-0.2)) ;
#2381=IFCCARTESIANPOINT((0.100707106781,0.003,-0.2)) ;
#2385=IFCCARTESIANPOINT((0.00700710678119,-1.12757025938E-17,-0.2937)) ;
#2388=IFCCARTESIANPOINT((0.00700710678119,-1.12757025938E-17,-0.2937)) ;
#2392=IFCCARTESIANPOINT((0.00700710678119,-1.12757025938E-17,-0.2937)) ;
#2395=IFCCARTESIANPOINT((0.00700710678119,0.003,-0.2937)) ;
#2399=IFCCARTESIANPOINT((0.00700710678119,0.003,-0.2937)) ;
#2412=IFCCARTESIANPOINT((0.5937,0.0063,-1.66533453694E-16)) ;
#2417=IFCCARTESIANPOINT((0.6,0.0063,-0.2937)) ;
#2418=IFCCARTESIANPOINT((0.6,0.00588403261084,-0.293670277601)) ;
#2419=IFCCARTESIANPOINT((0.599959204486,0.00547499517744,-0.293641046035)) ;
#2420=IFCCARTESIANPOINT((0.599839329187,0.00487146733671,-0.293597081454)) ;
#2421=IFCCARTESIANPOINT((0.59978951822,0.0046719750571,-0.293582407671)) ;
#2422=IFCCARTESIANPOINT((0.599669750167,0.0042764436464,-0.293552878016)) ;
#2423=IFCCARTESIANPOINT((0.599599440622,0.0040798214015,-0.293537974246)) ;
#2424=IFCCARTESIANPOINT((0.599362511623,0.00350780860693,-0.293493734437)) ;
#2425=IFCCARTESIANPOINT((0.599169199272,0.00314609570434,-0.293464568853)) ;
#2426=IFCCARTESIANPOINT((0.598712587423,0.00246161227724,-0.293405779148)) ;
#2427=IFCCARTESIANPOINT((0.598446748879,0.00213741165288,-0.293375961564)) ;
#2428=IFCCARTESIANPOINT((0.597865980373,0.00155622785103,-0.293317253438)) ;
#2429=IFCCARTESIANPOINT((0.597549140457,0.00129546567022,-0.293288072555)) ;
#2430=IFCCARTESIANPOINT((0.597033366255,0.000950095240487,-0.293243721419)) ;
#2431=IFCCARTESIANPOINT((0.596854496402,0.00084274337936,-0.293228833886)) ;
#2432=IFCCARTESIANPOINT((0.596490985129,0.000648195032788,-0.29319937343)) ;
#2433=IFCCARTESIANPOINT((0.596305394511,0.00056031714673,-0.293184717313)) ;
#2434=IFCCARTESIANPOINT((0.595737316167,0.000324424538745,-0.293140765481)) ;
#2435=IFCCARTESIANPOINT((0.595341645957,0.000203498832196,-0.293111343172)) ;
#2436=IFCCARTESIANPOINT((0.594527495493,4.08004389111E-05,-0.293052021781)) ;
#2437=IFCCARTESIANPOINT((0.59411596739,-1.13248305048E-17,-0.293022615618)) ;
#2438=IFCCARTESIANPOINT((0.5937,-1.12757025938E-17,-0.292992893219)) ;
#2439=IFCCARTESIANPOINT((0.6,0.0063,-0.2937)) ;
#2441=IFCCARTESIANPOINT((0.5937,-1.12757025938E-17,-0.292992893219)) ;
#2445=IFCCARTESIANPOINT((0.5937,-1.12757025938E-17,-0.292992893219)) ;
#2448=IFCCARTESIANPOINT((0.5937,-1.13012233241E-17,-1.65117060918E-16)) ;
#2453=IFCCARTESIANPOINT((0.5937,0.0063,-1.65117060918E-16)) ;
#2456=IFCCARTESIANPOINT((0.6,0.0063,-1.64933363898E-16)) ;
#2460=IFCCARTESIANPOINT((0.6,0.0063,-0.2937)) ;
#2473=IFCCARTESIANPOINT((0.5937,0.0063,-1.66533453694E-16)) ;
#2479=IFCCARTESIANPOINT((0.5937,0.0063,-1.65117060918E-16)) ;
#2482=IFCCARTESIANPOINT((0.5937,0.003,-1.65117060918E-16)) ;
#2484=IFCCARTESIANPOINT((0.597,0.0063,-1.66533453694E-16)) ;
#2488=IFCCARTESIANPOINT((0.5937,0.003,-0.292992893219)) ;
#2491=IFCCARTESIANPOINT((0.5937,0.003,-0.292992893219)) ;
#2495=IFCCARTESIANPOINT((0.597,0.0063,-0.2937)) ;
#2496=IFCCARTESIANPOINT((0.597,0.00608211590254,-0.29367027809)) ;
#2497=IFCCARTESIANPOINT((0.596978628062,0.00586783849581,-0.293641043803)) ;
#2498=IFCCARTESIANPOINT((0.59689490934,0.00544634911011,-0.293582427421)) ;
#2499=IFCCARTESIANPOINT((0.596831586619,0.00523701447938,-0.293552734004)) ;
#2500=IFCCARTESIANPOINT((0.596666068165,0.00483739526541,-0.293493730383)) ;
#2501=IFCCARTESIANPOINT((0.596564788713,0.00464791223246,-0.293464561745)) ;
#2502=IFCCARTESIANPOINT((0.596325692123,0.00428949030401,-0.293405791452)) ;
#2503=IFCCARTESIANPOINT((0.596186434372,0.00411963785706,-0.293375969607)) ;
#2504=IFCCARTESIANPOINT((0.595882124991,0.00381511258143,-0.293317242868)) ;
#2505=IFCCARTESIANPOINT((0.595716172574,0.00367855951892,-0.293288066238)) ;
#2506=IFCCARTESIANPOINT((0.595356281641,0.0034375476998,-0.29322898418)) ;
#2507=IFCCARTESIANPOINT((0.595163879727,0.00333466675811,-0.293199361946)) ;
#2508=IFCCARTESIANPOINT((0.594568705982,0.00308753517145,-0.293111452422)) ;
#2509=IFCCARTESIANPOINT((0.594135768199,0.003,-0.29305233704)) ;
#2510=IFCCARTESIANPOINT((0.5937,0.003,-0.292992893219)) ;
#2511=IFCCARTESIANPOINT((0.597,0.0063,-0.2937)) ;
#2515=IFCCARTESIANPOINT((0.597,0.0063,-0.2937)) ;
#2529=IFCCARTESIANPOINT((1.04744440165E-17,-2.08427025639E-15,0.)) ;
#2533=IFCCARTESIANPOINT((0.5937,-1.13012233241E-17,-1.65117060918E-16)) ;
#2536=IFCCARTESIANPOINT((0.53,-2.33785146799E-16,-5.15051918641E-17)) ;
#2540=IFCCARTESIANPOINT((0.5937,-1.12757025938E-17,-0.292992893219)) ;
#2543=IFCCARTESIANPOINT((0.5,-3.38611131215E-16,-0.199292893219)) ;
#2547=IFCCARTESIANPOINT((0.5,-1.74574066942E-15,-0.0049)) ;
#2550=IFCCARTESIANPOINT((0.5,-1.74574066942E-15,-0.0049)) ;
#2554=IFCCARTESIANPOINT((0.5,-1.74574066942E-15,-0.0049)) ;
#2557=IFCCARTESIANPOINT((0.53,-1.85048510959E-15,-0.0049)) ;
#2561=IFCCARTESIANPOINT((0.53,-1.85048510959E-15,-0.0049)) ;
#2575=IFCCARTESIANPOINT((0.57,1.63521986516E-15,-0.15)) ;
#2578=IFCCARTESIANPOINT((0.57,1.62055066378E-15,-0.144)) ;
#2580=IFCCARTESIANPOINT((0.57,1.64988906654E-15,-0.156)) ;
#2585=IFCCARTESIANPOINT((0.57,1.63521986516E-15,-0.15)) ;
#2595=IFCCARTESIANPOINT((0.525,1.52542514078E-15,-0.2)) ;
#2598=IFCCARTESIANPOINT((0.525,1.5107559394E-15,-0.194)) ;
#2600=IFCCARTESIANPOINT((0.525,1.54009434216E-15,-0.206)) ;
#2605=IFCCARTESIANPOINT((0.525,1.52542514078E-15,-0.2)) ;
#2615=IFCCARTESIANPOINT((0.57,1.63521986516E-15,-0.2)) ;
#2618=IFCCARTESIANPOINT((0.57,1.62055066378E-15,-0.194)) ;
#2620=IFCCARTESIANPOINT((0.57,1.64988906654E-15,-0.206)) ;
#2625=IFCCARTESIANPOINT((0.57,1.63521986516E-15,-0.2)) ;
#2635=IFCCARTESIANPOINT((0.525,1.52542514078E-15,-0.15)) ;
#2638=IFCCARTESIANPOINT((0.525,1.5107559394E-15,-0.144)) ;
#2640=IFCCARTESIANPOINT((0.525,1.54009434216E-15,-0.156)) ;
#2645=IFCCARTESIANPOINT((0.525,1.52542514078E-15,-0.15)) ;
#2655=IFCCARTESIANPOINT((0.525,1.52542514078E-15,-0.1)) ;
#2658=IFCCARTESIANPOINT((0.525,1.5107559394E-15,-0.094)) ;
#2660=IFCCARTESIANPOINT((0.525,1.54009434216E-15,-0.106)) ;
#2665=IFCCARTESIANPOINT((0.525,1.52542514078E-15,-0.1)) ;
#2675=IFCCARTESIANPOINT((0.57,1.63521986516E-15,-0.1)) ;
#2678=IFCCARTESIANPOINT((0.57,1.62055066378E-15,-0.094)) ;
#2680=IFCCARTESIANPOINT((0.57,1.64988906654E-15,-0.106)) ;
#2685=IFCCARTESIANPOINT((0.57,1.63521986516E-15,-0.1)) ;
#2696=IFCCARTESIANPOINT((0.0063,0.5937,0.)) ;
#2702=IFCCARTESIANPOINT((0.0063,0.5937,9.01471469258E-20)) ;
#2705=IFCCARTESIANPOINT((0.0063,0.597,9.01471469258E-20)) ;
#2707=IFCCARTESIANPOINT((0.003,0.5937,0.)) ;
#2711=IFCCARTESIANPOINT((0.0063,0.597,-0.292992893219)) ;
#2714=IFCCARTESIANPOINT((0.0063,0.597,-0.292992893219)) ;
#2718=IFCCARTESIANPOINT((0.003,0.5937,-0.2937)) ;
#2719=IFCCARTESIANPOINT((0.003,0.593917884097,-0.29367027809)) ;
#2720=IFCCARTESIANPOINT((0.00302137193846,0.594132161504,-0.293641043803)) ;
#2721=IFCCARTESIANPOINT((0.00310509066015,0.59455365089,-0.293582427421)) ;
#2722=IFCCARTESIANPOINT((0.00316841338112,0.594762985521,-0.293552734004)) ;
#2723=IFCCARTESIANPOINT((0.00333393183508,0.595162604735,-0.293493730383)) ;
#2724=IFCCARTESIANPOINT((0.00343521128652,0.595352087768,-0.293464561745)) ;
#2725=IFCCARTESIANPOINT((0.0036743078766,0.595710509696,-0.293405791452)) ;
#2726=IFCCARTESIANPOINT((0.00381356562799,0.595880362143,-0.293375969607)) ;
#2727=IFCCARTESIANPOINT((0.00411787500869,0.596184887419,-0.293317242868)) ;
#2728=IFCCARTESIANPOINT((0.00428382742569,0.596321440481,-0.293288066238)) ;
#2729=IFCCARTESIANPOINT((0.00464371835901,0.5965624523,-0.29322898418)) ;
#2730=IFCCARTESIANPOINT((0.00483612027332,0.596665333242,-0.293199361946)) ;
#2731=IFCCARTESIANPOINT((0.00543129401753,0.596912464829,-0.293111452422)) ;
#2732=IFCCARTESIANPOINT((0.00586423180051,0.597,-0.29305233704)) ;
#2733=IFCCARTESIANPOINT((0.0063,0.597,-0.292992893219)) ;
#2736=IFCCARTESIANPOINT((0.003,0.5937,-0.2937)) ;
#2749=IFCCARTESIANPOINT((0.0063,0.5937,0.)) ;
#2754=IFCCARTESIANPOINT((1.21430643318E-17,0.5937,-0.2937)) ;
#2755=IFCCARTESIANPOINT((1.21439113648E-17,0.594115967389,-0.293670277601)) ;
#2756=IFCCARTESIANPOINT((4.07955142325E-05,0.594525004823,-0.293641046035)) ;
#2757=IFCCARTESIANPOINT((0.000160670812875,0.595128532663,-0.293597081454)) ;
#2758=IFCCARTESIANPOINT((0.000210481779634,0.595328024943,-0.293582407671)) ;
#2759=IFCCARTESIANPOINT((0.000330249833143,0.595723556354,-0.293552878016)) ;
#2760=IFCCARTESIANPOINT((0.000400559377705,0.595920178599,-0.293537974246)) ;
#2761=IFCCARTESIANPOINT((0.000637488376561,0.596492191393,-0.293493734437)) ;
#2762=IFCCARTESIANPOINT((0.000830800727758,0.596853904296,-0.293464568853)) ;
#2763=IFCCARTESIANPOINT((0.00128741257678,0.597538387723,-0.293405779148)) ;
#2764=IFCCARTESIANPOINT((0.00155325112106,0.597862588347,-0.293375961564)) ;
#2765=IFCCARTESIANPOINT((0.00213401962727,0.598443772149,-0.293317253438)) ;
#2766=IFCCARTESIANPOINT((0.00245085954297,0.59870453433,-0.293288072555)) ;
#2767=IFCCARTESIANPOINT((0.00296663374453,0.59904990476,-0.293243721419)) ;
#2768=IFCCARTESIANPOINT((0.00314550359759,0.599157256621,-0.293228833886)) ;
#2769=IFCCARTESIANPOINT((0.00350901487125,0.599351804967,-0.29319937343)) ;
#2770=IFCCARTESIANPOINT((0.00369460548898,0.599439682853,-0.293184717313)) ;
#2771=IFCCARTESIANPOINT((0.00426268383318,0.599675575461,-0.293140765481)) ;
#2772=IFCCARTESIANPOINT((0.00465835404328,0.599796501168,-0.293111343172)) ;
#2773=IFCCARTESIANPOINT((0.00547250450714,0.599959199561,-0.293052021781)) ;
#2774=IFCCARTESIANPOINT((0.00588403260975,0.6,-0.293022615618)) ;
#2775=IFCCARTESIANPOINT((0.0063,0.6,-0.292992893219)) ;
#2776=IFCCARTESIANPOINT((0.0063,0.6,-0.292992893219)) ;
#2780=IFCCARTESIANPOINT((0.0063,0.6,-0.292992893219)) ;
#2783=IFCCARTESIANPOINT((0.0063,0.6,9.01471469258E-20)) ;
#2788=IFCCARTESIANPOINT((0.0063,0.5937,9.01471469258E-20)) ;
#2791=IFCCARTESIANPOINT((1.21430643318E-17,0.5937,9.01471469258E-20)) ;
#2795=IFCCARTESIANPOINT((3.20131886677E-17,0.5937,-0.2937)) ;
#2809=IFCCARTESIANPOINT((0.04,0.6,4.04296295303E-18)) ;
#2813=IFCCARTESIANPOINT((0.0063,0.6,9.01471469258E-20)) ;
#2816=IFCCARTESIANPOINT((0.04,0.6,2.02148147652E-18)) ;
#2820=IFCCARTESIANPOINT((0.04,0.6,2.02148147652E-18)) ;
#2823=IFCCARTESIANPOINT((0.04,0.597,1.01074073826E-18)) ;
#2827=IFCCARTESIANPOINT((0.04,0.597,1.01074073826E-18)) ;
#2832=IFCCARTESIANPOINT((0.0063,0.6,9.01471469258E-20)) ;
#2846=IFCCARTESIANPOINT((0.04,0.6,-0.2937)) ;
#2850=IFCCARTESIANPOINT((0.04,0.597,-0.259292893219)) ;
#2853=IFCCARTESIANPOINT((0.04,0.597,-0.259292893219)) ;
#2857=IFCCARTESIANPOINT((0.04,0.6,2.02148147652E-18)) ;
#2860=IFCCARTESIANPOINT((0.04,0.6,-0.259292893219)) ;
#2864=IFCCARTESIANPOINT((0.04,0.6,-0.259292893219)) ;
#2878=IFCCARTESIANPOINT((-1.80036166155E-15,0.597,-2.12674813725E-31)) ;
#2882=IFCCARTESIANPOINT((0.0063,0.597,-0.292992893219)) ;
#2896=IFCCARTESIANPOINT((-1.81083610557E-15,0.6,-2.13819348566E-31)) ;
#2900=IFCCARTESIANPOINT((0.0063,0.6,-0.292992893219)) ;
#2914=IFCCARTESIANPOINT((0.0063,0.6,-0.292992893219)) ;
#2918=IFCCARTESIANPOINT((0.0063,0.6,-0.292992893219)) ;
#2931=IFCCARTESIANPOINT((0.00700710678119,0.600018572042,-0.2937)) ;
#2932=IFCCARTESIANPOINT((0.00694817064507,0.600018572042,-0.294527247519)) ;
#2933=IFCCARTESIANPOINT((0.00688925565099,0.599854116525,-0.295353872864)) ;
#2934=IFCCARTESIANPOINT((0.00677140452079,0.599221082244,-0.296882152809)) ;
#2935=IFCCARTESIANPOINT((0.00671247895569,0.598752752553,-0.297583057723)) ;
#2936=IFCCARTESIANPOINT((0.00659462782549,0.597583057723,-0.298752752553)) ;
#2937=IFCCARTESIANPOINT((0.0065357022604,0.596882152809,-0.299221082244)) ;
#2938=IFCCARTESIANPOINT((0.0064178511302,0.595353872864,-0.299854116525)) ;
#2939=IFCCARTESIANPOINT((0.00635893613612,0.594527247519,-0.300018572042)) ;
#2940=IFCCARTESIANPOINT((0.0063,0.5937,-0.300018572042)) ;
#2941=IFCCARTESIANPOINT((0.00700710678119,0.6,-0.2937)) ;
#2942=IFCCARTESIANPOINT((0.00694817064594,0.6,-0.294524816002)) ;
#2943=IFCCARTESIANPOINT((0.00688925565099,0.599836027863,-0.295349011671)) ;
#2944=IFCCARTESIANPOINT((0.00677140452079,0.599204854247,-0.296872799576)) ;
#2945=IFCCARTESIANPOINT((0.00671247895569,0.598737901107,-0.297571644336)) ;
#2946=IFCCARTESIANPOINT((0.00659462782549,0.597571644336,-0.298737901107)) ;
#2947=IFCCARTESIANPOINT((0.0065357022604,0.596872799576,-0.299204854247)) ;
#2948=IFCCARTESIANPOINT((0.0064178511302,0.595349011671,-0.299836027863)) ;
#2949=IFCCARTESIANPOINT((0.00635893613525,0.594524816002,-0.3)) ;
#2950=IFCCARTESIANPOINT((0.0063,0.5937,-0.3)) ;
#2951=IFCCARTESIANPOINT((0.00700710678119,0.597,-0.2937)) ;
#2952=IFCCARTESIANPOINT((0.00694817078605,0.597,-0.29413204545)) ;
#2953=IFCCARTESIANPOINT((0.00688925565099,0.596914109833,-0.294563768018)) ;
#2954=IFCCARTESIANPOINT((0.00677140452079,0.596583495082,-0.295361942635)) ;
#2955=IFCCARTESIANPOINT((0.00671247895569,0.59633890058,-0.295728004176)) ;
#2956=IFCCARTESIANPOINT((0.00659462782549,0.595728004176,-0.29633890058)) ;
#2957=IFCCARTESIANPOINT((0.0065357022604,0.595361942635,-0.296583495082)) ;
#2958=IFCCARTESIANPOINT((0.0064178511302,0.594563768018,-0.296914109833)) ;
#2959=IFCCARTESIANPOINT((0.00635893599513,0.59413204545,-0.297)) ;
#2960=IFCCARTESIANPOINT((0.0063,0.5937,-0.297)) ;
#2961=IFCCARTESIANPOINT((0.00700710678119,0.596981883918,-0.2937)) ;
#2962=IFCCARTESIANPOINT((0.0069481707869,0.596981883918,-0.294129673629)) ;
#2963=IFCCARTESIANPOINT((0.00688925565099,0.596896465264,-0.294559026172)) ;
#2964=IFCCARTESIANPOINT((0.00677140452079,0.596567665495,-0.295352819032)) ;
#2965=IFCCARTESIANPOINT((0.00671247895569,0.59632441375,-0.295716870997)) ;
#2966=IFCCARTESIANPOINT((0.00659462782549,0.595716870997,-0.29632441375)) ;
#2967=IFCCARTESIANPOINT((0.0065357022604,0.595352819032,-0.296567665495)) ;
#2968=IFCCARTESIANPOINT((0.0064178511302,0.594559026172,-0.296896465264)) ;
#2969=IFCCARTESIANPOINT((0.00635893599429,0.594129673629,-0.296981883918)) ;
#2970=IFCCARTESIANPOINT((0.0063,0.5937,-0.296981883918)) ;
#2972=IFCCARTESIANPOINT((0.00700710678119,0.6,-0.2937)) ;
#2973=IFCCARTESIANPOINT((0.00697738438218,0.6,-0.294115967389)) ;
#2974=IFCCARTESIANPOINT((0.00694815281667,0.599959204486,-0.294525004823)) ;
#2975=IFCCARTESIANPOINT((0.00690418823556,0.599839329187,-0.295128532663)) ;
#2976=IFCCARTESIANPOINT((0.00688951445186,0.59978951822,-0.295328024943)) ;
#2977=IFCCARTESIANPOINT((0.00685998479731,0.599669750167,-0.295723556354)) ;
#2978=IFCCARTESIANPOINT((0.00684508102737,0.599599440622,-0.295920178599)) ;
#2979=IFCCARTESIANPOINT((0.00680084121796,0.599362511623,-0.296492191393)) ;
#2980=IFCCARTESIANPOINT((0.00677167563417,0.599169199272,-0.296853904296)) ;
#2981=IFCCARTESIANPOINT((0.00671288592878,0.598712587423,-0.297538387723)) ;
#2982=IFCCARTESIANPOINT((0.00668306834556,0.598446748879,-0.297862588347)) ;
#2983=IFCCARTESIANPOINT((0.00662436021953,0.597865980373,-0.298443772149)) ;
#2984=IFCCARTESIANPOINT((0.00659517933616,0.597549140457,-0.29870453433)) ;
#2985=IFCCARTESIANPOINT((0.00655082820056,0.597033366255,-0.29904990476)) ;
#2986=IFCCARTESIANPOINT((0.00653594066766,0.596854496402,-0.299157256621)) ;
#2987=IFCCARTESIANPOINT((0.00650648021103,0.596490985129,-0.299351804967)) ;
#2988=IFCCARTESIANPOINT((0.00649182409421,0.596305394511,-0.299439682853)) ;
#2989=IFCCARTESIANPOINT((0.0064478722623,0.595737316167,-0.299675575461)) ;
#2990=IFCCARTESIANPOINT((0.00641844995324,0.595341645957,-0.299796501168)) ;
#2991=IFCCARTESIANPOINT((0.00635912856251,0.594527495493,-0.299959199561)) ;
#2992=IFCCARTESIANPOINT((0.00632972239908,0.59411596739,-0.3)) ;
#2993=IFCCARTESIANPOINT((0.0063,0.5937,-0.3)) ;
#2996=IFCCARTESIANPOINT((0.00700710678119,0.597,-0.2937)) ;
#2997=IFCCARTESIANPOINT((0.00697738487089,0.597,-0.293917884097)) ;
#2998=IFCCARTESIANPOINT((0.00694815058452,0.596978628062,-0.294132161504)) ;
#2999=IFCCARTESIANPOINT((0.00688953420202,0.59689490934,-0.29455365089)) ;
#3000=IFCCARTESIANPOINT((0.00685984078485,0.596831586619,-0.294762985521)) ;
#3001=IFCCARTESIANPOINT((0.00680083716377,0.596666068165,-0.295162604735)) ;
#3002=IFCCARTESIANPOINT((0.00677166852601,0.596564788713,-0.295352087768)) ;
#3003=IFCCARTESIANPOINT((0.00671289823298,0.596325692123,-0.295710509696)) ;
#3004=IFCCARTESIANPOINT((0.00668307638792,0.596186434372,-0.295880362143)) ;
#3005=IFCCARTESIANPOINT((0.00662434964873,0.595882124991,-0.296184887419)) ;
#3006=IFCCARTESIANPOINT((0.00659517301943,0.595716172574,-0.296321440481)) ;
#3007=IFCCARTESIANPOINT((0.00653609096119,0.595356281641,-0.2965624523)) ;
#3008=IFCCARTESIANPOINT((0.00650646872695,0.595163879727,-0.296665333242)) ;
#3009=IFCCARTESIANPOINT((0.00641855920285,0.594568705982,-0.296912464829)) ;
#3010=IFCCARTESIANPOINT((0.00635944382122,0.594135768199,-0.297)) ;
#3011=IFCCARTESIANPOINT((0.0063,0.5937,-0.297)) ;
#3022=IFCCARTESIANPOINT((0.0063,0.5937,-0.2937)) ;
#3027=IFCCARTESIANPOINT((0.592992893219,0.597,-0.2937)) ;
#3030=IFCCARTESIANPOINT((0.592992893219,0.597,-0.2937)) ;
#3034=IFCCARTESIANPOINT((0.5937,0.5937,-0.297)) ;
#3035=IFCCARTESIANPOINT((0.59367027809,0.593917884097,-0.297)) ;
#3036=IFCCARTESIANPOINT((0.593641043803,0.594132161504,-0.296978628062)) ;
#3037=IFCCARTESIANPOINT((0.593582427421,0.59455365089,-0.29689490934)) ;
#3038=IFCCARTESIANPOINT((0.593552734004,0.594762985521,-0.296831586619)) ;
#3039=IFCCARTESIANPOINT((0.593493730383,0.595162604735,-0.296666068165)) ;
#3040=IFCCARTESIANPOINT((0.593464561745,0.595352087768,-0.296564788713)) ;
#3041=IFCCARTESIANPOINT((0.593405791452,0.595710509696,-0.296325692123)) ;
#3042=IFCCARTESIANPOINT((0.593375969607,0.595880362143,-0.296186434372)) ;
#3043=IFCCARTESIANPOINT((0.593317242868,0.596184887419,-0.295882124991)) ;
#3044=IFCCARTESIANPOINT((0.593288066238,0.596321440481,-0.295716172574)) ;
#3045=IFCCARTESIANPOINT((0.59322898418,0.5965624523,-0.295356281641)) ;
#3046=IFCCARTESIANPOINT((0.593199361946,0.596665333242,-0.295163879727)) ;
#3047=IFCCARTESIANPOINT((0.593111452422,0.596912464829,-0.294568705982)) ;
#3048=IFCCARTESIANPOINT((0.59305233704,0.597,-0.294135768199)) ;
#3049=IFCCARTESIANPOINT((0.592992893219,0.597,-0.2937)) ;
#3052=IFCCARTESIANPOINT((0.5937,0.5937,-0.297)) ;
#3065=IFCCARTESIANPOINT((0.0063,0.5937,-0.2937)) ;
#3070=IFCCARTESIANPOINT((0.5937,0.5937,-0.3)) ;
#3071=IFCCARTESIANPOINT((0.593670277601,0.594115967389,-0.3)) ;
#3072=IFCCARTESIANPOINT((0.593641046035,0.594525004823,-0.299959204486)) ;
#3073=IFCCARTESIANPOINT((0.593597081454,0.595128532663,-0.299839329187)) ;
#3074=IFCCARTESIANPOINT((0.593582407671,0.595328024943,-0.29978951822)) ;
#3075=IFCCARTESIANPOINT((0.593552878016,0.595723556354,-0.299669750167)) ;
#3076=IFCCARTESIANPOINT((0.593537974246,0.595920178599,-0.299599440622)) ;
#3077=IFCCARTESIANPOINT((0.593493734437,0.596492191393,-0.299362511623)) ;
#3078=IFCCARTESIANPOINT((0.593464568853,0.596853904296,-0.299169199272)) ;
#3079=IFCCARTESIANPOINT((0.593405779148,0.597538387723,-0.298712587423)) ;
#3080=IFCCARTESIANPOINT((0.593375961564,0.597862588347,-0.298446748879)) ;
#3081=IFCCARTESIANPOINT((0.593317253438,0.598443772149,-0.297865980373)) ;
#3082=IFCCARTESIANPOINT((0.593288072555,0.59870453433,-0.297549140457)) ;
#3083=IFCCARTESIANPOINT((0.593243721419,0.59904990476,-0.297033366255)) ;
#3084=IFCCARTESIANPOINT((0.593228833886,0.599157256621,-0.296854496402)) ;
#3085=IFCCARTESIANPOINT((0.59319937343,0.599351804967,-0.296490985129)) ;
#3086=IFCCARTESIANPOINT((0.593184717313,0.599439682853,-0.296305394511)) ;
#3087=IFCCARTESIANPOINT((0.593140765481,0.599675575461,-0.295737316167)) ;
#3088=IFCCARTESIANPOINT((0.593111343172,0.599796501168,-0.295341645957)) ;
#3089=IFCCARTESIANPOINT((0.593052021781,0.599959199561,-0.294527495493)) ;
#3090=IFCCARTESIANPOINT((0.593022615618,0.6,-0.29411596739)) ;
#3091=IFCCARTESIANPOINT((0.592992893219,0.6,-0.2937)) ;
#3092=IFCCARTESIANPOINT((0.592992893219,0.6,-0.2937)) ;
#3096=IFCCARTESIANPOINT((0.592992893219,0.6,-0.2937)) ;
#3101=IFCCARTESIANPOINT((0.5937,0.5937,-0.3)) ;
#3114=IFCCARTESIANPOINT((0.5937,0.0063,-0.2937)) ;
#3119=IFCCARTESIANPOINT((0.0063,0.0063,-0.3)) ;
#3120=IFCCARTESIANPOINT((0.006329722399,0.00588403261084,-0.3)) ;
#3121=IFCCARTESIANPOINT((0.00635895396451,0.00547499517744,-0.299959204486)) ;
#3122=IFCCARTESIANPOINT((0.00640291854563,0.00487146733671,-0.299839329187)) ;
#3123=IFCCARTESIANPOINT((0.00641759232933,0.0046719750571,-0.29978951822)) ;
#3124=IFCCARTESIANPOINT((0.00644712198387,0.0042764436464,-0.299669750167)) ;
#3125=IFCCARTESIANPOINT((0.00646202575382,0.0040798214015,-0.299599440622)) ;
#3126=IFCCARTESIANPOINT((0.00650626556322,0.00350780860693,-0.299362511623)) ;
#3127=IFCCARTESIANPOINT((0.00653543114702,0.00314609570434,-0.299169199272)) ;
#3128=IFCCARTESIANPOINT((0.00659422085241,0.00246161227724,-0.298712587423)) ;
#3129=IFCCARTESIANPOINT((0.00662403843562,0.00213741165288,-0.298446748879)) ;
#3130=IFCCARTESIANPOINT((0.00668274656166,0.00155622785103,-0.297865980373)) ;
#3131=IFCCARTESIANPOINT((0.00671192744502,0.00129546567022,-0.297549140457)) ;
#3132=IFCCARTESIANPOINT((0.00675627858062,0.000950095240487,-0.297033366255)) ;
#3133=IFCCARTESIANPOINT((0.00677116611352,0.00084274337936,-0.296854496402)) ;
#3134=IFCCARTESIANPOINT((0.00680062657016,0.000648195032788,-0.296490985129)) ;
#3135=IFCCARTESIANPOINT((0.00681528268698,0.00056031714673,-0.296305394511)) ;
#3136=IFCCARTESIANPOINT((0.00685923451889,0.000324424538745,-0.295737316167)) ;
#3137=IFCCARTESIANPOINT((0.00688865682794,0.000203498832196,-0.295341645957)) ;
#3138=IFCCARTESIANPOINT((0.00694797821868,4.08004389111E-05,-0.294527495493)) ;
#3139=IFCCARTESIANPOINT((0.0069773843821,-1.1323512898E-17,-0.29411596739)) ;
#3140=IFCCARTESIANPOINT((0.00700710678119,-1.12757025938E-17,-0.2937)) ;
#3141=IFCCARTESIANPOINT((0.0063,0.0063,-0.3)) ;
#3145=IFCCARTESIANPOINT((0.00700710678119,-1.12757025938E-17,-0.2937)) ;
#3148=IFCCARTESIANPOINT((0.592992893219,-1.13274990821E-17,-0.2937)) ;
#3152=IFCCARTESIANPOINT((0.592992893219,-1.12757025938E-17,-0.2937)) ;
#3153=IFCCARTESIANPOINT((0.593022615618,-1.12786672092E-17,-0.294115967389)) ;
#3154=IFCCARTESIANPOINT((0.593051847183,4.07955142325E-05,-0.294525004823)) ;
#3155=IFCCARTESIANPOINT((0.593095811764,0.000160670812875,-0.295128532663)) ;
#3156=IFCCARTESIANPOINT((0.593110485548,0.000210481779634,-0.295328024943)) ;
#3157=IFCCARTESIANPOINT((0.593140015203,0.000330249833143,-0.295723556354)) ;
#3158=IFCCARTESIANPOINT((0.593154918973,0.000400559377705,-0.295920178599)) ;
#3159=IFCCARTESIANPOINT((0.593199158782,0.000637488376561,-0.296492191393)) ;
#3160=IFCCARTESIANPOINT((0.593228324366,0.000830800727758,-0.296853904296)) ;
#3161=IFCCARTESIANPOINT((0.593287114071,0.00128741257678,-0.297538387723)) ;
#3162=IFCCARTESIANPOINT((0.593316931654,0.00155325112106,-0.297862588347)) ;
#3163=IFCCARTESIANPOINT((0.59337563978,0.00213401962727,-0.298443772149)) ;
#3164=IFCCARTESIANPOINT((0.593404820664,0.00245085954297,-0.29870453433)) ;
#3165=IFCCARTESIANPOINT((0.593449171799,0.00296663374453,-0.29904990476)) ;
#3166=IFCCARTESIANPOINT((0.593464059332,0.00314550359759,-0.299157256621)) ;
#3167=IFCCARTESIANPOINT((0.593493519789,0.00350901487125,-0.299351804967)) ;
#3168=IFCCARTESIANPOINT((0.593508175906,0.00369460548898,-0.299439682853)) ;
#3169=IFCCARTESIANPOINT((0.593552127738,0.00426268383318,-0.299675575461)) ;
#3170=IFCCARTESIANPOINT((0.593581550047,0.00465835404328,-0.299796501168)) ;
#3171=IFCCARTESIANPOINT((0.593640871437,0.00547250450714,-0.299959199561)) ;
#3172=IFCCARTESIANPOINT((0.593670277601,0.00588403260975,-0.3)) ;
#3173=IFCCARTESIANPOINT((0.5937,0.0063,-0.3)) ;
#3174=IFCCARTESIANPOINT((0.5937,0.0063,-0.3)) ;
#3178=IFCCARTESIANPOINT((0.0063,0.0063,-0.3)) ;
#3191=IFCCARTESIANPOINT((0.5937,0.0063,-0.2937)) ;
#3196=IFCCARTESIANPOINT((0.592992893219,0.003,-0.2937)) ;
#3197=IFCCARTESIANPOINT((0.593022615129,0.003,-0.293917884097)) ;
#3198=IFCCARTESIANPOINT((0.593051849415,0.00302137193846,-0.294132161504)) ;
#3199=IFCCARTESIANPOINT((0.593110465798,0.00310509066015,-0.29455365089)) ;
#3200=IFCCARTESIANPOINT((0.593140159215,0.00316841338112,-0.294762985521)) ;
#3201=IFCCARTESIANPOINT((0.593199162836,0.00333393183508,-0.295162604735)) ;
#3202=IFCCARTESIANPOINT((0.593228331474,0.00343521128652,-0.295352087768)) ;
#3203=IFCCARTESIANPOINT((0.593287101767,0.0036743078766,-0.295710509696)) ;
#3204=IFCCARTESIANPOINT((0.593316923612,0.00381356562799,-0.295880362143)) ;
#3205=IFCCARTESIANPOINT((0.593375650351,0.00411787500869,-0.296184887419)) ;
#3206=IFCCARTESIANPOINT((0.593404826981,0.00428382742569,-0.296321440481)) ;
#3207=IFCCARTESIANPOINT((0.593463909039,0.00464371835901,-0.2965624523)) ;
#3208=IFCCARTESIANPOINT((0.593493531273,0.00483612027332,-0.296665333242)) ;
#3209=IFCCARTESIANPOINT((0.593581440797,0.00543129401753,-0.296912464829)) ;
#3210=IFCCARTESIANPOINT((0.593640556179,0.00586423180051,-0.297)) ;
#3211=IFCCARTESIANPOINT((0.5937,0.0063,-0.297)) ;
#3212=IFCCARTESIANPOINT((0.592992893219,0.003,-0.2937)) ;
#3214=IFCCARTESIANPOINT((0.5937,0.0063,-0.297)) ;
#3218=IFCCARTESIANPOINT((0.00700710678119,0.003,-0.2937)) ;
#3223=IFCCARTESIANPOINT((0.0063,0.0063,-0.297)) ;
#3224=IFCCARTESIANPOINT((0.0063297219103,0.00608211590254,-0.297)) ;
#3225=IFCCARTESIANPOINT((0.00635895619667,0.00586783849581,-0.296978628062)) ;
#3226=IFCCARTESIANPOINT((0.00641757257917,0.00544634911011,-0.29689490934)) ;
#3227=IFCCARTESIANPOINT((0.00644726599633,0.00523701447938,-0.296831586619)) ;
#3228=IFCCARTESIANPOINT((0.00650626961741,0.00483739526541,-0.296666068165)) ;
#3229=IFCCARTESIANPOINT((0.00653543825518,0.00464791223246,-0.296564788713)) ;
#3230=IFCCARTESIANPOINT((0.00659420854821,0.00428949030401,-0.296325692123)) ;
#3231=IFCCARTESIANPOINT((0.00662403039327,0.00411963785706,-0.296186434372)) ;
#3232=IFCCARTESIANPOINT((0.00668275713245,0.00381511258143,-0.295882124991)) ;
#3233=IFCCARTESIANPOINT((0.00671193376176,0.00367855951892,-0.295716172574)) ;
#3234=IFCCARTESIANPOINT((0.00677101581999,0.0034375476998,-0.295356281641)) ;
#3235=IFCCARTESIANPOINT((0.00680063805424,0.00333466675811,-0.295163879727)) ;
#3236=IFCCARTESIANPOINT((0.00688854757833,0.00308753517145,-0.294568705982)) ;
#3237=IFCCARTESIANPOINT((0.00694766295997,0.003,-0.294135768199)) ;
#3238=IFCCARTESIANPOINT((0.00700710678119,0.003,-0.2937)) ;
#3239=IFCCARTESIANPOINT((0.0063,0.0063,-0.297)) ;
#3243=IFCCARTESIANPOINT((0.0063,0.0063,-0.297)) ;
#3256=IFCCARTESIANPOINT((0.5937,1.27082039325,-0.2937)) ;
#3261=IFCCARTESIANPOINT((0.5937,0.5937,-0.3)) ;
#3267=IFCCARTESIANPOINT((0.5937,0.0063,-0.2937)) ;
#3272=IFCCARTESIANPOINT((0.6,0.5937,-0.2937)) ;
#3285=IFCCARTESIANPOINT((0.0063,1.27082039325,-0.2937)) ;
#3290=IFCCARTESIANPOINT((3.20131886677E-17,0.5937,-0.2937)) ;
#3296=IFCCARTESIANPOINT((0.0063,0.0063,-0.2937)) ;
#3301=IFCCARTESIANPOINT((0.0063,0.5937,-0.3)) ;
#3315=IFCCARTESIANPOINT((0.5937,0.0063,-0.2937)) ;
#3319=IFCCARTESIANPOINT((0.5937,0.0063,-0.297)) ;
#3325=IFCCARTESIANPOINT((0.5937,0.0063,-0.2937)) ;
#3330=IFCCARTESIANPOINT((0.597,0.0063,-0.2937)) ;
#3344=IFCCARTESIANPOINT((0.6,1.27082039325,-0.3)) ;
#3348=IFCCARTESIANPOINT((0.6,0.5937,-1.66533453694E-16)) ;
#3362=IFCCARTESIANPOINT((0.6,1.27082039325,-1.66533453694E-16)) ;
#3366=IFCCARTESIANPOINT((0.597,0.0063,-1.66533453694E-16)) ;
#3371=IFCCARTESIANPOINT((0.597,0.5937,-1.66533453694E-16)) ;
#3385=IFCCARTESIANPOINT((0.597,1.27082039325,-0.3)) ;
#3389=IFCCARTESIANPOINT((0.597,0.5937,-0.2937)) ;
#3402=IFCCARTESIANPOINT((0.5937,1.27082039325,-0.2937)) ;
#3407=IFCCARTESIANPOINT((0.5937,0.5937,-0.297)) ;
#3421=IFCCARTESIANPOINT((3.40801500326E-17,1.27082039325,-0.297)) ;
#3425=IFCCARTESIANPOINT((0.0063,0.5937,-0.297)) ;
#3438=IFCCARTESIANPOINT((0.0063,1.27082039325,-0.2937)) ;
#3444=IFCCARTESIANPOINT((0.0063,0.0063,-0.2937)) ;
#3449=IFCCARTESIANPOINT((0.003,0.5937,-0.2937)) ;
#3463=IFCCARTESIANPOINT((0.003,1.27082039325,-0.3)) ;
#3467=IFCCARTESIANPOINT((0.003,0.5937,0.)) ;
#3481=IFCCARTESIANPOINT((0.003,1.27082039325,0.)) ;
#3485=IFCCARTESIANPOINT((1.21430643318E-17,0.5937,9.01471469258E-20)) ;
#3490=IFCCARTESIANPOINT((0.003,0.5937,0.)) ;
#3504=IFCCARTESIANPOINT((3.26923712518E-17,1.27082039325,-0.3)) ;
#3517=IFCCARTESIANPOINT((0.0063,0.0063,-0.2937)) ;
#3521=IFCCARTESIANPOINT((0.0063,0.0063,-0.297)) ;
#3534=IFCCARTESIANPOINT((0.0063,0.0063,-0.300018572042)) ;
#3535=IFCCARTESIANPOINT((0.00635893613612,0.00547275248122,-0.300018572042)) ;
#3536=IFCCARTESIANPOINT((0.0064178511302,0.00464612713579,-0.299854116525)) ;
#3537=IFCCARTESIANPOINT((0.0065357022604,0.00311784719072,-0.299221082244)) ;
#3538=IFCCARTESIANPOINT((0.00659462782549,0.00241694227656,-0.298752752553)) ;
#3539=IFCCARTESIANPOINT((0.00671247895569,0.00124724744657,-0.297583057723)) ;
#3540=IFCCARTESIANPOINT((0.00677140452079,0.000778917755712,-0.296882152809)) ;
#3541=IFCCARTESIANPOINT((0.00688925565099,0.000145883475361,-0.295353872864)) ;
#3542=IFCCARTESIANPOINT((0.00694817064507,-1.8572042175E-05,-0.294527247519)) ;
#3543=IFCCARTESIANPOINT((0.00700710678119,-1.8572042175E-05,-0.2937)) ;
#3544=IFCCARTESIANPOINT((0.0063,0.0063,-0.3)) ;
#3545=IFCCARTESIANPOINT((0.00635893613525,0.0054751839983,-0.3)) ;
#3546=IFCCARTESIANPOINT((0.0064178511302,0.00465098832854,-0.299836027863)) ;
#3547=IFCCARTESIANPOINT((0.0065357022604,0.00312720042366,-0.299204854247)) ;
#3548=IFCCARTESIANPOINT((0.00659462782549,0.00242835566416,-0.298737901107)) ;
#3549=IFCCARTESIANPOINT((0.00671247895569,0.00126209889289,-0.297571644336)) ;
#3550=IFCCARTESIANPOINT((0.00677140452079,0.000795145753368,-0.296872799576)) ;
#3551=IFCCARTESIANPOINT((0.00688925565099,0.00016397213699,-0.295349011671)) ;
#3552=IFCCARTESIANPOINT((0.00694817064594,-5.29960057013E-17,-0.294524816002)) ;
#3553=IFCCARTESIANPOINT((0.00700710678119,-1.12757025938E-17,-0.2937)) ;
#3554=IFCCARTESIANPOINT((0.0063,0.0063,-0.297)) ;
#3555=IFCCARTESIANPOINT((0.00635893599513,0.00586795455008,-0.297)) ;
#3556=IFCCARTESIANPOINT((0.0064178511302,0.00543623198161,-0.296914109833)) ;
#3557=IFCCARTESIANPOINT((0.0065357022604,0.00463805736478,-0.296583495082)) ;
#3558=IFCCARTESIANPOINT((0.00659462782549,0.00427199582408,-0.29633890058)) ;
#3559=IFCCARTESIANPOINT((0.00671247895569,0.00366109942009,-0.295728004176)) ;
#3560=IFCCARTESIANPOINT((0.00677140452079,0.00341650491843,-0.295361942635)) ;
#3561=IFCCARTESIANPOINT((0.00688925565099,0.00308589016699,-0.294563768018)) ;
#3562=IFCCARTESIANPOINT((0.00694817078605,0.003,-0.29413204545)) ;
#3563=IFCCARTESIANPOINT((0.00700710678119,0.003,-0.2937)) ;
#3564=IFCCARTESIANPOINT((0.0063,0.0063,-0.296981883918)) ;
#3565=IFCCARTESIANPOINT((0.00635893599429,0.00587032637128,-0.296981883918)) ;
#3566=IFCCARTESIANPOINT((0.0064178511302,0.00544097382782,-0.296896465264)) ;
#3567=IFCCARTESIANPOINT((0.0065357022604,0.00464718096765,-0.296567665495)) ;
#3568=IFCCARTESIANPOINT((0.00659462782549,0.00428312900301,-0.29632441375)) ;
#3569=IFCCARTESIANPOINT((0.00671247895569,0.00367558625038,-0.295716870997)) ;
#3570=IFCCARTESIANPOINT((0.00677140452079,0.00343233450451,-0.295352819032)) ;
#3571=IFCCARTESIANPOINT((0.00688925565099,0.00310353473611,-0.294559026172)) ;
#3572=IFCCARTESIANPOINT((0.0069481707869,0.00301811608225,-0.294129673629)) ;
#3573=IFCCARTESIANPOINT((0.00700710678119,0.00301811608225,-0.2937)) ;
#3583=IFCCARTESIANPOINT((0.592992893219,-1.85720421751E-05,-0.2937)) ;
#3584=IFCCARTESIANPOINT((0.593051829355,-1.8572042175E-05,-0.294527247519)) ;
#3585=IFCCARTESIANPOINT((0.593110744349,0.000145883475361,-0.295353872864)) ;
#3586=IFCCARTESIANPOINT((0.593228595479,0.000778917755712,-0.296882152809)) ;
#3587=IFCCARTESIANPOINT((0.593287521044,0.00124724744657,-0.297583057723)) ;
#3588=IFCCARTESIANPOINT((0.593405372175,0.00241694227656,-0.298752752553)) ;
#3589=IFCCARTESIANPOINT((0.59346429774,0.00311784719072,-0.299221082244)) ;
#3590=IFCCARTESIANPOINT((0.59358214887,0.00464612713579,-0.299854116525)) ;
#3591=IFCCARTESIANPOINT((0.593641063864,0.00547275248122,-0.300018572042)) ;
#3592=IFCCARTESIANPOINT((0.5937,0.0063,-0.300018572042)) ;
#3593=IFCCARTESIANPOINT((0.592992893219,-1.12757025938E-17,-0.2937)) ;
#3594=IFCCARTESIANPOINT((0.593051829354,1.64736827445E-17,-0.294524816002)) ;
#3595=IFCCARTESIANPOINT((0.593110744349,0.00016397213699,-0.295349011671)) ;
#3596=IFCCARTESIANPOINT((0.593228595479,0.000795145753368,-0.296872799576)) ;
#3597=IFCCARTESIANPOINT((0.593287521044,0.00126209889289,-0.297571644336)) ;
#3598=IFCCARTESIANPOINT((0.593405372175,0.00242835566416,-0.298737901107)) ;
#3599=IFCCARTESIANPOINT((0.59346429774,0.00312720042366,-0.299204854247)) ;
#3600=IFCCARTESIANPOINT((0.59358214887,0.00465098832854,-0.299836027863)) ;
#3601=IFCCARTESIANPOINT((0.593641063865,0.0054751839983,-0.3)) ;
#3602=IFCCARTESIANPOINT((0.5937,0.0063,-0.3)) ;
#3603=IFCCARTESIANPOINT((0.592992893219,0.003,-0.2937)) ;
#3604=IFCCARTESIANPOINT((0.593051829214,0.003,-0.29413204545)) ;
#3605=IFCCARTESIANPOINT((0.593110744349,0.00308589016699,-0.294563768018)) ;
#3606=IFCCARTESIANPOINT((0.593228595479,0.00341650491843,-0.295361942635)) ;
#3607=IFCCARTESIANPOINT((0.593287521044,0.00366109942009,-0.295728004176)) ;
#3608=IFCCARTESIANPOINT((0.593405372175,0.00427199582408,-0.29633890058)) ;
#3609=IFCCARTESIANPOINT((0.59346429774,0.00463805736478,-0.296583495082)) ;
#3610=IFCCARTESIANPOINT((0.59358214887,0.00543623198161,-0.296914109833)) ;
#3611=IFCCARTESIANPOINT((0.593641064005,0.00586795455008,-0.297)) ;
#3612=IFCCARTESIANPOINT((0.5937,0.0063,-0.297)) ;
#3613=IFCCARTESIANPOINT((0.592992893219,0.00301811608225,-0.2937)) ;
#3614=IFCCARTESIANPOINT((0.593051829213,0.00301811608225,-0.294129673629)) ;
#3615=IFCCARTESIANPOINT((0.593110744349,0.00310353473611,-0.294559026172)) ;
#3616=IFCCARTESIANPOINT((0.593228595479,0.00343233450451,-0.295352819032)) ;
#3617=IFCCARTESIANPOINT((0.593287521044,0.00367558625038,-0.295716870997)) ;
#3618=IFCCARTESIANPOINT((0.593405372175,0.00428312900301,-0.29632441375)) ;
#3619=IFCCARTESIANPOINT((0.59346429774,0.00464718096765,-0.296567665495)) ;
#3620=IFCCARTESIANPOINT((0.59358214887,0.00544097382782,-0.296896465264)) ;
#3621=IFCCARTESIANPOINT((0.593641064006,0.00587032637128,-0.296981883918)) ;
#3622=IFCCARTESIANPOINT((0.5937,0.0063,-0.296981883918)) ;
#3624=IFCCARTESIANPOINT((0.592992893219,0.003,-0.2937)) ;
#3638=IFCCARTESIANPOINT((0.0063,-3.38704758684E-16,-0.2)) ;
#3642=IFCCARTESIANPOINT((0.100707106781,0.003,-0.2)) ;
#3645=IFCCARTESIANPOINT((0.499292893219,0.003,-0.2)) ;
#3649=IFCCARTESIANPOINT((0.499292893219,0.003,-0.2)) ;
#3652=IFCCARTESIANPOINT((0.499292893219,-3.38634689997E-16,-0.2)) ;
#3656=IFCCARTESIANPOINT((0.499292893219,-3.38634689997E-16,-0.2)) ;
#3670=IFCCARTESIANPOINT((0.173369233312,-1.47811067825E-15,0.125923659907)) ;
#3674=IFCCARTESIANPOINT((0.499292893219,-3.38634689997E-16,-0.2)) ;
#3679=IFCCARTESIANPOINT((0.499292893219,0.003,-0.2)) ;
#3693=IFCCARTESIANPOINT((0.223824165872,-7.70704829743E-16,-0.0754687273467)) ;
#3697=IFCCARTESIANPOINT((0.1,-3.38739793028E-16,-0.199292893219)) ;
#3700=IFCCARTESIANPOINT((0.1,-3.38739793028E-16,-0.199292893219)) ;
#3704=IFCCARTESIANPOINT((0.1,0.003,-0.199292893219)) ;
#3707=IFCCARTESIANPOINT((0.1,0.003,-0.199292893219)) ;
#3711=IFCCARTESIANPOINT((0.1,0.003,-0.199292893219)) ;
#3724=IFCCARTESIANPOINT((0.600018572042,0.0063,-0.2937)) ;
#3725=IFCCARTESIANPOINT((0.600018572042,0.00547275248122,-0.293641063864)) ;
#3726=IFCCARTESIANPOINT((0.599854116525,0.00464612713579,-0.29358214887)) ;
#3727=IFCCARTESIANPOINT((0.599221082244,0.00311784719072,-0.29346429774)) ;
#3728=IFCCARTESIANPOINT((0.598752752553,0.00241694227656,-0.293405372175)) ;
#3729=IFCCARTESIANPOINT((0.597583057723,0.00124724744657,-0.293287521044)) ;
#3730=IFCCARTESIANPOINT((0.596882152809,0.000778917755712,-0.293228595479)) ;
#3731=IFCCARTESIANPOINT((0.595353872864,0.000145883475361,-0.293110744349)) ;
#3732=IFCCARTESIANPOINT((0.594527247519,-1.8572042175E-05,-0.293051829355)) ;
#3733=IFCCARTESIANPOINT((0.5937,-1.8572042175E-05,-0.292992893219)) ;
#3734=IFCCARTESIANPOINT((0.6,0.0063,-0.2937)) ;
#3735=IFCCARTESIANPOINT((0.6,0.0054751839983,-0.293641063865)) ;
#3736=IFCCARTESIANPOINT((0.599836027863,0.00465098832854,-0.29358214887)) ;
#3737=IFCCARTESIANPOINT((0.599204854247,0.00312720042366,-0.29346429774)) ;
#3738=IFCCARTESIANPOINT((0.598737901107,0.00242835566416,-0.293405372175)) ;
#3739=IFCCARTESIANPOINT((0.597571644336,0.00126209889289,-0.293287521044)) ;
#3740=IFCCARTESIANPOINT((0.596872799576,0.000795145753368,-0.293228595479)) ;
#3741=IFCCARTESIANPOINT((0.595349011671,0.00016397213699,-0.293110744349)) ;
#3742=IFCCARTESIANPOINT((0.594524816002,-1.13021578106E-17,-0.293051829354)) ;
#3743=IFCCARTESIANPOINT((0.5937,-1.12757025938E-17,-0.292992893219)) ;
#3744=IFCCARTESIANPOINT((0.597,0.0063,-0.2937)) ;
#3745=IFCCARTESIANPOINT((0.597,0.00586795455008,-0.293641064005)) ;
#3746=IFCCARTESIANPOINT((0.596914109833,0.00543623198161,-0.29358214887)) ;
#3747=IFCCARTESIANPOINT((0.596583495082,0.00463805736478,-0.29346429774)) ;
#3748=IFCCARTESIANPOINT((0.59633890058,0.00427199582408,-0.293405372175)) ;
#3749=IFCCARTESIANPOINT((0.595728004176,0.00366109942009,-0.293287521044)) ;
#3750=IFCCARTESIANPOINT((0.595361942635,0.00341650491843,-0.293228595479)) ;
#3751=IFCCARTESIANPOINT((0.594563768018,0.00308589016699,-0.293110744349)) ;
#3752=IFCCARTESIANPOINT((0.59413204545,0.003,-0.293051829214)) ;
#3753=IFCCARTESIANPOINT((0.5937,0.003,-0.292992893219)) ;
#3754=IFCCARTESIANPOINT((0.596981883918,0.0063,-0.2937)) ;
#3755=IFCCARTESIANPOINT((0.596981883918,0.00587032637128,-0.293641064006)) ;
#3756=IFCCARTESIANPOINT((0.596896465264,0.00544097382782,-0.29358214887)) ;
#3757=IFCCARTESIANPOINT((0.596567665495,0.00464718096765,-0.29346429774)) ;
#3758=IFCCARTESIANPOINT((0.59632441375,0.00428312900301,-0.293405372175)) ;
#3759=IFCCARTESIANPOINT((0.595716870997,0.00367558625038,-0.293287521044)) ;
#3760=IFCCARTESIANPOINT((0.595352819032,0.00343233450451,-0.293228595479)) ;
#3761=IFCCARTESIANPOINT((0.594559026172,0.00310353473611,-0.293110744349)) ;
#3762=IFCCARTESIANPOINT((0.594129673629,0.00301811608225,-0.293051829213)) ;
#3763=IFCCARTESIANPOINT((0.5937,0.00301811608225,-0.292992893219)) ;
#3765=IFCCARTESIANPOINT((0.5937,-1.12757025938E-17,-0.292992893219)) ;
#3779=IFCCARTESIANPOINT((0.5937,0.0063,-1.65117060918E-16)) ;
#3783=IFCCARTESIANPOINT((0.5937,-1.13012233241E-17,-1.65117060918E-16)) ;
#3797=IFCCARTESIANPOINT((0.5937,-1.14456692672E-17,-0.292992893219)) ;
#3801=IFCCARTESIANPOINT((0.5,-3.38611131215E-16,-0.199292893219)) ;
#3804=IFCCARTESIANPOINT((0.5,0.003,-0.199292893219)) ;
#3808=IFCCARTESIANPOINT((0.5937,0.003,-0.292992893219)) ;
#3822=IFCCARTESIANPOINT((3.26923712518E-17,1.27082039325,-0.3)) ;
#3834=IFCCARTESIANPOINT((-1.85720421749E-05,0.5937,-0.2937)) ;
#3835=IFCCARTESIANPOINT((-1.85720421749E-05,0.594527247519,-0.293641063864)) ;
#3836=IFCCARTESIANPOINT((0.000145883475361,0.595353872864,-0.29358214887)) ;
#3837=IFCCARTESIANPOINT((0.000778917755712,0.596882152809,-0.29346429774)) ;
#3838=IFCCARTESIANPOINT((0.00124724744657,0.597583057723,-0.293405372175)) ;
#3839=IFCCARTESIANPOINT((0.00241694227656,0.598752752553,-0.293287521044)) ;
#3840=IFCCARTESIANPOINT((0.00311784719072,0.599221082244,-0.293228595479)) ;
#3841=IFCCARTESIANPOINT((0.00464612713579,0.599854116525,-0.293110744349)) ;
#3842=IFCCARTESIANPOINT((0.00547275248122,0.600018572042,-0.293051829355)) ;
#3843=IFCCARTESIANPOINT((0.0063,0.600018572042,-0.292992893219)) ;
#3844=IFCCARTESIANPOINT((1.21430643318E-17,0.5937,-0.2937)) ;
#3845=IFCCARTESIANPOINT((1.21202563541E-17,0.594524816002,-0.293641063865)) ;
#3846=IFCCARTESIANPOINT((0.00016397213699,0.595349011671,-0.29358214887)) ;
#3847=IFCCARTESIANPOINT((0.000795145753368,0.596872799576,-0.29346429774)) ;
#3848=IFCCARTESIANPOINT((0.00126209889289,0.597571644336,-0.293405372175)) ;
#3849=IFCCARTESIANPOINT((0.00242835566416,0.598737901107,-0.293287521044)) ;
#3850=IFCCARTESIANPOINT((0.00312720042366,0.599204854247,-0.293228595479)) ;
#3851=IFCCARTESIANPOINT((0.00465098832854,0.599836027863,-0.293110744349)) ;
#3852=IFCCARTESIANPOINT((0.0054751839983,0.6,-0.293051829354)) ;
#3853=IFCCARTESIANPOINT((0.0063,0.6,-0.292992893219)) ;
#3854=IFCCARTESIANPOINT((0.003,0.5937,-0.2937)) ;
#3855=IFCCARTESIANPOINT((0.003,0.59413204545,-0.293641064005)) ;
#3856=IFCCARTESIANPOINT((0.00308589016699,0.594563768018,-0.29358214887)) ;
#3857=IFCCARTESIANPOINT((0.00341650491843,0.595361942635,-0.29346429774)) ;
#3858=IFCCARTESIANPOINT((0.00366109942009,0.595728004176,-0.293405372175)) ;
#3859=IFCCARTESIANPOINT((0.00427199582408,0.59633890058,-0.293287521044)) ;
#3860=IFCCARTESIANPOINT((0.00463805736478,0.596583495082,-0.293228595479)) ;
#3861=IFCCARTESIANPOINT((0.00543623198161,0.596914109833,-0.293110744349)) ;
#3862=IFCCARTESIANPOINT((0.00586795455008,0.597,-0.293051829214)) ;
#3863=IFCCARTESIANPOINT((0.0063,0.597,-0.292992893219)) ;
#3864=IFCCARTESIANPOINT((0.00301811608225,0.5937,-0.2937)) ;
#3865=IFCCARTESIANPOINT((0.00301811608225,0.594129673629,-0.293641064006)) ;
#3866=IFCCARTESIANPOINT((0.00310353473611,0.594559026172,-0.29358214887)) ;
#3867=IFCCARTESIANPOINT((0.00343233450451,0.595352819032,-0.29346429774)) ;
#3868=IFCCARTESIANPOINT((0.00367558625038,0.595716870997,-0.293405372175)) ;
#3869=IFCCARTESIANPOINT((0.00428312900301,0.59632441375,-0.293287521044)) ;
#3870=IFCCARTESIANPOINT((0.00464718096765,0.596567665495,-0.293228595479)) ;
#3871=IFCCARTESIANPOINT((0.00544097382782,0.596896465264,-0.293110744349)) ;
#3872=IFCCARTESIANPOINT((0.00587032637128,0.596981883918,-0.293051829213)) ;
#3873=IFCCARTESIANPOINT((0.0063,0.596981883918,-0.292992893219)) ;
#3884=IFCCARTESIANPOINT((0.0063,0.5937,9.01471469258E-20)) ;
#3896=IFCCARTESIANPOINT((0.5937,0.5937,-0.300018572042)) ;
#3897=IFCCARTESIANPOINT((0.593641063864,0.594527247519,-0.300018572042)) ;
#3898=IFCCARTESIANPOINT((0.59358214887,0.595353872864,-0.299854116525)) ;
#3899=IFCCARTESIANPOINT((0.59346429774,0.596882152809,-0.299221082244)) ;
#3900=IFCCARTESIANPOINT((0.593405372175,0.597583057723,-0.298752752553)) ;
#3901=IFCCARTESIANPOINT((0.593287521044,0.598752752553,-0.297583057723)) ;
#3902=IFCCARTESIANPOINT((0.593228595479,0.599221082244,-0.296882152809)) ;
#3903=IFCCARTESIANPOINT((0.593110744349,0.599854116525,-0.295353872864)) ;
#3904=IFCCARTESIANPOINT((0.593051829355,0.600018572042,-0.294527247519)) ;
#3905=IFCCARTESIANPOINT((0.592992893219,0.600018572042,-0.2937)) ;
#3906=IFCCARTESIANPOINT((0.5937,0.5937,-0.3)) ;
#3907=IFCCARTESIANPOINT((0.593641063865,0.594524816002,-0.3)) ;
#3908=IFCCARTESIANPOINT((0.59358214887,0.595349011671,-0.299836027863)) ;
#3909=IFCCARTESIANPOINT((0.59346429774,0.596872799576,-0.299204854247)) ;
#3910=IFCCARTESIANPOINT((0.593405372175,0.597571644336,-0.298737901107)) ;
#3911=IFCCARTESIANPOINT((0.593287521044,0.598737901107,-0.297571644336)) ;
#3912=IFCCARTESIANPOINT((0.593228595479,0.599204854247,-0.296872799576)) ;
#3913=IFCCARTESIANPOINT((0.593110744349,0.599836027863,-0.295349011671)) ;
#3914=IFCCARTESIANPOINT((0.593051829354,0.6,-0.294524816002)) ;
#3915=IFCCARTESIANPOINT((0.592992893219,0.6,-0.2937)) ;
#3916=IFCCARTESIANPOINT((0.5937,0.5937,-0.297)) ;
#3917=IFCCARTESIANPOINT((0.593641064005,0.59413204545,-0.297)) ;
#3918=IFCCARTESIANPOINT((0.59358214887,0.594563768018,-0.296914109833)) ;
#3919=IFCCARTESIANPOINT((0.59346429774,0.595361942635,-0.296583495082)) ;
#3920=IFCCARTESIANPOINT((0.593405372175,0.595728004176,-0.29633890058)) ;
#3921=IFCCARTESIANPOINT((0.593287521044,0.59633890058,-0.295728004176)) ;
#3922=IFCCARTESIANPOINT((0.593228595479,0.596583495082,-0.295361942635)) ;
#3923=IFCCARTESIANPOINT((0.593110744349,0.596914109833,-0.294563768018)) ;
#3924=IFCCARTESIANPOINT((0.593051829214,0.597,-0.29413204545)) ;
#3925=IFCCARTESIANPOINT((0.592992893219,0.597,-0.2937)) ;
#3926=IFCCARTESIANPOINT((0.5937,0.5937,-0.296981883918)) ;
#3927=IFCCARTESIANPOINT((0.593641064006,0.594129673629,-0.296981883918)) ;
#3928=IFCCARTESIANPOINT((0.59358214887,0.594559026172,-0.296896465264)) ;
#3929=IFCCARTESIANPOINT((0.59346429774,0.595352819032,-0.296567665495)) ;
#3930=IFCCARTESIANPOINT((0.593405372175,0.595716870997,-0.29632441375)) ;
#3931=IFCCARTESIANPOINT((0.593287521044,0.59632441375,-0.295716870997)) ;
#3932=IFCCARTESIANPOINT((0.593228595479,0.596567665495,-0.295352819032)) ;
#3933=IFCCARTESIANPOINT((0.593110744349,0.596896465264,-0.294559026172)) ;
#3934=IFCCARTESIANPOINT((0.593051829213,0.596981883918,-0.294129673629)) ;
#3935=IFCCARTESIANPOINT((0.592992893219,0.596981883918,-0.2937)) ;
#3937=IFCCARTESIANPOINT((0.592992893219,0.6,-0.2937)) ;
#3951=IFCCARTESIANPOINT((-8.55648594751E-31,0.6,-1.81083610557E-15)) ;
#3955=IFCCARTESIANPOINT((0.592992893219,0.6,-0.2937)) ;
#3958=IFCCARTESIANPOINT((0.559292893219,0.6,-0.26)) ;
#3962=IFCCARTESIANPOINT((0.0407071067812,0.6,-0.26)) ;
#3976=IFCCARTESIANPOINT((-8.50699254899E-31,0.597,-1.80036166155E-15)) ;
#3980=IFCCARTESIANPOINT((0.592992893219,0.597,-0.2937)) ;
#3983=IFCCARTESIANPOINT((0.559292893219,0.597,-0.26)) ;
#3987=IFCCARTESIANPOINT((0.559292893219,0.597,-0.26)) ;
#4001=IFCCARTESIANPOINT((0.5937,0.6,-0.26)) ;
#4005=IFCCARTESIANPOINT((0.559292893219,0.6,-0.26)) ;
#4019=IFCCARTESIANPOINT((0.592992893219,0.6,-0.2937)) ;
#4032=IFCCARTESIANPOINT((1.81083610557E-15,0.6,0.)) ;
#4036=IFCCARTESIANPOINT((0.56,0.6,0.)) ;
#4039=IFCCARTESIANPOINT((0.56,0.6,0.)) ;
#4043=IFCCARTESIANPOINT((0.56,0.6,-0.259292893219)) ;
#4046=IFCCARTESIANPOINT((0.56,0.6,-0.259292893219)) ;
#4050=IFCCARTESIANPOINT((0.56,0.6,-0.259292893219)) ;
#4064=IFCCARTESIANPOINT((1.80036166155E-15,0.597,0.)) ;
#4068=IFCCARTESIANPOINT((0.5937,0.597,-1.66533453694E-16)) ;
#4071=IFCCARTESIANPOINT((0.56,0.597,0.)) ;
#4075=IFCCARTESIANPOINT((0.56,0.597,-0.259292893219)) ;
#4078=IFCCARTESIANPOINT((0.56,0.597,-0.259292893219)) ;
#4082=IFCCARTESIANPOINT((0.56,0.597,0.)) ;
#4096=IFCCARTESIANPOINT((0.56,0.6,0.)) ;
#4100=IFCCARTESIANPOINT((0.56,0.6,0.)) ;
#4105=IFCCARTESIANPOINT((0.56,0.597,-0.259292893219)) ;
#4119=IFCCARTESIANPOINT((0.597,0.6,-1.66533453694E-16)) ;
#4132=IFCCARTESIANPOINT((0.385146019606,0.6,-0.0844389128244)) ;
#4144=IFCCARTESIANPOINT((0.03,0.01,-0.1)) ;
#4150=IFCCARTESIANPOINT((0.03,3.49148133884E-16,-0.1)) ;
#4153=IFCCARTESIANPOINT((0.03,3.70097021917E-16,-0.106)) ;
#4155=IFCCARTESIANPOINT((0.03,3.28199245851E-16,-0.094)) ;
#4159=IFCCARTESIANPOINT((0.03,0.003,-0.106)) ;
#4162=IFCCARTESIANPOINT((0.03,0.003,-0.106)) ;
#4167=IFCCARTESIANPOINT((0.03,0.003,-0.1)) ;
#4170=IFCCARTESIANPOINT((0.03,0.003,-0.094)) ;
#4174=IFCCARTESIANPOINT((0.03,0.003,-0.094)) ;
#4187=IFCCARTESIANPOINT((0.075,0.01,-0.1)) ;
#4193=IFCCARTESIANPOINT((0.075,3.49148133884E-16,-0.1)) ;
#4196=IFCCARTESIANPOINT((0.075,3.70097021917E-16,-0.106)) ;
#4198=IFCCARTESIANPOINT((0.075,3.28199245851E-16,-0.094)) ;
#4202=IFCCARTESIANPOINT((0.075,0.003,-0.106)) ;
#4205=IFCCARTESIANPOINT((0.075,0.003,-0.106)) ;
#4210=IFCCARTESIANPOINT((0.075,0.003,-0.1)) ;
#4213=IFCCARTESIANPOINT((0.075,0.003,-0.094)) ;
#4217=IFCCARTESIANPOINT((0.075,0.003,-0.094)) ;
#4230=IFCCARTESIANPOINT((0.075,0.01,-0.15)) ;
#4236=IFCCARTESIANPOINT((0.075,3.49148133884E-16,-0.15)) ;
#4239=IFCCARTESIANPOINT((0.075,3.70097021917E-16,-0.156)) ;
#4241=IFCCARTESIANPOINT((0.075,3.28199245851E-16,-0.144)) ;
#4245=IFCCARTESIANPOINT((0.075,0.003,-0.156)) ;
#4248=IFCCARTESIANPOINT((0.075,0.003,-0.156)) ;
#4253=IFCCARTESIANPOINT((0.075,0.003,-0.15)) ;
#4256=IFCCARTESIANPOINT((0.075,0.003,-0.144)) ;
#4260=IFCCARTESIANPOINT((0.075,0.003,-0.144)) ;
#4273=IFCCARTESIANPOINT((0.03,0.01,-0.2)) ;
#4279=IFCCARTESIANPOINT((0.03,3.49148133884E-16,-0.2)) ;
#4282=IFCCARTESIANPOINT((0.03,3.70097021917E-16,-0.206)) ;
#4284=IFCCARTESIANPOINT((0.03,3.28199245851E-16,-0.194)) ;
#4288=IFCCARTESIANPOINT((0.03,0.003,-0.206)) ;
#4291=IFCCARTESIANPOINT((0.03,0.003,-0.206)) ;
#4296=IFCCARTESIANPOINT((0.03,0.003,-0.2)) ;
#4299=IFCCARTESIANPOINT((0.03,0.003,-0.194)) ;
#4303=IFCCARTESIANPOINT((0.03,0.003,-0.194)) ;
#4316=IFCCARTESIANPOINT((0.075,0.01,-0.2)) ;
#4322=IFCCARTESIANPOINT((0.075,3.49148133884E-16,-0.2)) ;
#4325=IFCCARTESIANPOINT((0.075,3.70097021917E-16,-0.206)) ;
#4327=IFCCARTESIANPOINT((0.075,3.28199245851E-16,-0.194)) ;
#4331=IFCCARTESIANPOINT((0.075,0.003,-0.206)) ;
#4334=IFCCARTESIANPOINT((0.075,0.003,-0.206)) ;
#4339=IFCCARTESIANPOINT((0.075,0.003,-0.2)) ;
#4342=IFCCARTESIANPOINT((0.075,0.003,-0.194)) ;
#4346=IFCCARTESIANPOINT((0.075,0.003,-0.194)) ;
#4359=IFCCARTESIANPOINT((0.03,0.01,-0.15)) ;
#4365=IFCCARTESIANPOINT((0.03,3.49148133884E-16,-0.15)) ;
#4368=IFCCARTESIANPOINT((0.03,3.70097021917E-16,-0.156)) ;
#4370=IFCCARTESIANPOINT((0.03,3.28199245851E-16,-0.144)) ;
#4374=IFCCARTESIANPOINT((0.03,0.003,-0.156)) ;
#4377=IFCCARTESIANPOINT((0.03,0.003,-0.156)) ;
#4382=IFCCARTESIANPOINT((0.03,0.003,-0.15)) ;
#4385=IFCCARTESIANPOINT((0.03,0.003,-0.144)) ;
#4389=IFCCARTESIANPOINT((0.03,0.003,-0.144)) ;
#4403=IFCCARTESIANPOINT((0.499,0.01,-0.0049)) ;
#4407=IFCCARTESIANPOINT((0.53,0.003,-0.0049)) ;
#4410=IFCCARTESIANPOINT((0.53,0.003,-0.0049)) ;
#4414=IFCCARTESIANPOINT((0.5,-1.74574066942E-15,-0.0049)) ;
#4417=IFCCARTESIANPOINT((0.5,0.003,-0.0049)) ;
#4421=IFCCARTESIANPOINT((0.53,0.003,-0.0049)) ;
#4435=IFCCARTESIANPOINT((0.53,0.01,-0.0049)) ;
#4439=IFCCARTESIANPOINT((0.53,0.003,-5.15051918641E-17)) ;
#4442=IFCCARTESIANPOINT((0.53,0.003,-5.15051918641E-17)) ;
#4446=IFCCARTESIANPOINT((0.53,0.003,-5.15051918641E-17)) ;
#4460=IFCCARTESIANPOINT((0.07,0.01,-0.0049)) ;
#4464=IFCCARTESIANPOINT((0.1,0.003,-0.0049)) ;
#4467=IFCCARTESIANPOINT((0.1,0.003,-0.0049)) ;
#4469=IFCCARTESIANPOINT((0.1,-3.49148133884E-16,-0.0049)) ;
#4473=IFCCARTESIANPOINT((0.07,-2.44403693719E-16,-0.0049)) ;
#4476=IFCCARTESIANPOINT((0.07,-2.44403693719E-16,-0.0049)) ;
#4480=IFCCARTESIANPOINT((0.07,0.003,-0.0049)) ;
#4483=IFCCARTESIANPOINT((0.07,0.003,-0.0049)) ;
#4487=IFCCARTESIANPOINT((0.1,0.003,-0.0049)) ;
#4501=IFCCARTESIANPOINT((0.07,0.01,0.0001)) ;
#4505=IFCCARTESIANPOINT((0.07,-2.44403693719E-16,9.10729824888E-18)) ;
#4508=IFCCARTESIANPOINT((0.07,-2.44403693719E-16,9.10729824888E-18)) ;
#4512=IFCCARTESIANPOINT((0.07,-2.44403693719E-16,9.10729824888E-18)) ;
#4515=IFCCARTESIANPOINT((0.07,0.003,7.44547220233E-18)) ;
#4519=IFCCARTESIANPOINT((0.07,0.003,-0.0049)) ;
#4533=IFCCARTESIANPOINT((-4.94933985244E-33,-1.03693095777E-15,-1.04744440165E-17)) ;
#4544=IFCCARTESIANPOINT((0.3,6.83206086203E-16,-0.27)) ;
#4547=IFCCARTESIANPOINT((0.3,6.62489002844E-16,-0.264)) ;
#4549=IFCCARTESIANPOINT((0.3,7.03923169562E-16,-0.276)) ;
#4554=IFCCARTESIANPOINT((0.3,6.83206086203E-16,-0.27)) ;
#4564=IFCCARTESIANPOINT((0.1,5.27827961012E-16,-0.225)) ;
#4567=IFCCARTESIANPOINT((0.1,5.07110877653E-16,-0.219)) ;
#4569=IFCCARTESIANPOINT((0.1,5.48545044371E-16,-0.231)) ;
#4574=IFCCARTESIANPOINT((0.1,5.27827961012E-16,-0.225)) ;
#4584=IFCCARTESIANPOINT((0.1,6.83206086203E-16,-0.27)) ;
#4587=IFCCARTESIANPOINT((0.1,6.62489002844E-16,-0.264)) ;
#4589=IFCCARTESIANPOINT((0.1,7.03923169562E-16,-0.276)) ;
#4594=IFCCARTESIANPOINT((0.1,6.83206086203E-16,-0.27)) ;
#4604=IFCCARTESIANPOINT((0.3,5.27827961012E-16,-0.225)) ;
#4607=IFCCARTESIANPOINT((0.3,5.07110877653E-16,-0.219)) ;
#4609=IFCCARTESIANPOINT((0.3,5.48545044371E-16,-0.231)) ;
#4614=IFCCARTESIANPOINT((0.3,5.27827961012E-16,-0.225)) ;
#4624=IFCCARTESIANPOINT((0.5,5.27827961012E-16,-0.225)) ;
#4627=IFCCARTESIANPOINT((0.5,5.07110877653E-16,-0.219)) ;
#4629=IFCCARTESIANPOINT((0.5,5.48545044371E-16,-0.231)) ;
#4634=IFCCARTESIANPOINT((0.5,5.27827961012E-16,-0.225)) ;
#4644=IFCCARTESIANPOINT((0.5,6.83206086203E-16,-0.27)) ;
#4647=IFCCARTESIANPOINT((0.5,6.62489002844E-16,-0.264)) ;
#4649=IFCCARTESIANPOINT((0.5,7.03923169562E-16,-0.276)) ;
#4654=IFCCARTESIANPOINT((0.5,6.83206086203E-16,-0.27)) ;
#4666=IFCCARTESIANPOINT((-1.71077224571E-45,0.003,-3.62056125603E-30)) ;
#4677=IFCCARTESIANPOINT((0.3,0.003,-0.27)) ;
#4680=IFCCARTESIANPOINT((0.3,0.003,-0.264)) ;
#4682=IFCCARTESIANPOINT((0.3,0.003,-0.276)) ;
#4687=IFCCARTESIANPOINT((0.3,0.003,-0.27)) ;
#4697=IFCCARTESIANPOINT((0.1,0.003,-0.225)) ;
#4700=IFCCARTESIANPOINT((0.1,0.003,-0.219)) ;
#4702=IFCCARTESIANPOINT((0.1,0.003,-0.231)) ;
#4707=IFCCARTESIANPOINT((0.1,0.003,-0.225)) ;
#4717=IFCCARTESIANPOINT((0.1,0.003,-0.27)) ;
#4720=IFCCARTESIANPOINT((0.1,0.003,-0.264)) ;
#4722=IFCCARTESIANPOINT((0.1,0.003,-0.276)) ;
#4727=IFCCARTESIANPOINT((0.1,0.003,-0.27)) ;
#4737=IFCCARTESIANPOINT((0.3,0.003,-0.225)) ;
#4740=IFCCARTESIANPOINT((0.3,0.003,-0.219)) ;
#4742=IFCCARTESIANPOINT((0.3,0.003,-0.231)) ;
#4747=IFCCARTESIANPOINT((0.3,0.003,-0.225)) ;
#4757=IFCCARTESIANPOINT((0.5,0.003,-0.225)) ;
#4760=IFCCARTESIANPOINT((0.5,0.003,-0.219)) ;
#4762=IFCCARTESIANPOINT((0.5,0.003,-0.231)) ;
#4767=IFCCARTESIANPOINT((0.5,0.003,-0.225)) ;
#4777=IFCCARTESIANPOINT((0.5,0.003,-0.27)) ;
#4780=IFCCARTESIANPOINT((0.5,0.003,-0.264)) ;
#4782=IFCCARTESIANPOINT((0.5,0.003,-0.276)) ;
#4787=IFCCARTESIANPOINT((0.5,0.003,-0.27)) ;
#4799=IFCCARTESIANPOINT((-1.04744440165E-17,1.04083408559E-17,-1.12906815384E-33)) ;
#4803=IFCCARTESIANPOINT((0.07,-2.44403693719E-16,9.10729824888E-18)) ;
#4808=IFCCARTESIANPOINT((0.1,-3.38739793028E-16,-0.199292893219)) ;
#4822=IFCCARTESIANPOINT((0.03,3.49148133884E-16,-0.15)) ;
#4832=IFCCARTESIANPOINT((0.075,3.49148133884E-16,-0.2)) ;
#4842=IFCCARTESIANPOINT((0.03,3.49148133884E-16,-0.2)) ;
#4852=IFCCARTESIANPOINT((0.075,3.49148133884E-16,-0.15)) ;
#4862=IFCCARTESIANPOINT((0.075,3.49148133884E-16,-0.1)) ;
#4872=IFCCARTESIANPOINT((0.03,3.49148133884E-16,-0.1)) ;
#4884=IFCCARTESIANPOINT((3.65713258185E-32,0.003,3.94212038941E-48)) ;
#4888=IFCCARTESIANPOINT((0.0063,0.003,0.)) ;
#4893=IFCCARTESIANPOINT((0.1,0.003,-0.0049)) ;
#4907=IFCCARTESIANPOINT((0.03,0.003,-0.15)) ;
#4917=IFCCARTESIANPOINT((0.075,0.003,-0.2)) ;
#4927=IFCCARTESIANPOINT((0.03,0.003,-0.2)) ;
#4937=IFCCARTESIANPOINT((0.075,0.003,-0.15)) ;
#4947=IFCCARTESIANPOINT((0.075,0.003,-0.1)) ;
#4957=IFCCARTESIANPOINT((0.03,0.003,-0.1)) ;
#4969=IFCCARTESIANPOINT((0.1,-3.38704758684E-16,1.07792657258E-17)) ;
#4982=IFCCARTESIANPOINT((0.003,0.,-1.12906815384E-33)) ;
#4995=IFCCARTESIANPOINT((7.27769383788E-30,0.003,0.)) ;
#4999=IFCCARTESIANPOINT((0.5,0.003,-0.199292893219)) ;
#5004=IFCCARTESIANPOINT((0.53,0.003,-5.15051918641E-17)) ;
#5018=IFCCARTESIANPOINT((0.57,0.003,-0.15)) ;
#5021=IFCCARTESIANPOINT((0.57,0.003,-0.144)) ;
#5023=IFCCARTESIANPOINT((0.57,0.003,-0.156)) ;
#5028=IFCCARTESIANPOINT((0.57,0.003,-0.15)) ;
#5038=IFCCARTESIANPOINT((0.525,0.003,-0.2)) ;
#5041=IFCCARTESIANPOINT((0.525,0.003,-0.194)) ;
#5043=IFCCARTESIANPOINT((0.525,0.003,-0.206)) ;
#5048=IFCCARTESIANPOINT((0.525,0.003,-0.2)) ;
#5058=IFCCARTESIANPOINT((0.57,0.003,-0.2)) ;
#5061=IFCCARTESIANPOINT((0.57,0.003,-0.194)) ;
#5063=IFCCARTESIANPOINT((0.57,0.003,-0.206)) ;
#5068=IFCCARTESIANPOINT((0.57,0.003,-0.2)) ;
#5078=IFCCARTESIANPOINT((0.525,0.003,-0.15)) ;
#5081=IFCCARTESIANPOINT((0.525,0.003,-0.144)) ;
#5083=IFCCARTESIANPOINT((0.525,0.003,-0.156)) ;
#5088=IFCCARTESIANPOINT((0.525,0.003,-0.15)) ;
#5098=IFCCARTESIANPOINT((0.525,0.003,-0.1)) ;
#5101=IFCCARTESIANPOINT((0.525,0.003,-0.094)) ;
#5103=IFCCARTESIANPOINT((0.525,0.003,-0.106)) ;
#5108=IFCCARTESIANPOINT((0.525,0.003,-0.1)) ;
#5118=IFCCARTESIANPOINT((0.57,0.003,-0.1)) ;
#5121=IFCCARTESIANPOINT((0.57,0.003,-0.094)) ;
#5123=IFCCARTESIANPOINT((0.57,0.003,-0.106)) ;
#5128=IFCCARTESIANPOINT((0.57,0.003,-0.1)) ;
#5140=IFCCARTESIANPOINT((0.5,-3.38704758684E-16,-0.2937)) ;
#5153=IFCCARTESIANPOINT((0.5,-3.38704758684E-16,0.)) ;
#5165=IFCCARTESIANPOINT((0.5,0.01,-0.27)) ;
#5170=IFCCARTESIANPOINT((0.5,0.003,-0.276)) ;
#5175=IFCCARTESIANPOINT((0.5,0.003,-0.264)) ;
#5188=IFCCARTESIANPOINT((0.5,0.01,-0.225)) ;
#5193=IFCCARTESIANPOINT((0.5,0.003,-0.231)) ;
#5198=IFCCARTESIANPOINT((0.5,0.003,-0.219)) ;
#5211=IFCCARTESIANPOINT((0.3,0.01,-0.225)) ;
#5216=IFCCARTESIANPOINT((0.3,0.003,-0.231)) ;
#5221=IFCCARTESIANPOINT((0.3,0.003,-0.219)) ;
#5234=IFCCARTESIANPOINT((0.1,0.01,-0.27)) ;
#5239=IFCCARTESIANPOINT((0.1,0.003,-0.276)) ;
#5244=IFCCARTESIANPOINT((0.1,0.003,-0.264)) ;
#5257=IFCCARTESIANPOINT((0.1,0.01,-0.225)) ;
#5262=IFCCARTESIANPOINT((0.1,0.003,-0.231)) ;
#5267=IFCCARTESIANPOINT((0.1,0.003,-0.219)) ;
#5280=IFCCARTESIANPOINT((0.3,0.01,-0.27)) ;
#5285=IFCCARTESIANPOINT((0.3,0.003,-0.276)) ;
#5290=IFCCARTESIANPOINT((0.3,0.003,-0.264)) ;
#5303=IFCCARTESIANPOINT((0.57,0.01,-0.1)) ;
#5308=IFCCARTESIANPOINT((0.57,0.003,-0.106)) ;
#5313=IFCCARTESIANPOINT((0.57,0.003,-0.094)) ;
#5326=IFCCARTESIANPOINT((0.525,0.01,-0.1)) ;
#5331=IFCCARTESIANPOINT((0.525,0.003,-0.106)) ;
#5336=IFCCARTESIANPOINT((0.525,0.003,-0.094)) ;
#5349=IFCCARTESIANPOINT((0.525,0.01,-0.15)) ;
#5354=IFCCARTESIANPOINT((0.525,0.003,-0.156)) ;
#5359=IFCCARTESIANPOINT((0.525,0.003,-0.144)) ;
#5372=IFCCARTESIANPOINT((0.57,0.01,-0.2)) ;
#5377=IFCCARTESIANPOINT((0.57,0.003,-0.206)) ;
#5382=IFCCARTESIANPOINT((0.57,0.003,-0.194)) ;
#5395=IFCCARTESIANPOINT((0.525,0.01,-0.2)) ;
#5400=IFCCARTESIANPOINT((0.525,0.003,-0.206)) ;
#5405=IFCCARTESIANPOINT((0.525,0.003,-0.194)) ;
#5418=IFCCARTESIANPOINT((0.57,0.01,-0.15)) ;
#5423=IFCCARTESIANPOINT((0.57,0.003,-0.156)) ;
#5428=IFCCARTESIANPOINT((0.57,0.003,-0.144)) ;
#5441=IFCCARTESIANPOINT((0.03,0.01,-0.1)) ;
#5454=IFCCARTESIANPOINT((0.075,0.01,-0.1)) ;
#5467=IFCCARTESIANPOINT((0.075,0.01,-0.15)) ;
#5480=IFCCARTESIANPOINT((0.03,0.01,-0.2)) ;
#5493=IFCCARTESIANPOINT((0.075,0.01,-0.2)) ;
#5506=IFCCARTESIANPOINT((0.03,0.01,-0.15)) ;
#5519=IFCCARTESIANPOINT((0.5,0.01,-0.27)) ;
#5532=IFCCARTESIANPOINT((0.5,0.01,-0.225)) ;
#5545=IFCCARTESIANPOINT((0.3,0.01,-0.225)) ;
#5558=IFCCARTESIANPOINT((0.1,0.01,-0.27)) ;
#5571=IFCCARTESIANPOINT((0.1,0.01,-0.225)) ;
#5584=IFCCARTESIANPOINT((0.3,0.01,-0.27)) ;
#5597=IFCCARTESIANPOINT((0.57,0.01,-0.1)) ;
#5610=IFCCARTESIANPOINT((0.525,0.01,-0.1)) ;
#5623=IFCCARTESIANPOINT((0.525,0.01,-0.15)) ;
#5636=IFCCARTESIANPOINT((0.57,0.01,-0.2)) ;
#5649=IFCCARTESIANPOINT((0.525,0.01,-0.2)) ;
#5662=IFCCARTESIANPOINT((0.57,0.01,-0.15)) ;
#5690=IFCCARTESIANPOINT((0.,0.,0.)) ;
#16=IFCDIRECTION((0.,0.,1.)) ;
#17=IFCDIRECTION((1.,0.,0.)) ;
#141=IFCDIRECTION((-0.,1.,-0.)) ;
#142=IFCDIRECTION((0.,0.,1.)) ;
#147=IFCDIRECTION((0.,-1.,0.)) ;
#148=IFCDIRECTION((0.,0.,-1.)) ;
#157=IFCDIRECTION((0.,-1.,0.)) ;
#164=IFCDIRECTION((0.,-1.,0.)) ;
#165=IFCDIRECTION((0.,0.,-1.)) ;
#172=IFCDIRECTION((0.,-1.,0.)) ;
#188=IFCDIRECTION((-0.,1.,-0.)) ;
#189=IFCDIRECTION((0.,0.,1.)) ;
#194=IFCDIRECTION((0.,-1.,0.)) ;
#203=IFCDIRECTION((0.,-1.,0.)) ;
#204=IFCDIRECTION((0.,0.,-1.)) ;
#211=IFCDIRECTION((0.,-1.,0.)) ;
#218=IFCDIRECTION((0.,-1.,0.)) ;
#219=IFCDIRECTION((0.,0.,-1.)) ;
#231=IFCDIRECTION((-0.,1.,-0.)) ;
#232=IFCDIRECTION((0.,0.,1.)) ;
#237=IFCDIRECTION((0.,-1.,0.)) ;
#246=IFCDIRECTION((0.,-1.,0.)) ;
#247=IFCDIRECTION((0.,0.,-1.)) ;
#254=IFCDIRECTION((0.,-1.,0.)) ;
#261=IFCDIRECTION((0.,-1.,0.)) ;
#262=IFCDIRECTION((0.,0.,-1.)) ;
#275=IFCDIRECTION((-1.,0.,0.)) ;
#276=IFCDIRECTION((0.,0.,1.)) ;
#280=IFCDIRECTION((0.,1.,0.)) ;
#289=IFCDIRECTION((0.,0.,1.)) ;
#294=IFCDIRECTION((0.,0.,1.)) ;
#307=IFCDIRECTION((-1.,0.,0.)) ;
#308=IFCDIRECTION((0.,0.,1.)) ;
#312=IFCDIRECTION((0.,0.,1.)) ;
#317=IFCDIRECTION((0.,0.,1.)) ;
#330=IFCDIRECTION((-1.,0.,0.)) ;
#331=IFCDIRECTION((0.,0.,1.)) ;
#335=IFCDIRECTION((0.,0.,1.)) ;
#344=IFCDIRECTION((0.,1.,0.)) ;
#351=IFCDIRECTION((1.36955018268E-30,0.,1.)) ;
#358=IFCDIRECTION((4.10865054803E-30,1.,0.)) ;
#371=IFCDIRECTION((1.,0.,0.)) ;
#372=IFCDIRECTION((0.,0.,-1.)) ;
#376=IFCDIRECTION((0.,1.,0.)) ;
#385=IFCDIRECTION((0.,0.,-1.)) ;
#392=IFCDIRECTION((0.,1.,0.)) ;
#399=IFCDIRECTION((0.,0.,-1.)) ;
#412=IFCDIRECTION((8.64456564104E-17,0.,1.)) ;
#413=IFCDIRECTION((1.,0.,-8.64456564104E-17)) ;
#417=IFCDIRECTION((0.,1.,0.)) ;
#426=IFCDIRECTION((1.,0.,-8.64456564104E-17)) ;
#433=IFCDIRECTION((0.,1.,0.)) ;
#440=IFCDIRECTION((1.,0.,-8.64456564104E-17)) ;
#453=IFCDIRECTION((-1.,0.,0.)) ;
#454=IFCDIRECTION((0.,0.,1.)) ;
#458=IFCDIRECTION((0.,1.,0.)) ;
#467=IFCDIRECTION((0.,0.,1.)) ;
#474=IFCDIRECTION((0.,-1.,0.)) ;
#481=IFCDIRECTION((0.,0.,1.)) ;
#494=IFCDIRECTION((0.,0.,-1.)) ;
#495=IFCDIRECTION((-1.,0.,0.)) ;
#499=IFCDIRECTION((-1.,0.,0.)) ;
#506=IFCDIRECTION((0.,-1.,0.)) ;
#513=IFCDIRECTION((-1.,0.,0.)) ;
#526=IFCDIRECTION((-1.,0.,0.)) ;
#527=IFCDIRECTION((0.,0.,1.)) ;
#531=IFCDIRECTION((0.,-1.,0.)) ;
#540=IFCDIRECTION((0.,0.,1.)) ;
#547=IFCDIRECTION((0.,-1.,0.)) ;
#554=IFCDIRECTION((0.,0.,1.)) ;
#567=IFCDIRECTION((-1.,0.,0.)) ;
#568=IFCDIRECTION((0.,0.,1.)) ;
#572=IFCDIRECTION((0.,-1.,0.)) ;
#581=IFCDIRECTION((0.,0.,1.)) ;
#588=IFCDIRECTION((0.,-1.,0.)) ;
#595=IFCDIRECTION((0.,0.,1.)) ;
#608=IFCDIRECTION((-1.,0.,0.)) ;
#609=IFCDIRECTION((0.,0.,1.)) ;
#613=IFCDIRECTION((0.,-1.,0.)) ;
#622=IFCDIRECTION((0.,0.,1.)) ;
#627=IFCDIRECTION((0.,0.,1.)) ;
#639=IFCDIRECTION((-0.,1.,-0.)) ;
#640=IFCDIRECTION((0.,0.,1.)) ;
#645=IFCDIRECTION((0.,-1.,0.)) ;
#646=IFCDIRECTION((0.,0.,-1.)) ;
#651=IFCDIRECTION((0.,-1.,0.)) ;
#652=IFCDIRECTION((0.,0.,-1.)) ;
#664=IFCDIRECTION((-0.,1.,-0.)) ;
#665=IFCDIRECTION((0.,0.,1.)) ;
#670=IFCDIRECTION((0.,-1.,0.)) ;
#671=IFCDIRECTION((0.,0.,-1.)) ;
#676=IFCDIRECTION((0.,-1.,0.)) ;
#677=IFCDIRECTION((0.,0.,-1.)) ;
#689=IFCDIRECTION((-0.,1.,-0.)) ;
#690=IFCDIRECTION((0.,0.,1.)) ;
#695=IFCDIRECTION((0.,-1.,0.)) ;
#696=IFCDIRECTION((0.,0.,-1.)) ;
#701=IFCDIRECTION((0.,-1.,0.)) ;
#702=IFCDIRECTION((0.,0.,-1.)) ;
#714=IFCDIRECTION((-0.,1.,-0.)) ;
#715=IFCDIRECTION((0.,0.,1.)) ;
#720=IFCDIRECTION((0.,-1.,0.)) ;
#721=IFCDIRECTION((0.,0.,-1.)) ;
#730=IFCDIRECTION((0.,-1.,0.)) ;
#737=IFCDIRECTION((0.,-1.,0.)) ;
#738=IFCDIRECTION((0.,0.,-1.)) ;
#745=IFCDIRECTION((0.,-1.,0.)) ;
#757=IFCDIRECTION((-0.,1.,-0.)) ;
#758=IFCDIRECTION((0.,0.,1.)) ;
#763=IFCDIRECTION((0.,-1.,0.)) ;
#764=IFCDIRECTION((0.,0.,-1.)) ;
#773=IFCDIRECTION((0.,-1.,0.)) ;
#780=IFCDIRECTION((0.,-1.,0.)) ;
#781=IFCDIRECTION((0.,0.,-1.)) ;
#788=IFCDIRECTION((0.,-1.,0.)) ;
#800=IFCDIRECTION((-0.,-1.,-0.)) ;
#801=IFCDIRECTION((0.,0.,-1.)) ;
#806=IFCDIRECTION((0.,-1.,0.)) ;
#807=IFCDIRECTION((0.,0.,-1.)) ;
#812=IFCDIRECTION((0.,1.,0.)) ;
#813=IFCDIRECTION((0.,0.,1.)) ;
#825=IFCDIRECTION((-0.,-1.,-0.)) ;
#826=IFCDIRECTION((0.,0.,-1.)) ;
#831=IFCDIRECTION((0.,1.,0.)) ;
#832=IFCDIRECTION((0.,0.,1.)) ;
#841=IFCDIRECTION((0.,1.,0.)) ;
#848=IFCDIRECTION((0.,-1.,0.)) ;
#849=IFCDIRECTION((0.,0.,-1.)) ;
#856=IFCDIRECTION((0.,1.,0.)) ;
#869=IFCDIRECTION((0.,0.,-1.)) ;
#870=IFCDIRECTION((-1.,0.,0.)) ;
#874=IFCDIRECTION((0.,1.,0.)) ;
#883=IFCDIRECTION((-1.,0.,0.)) ;
#890=IFCDIRECTION((0.,1.,0.)) ;
#897=IFCDIRECTION((1.,0.,0.)) ;
#909=IFCDIRECTION((-0.,-1.,-0.)) ;
#910=IFCDIRECTION((0.,0.,-1.)) ;
#915=IFCDIRECTION((0.,1.,0.)) ;
#916=IFCDIRECTION((0.,0.,1.)) ;
#923=IFCDIRECTION((0.,1.,0.)) ;
#930=IFCDIRECTION((0.,-1.,0.)) ;
#931=IFCDIRECTION((0.,0.,-1.)) ;
#944=IFCDIRECTION((0.,0.,1.)) ;
#945=IFCDIRECTION((1.,0.,0.)) ;
#949=IFCDIRECTION((1.,0.,0.)) ;
#956=IFCDIRECTION((0.,1.,0.)) ;
#963=IFCDIRECTION((-1.,0.,0.)) ;
#975=IFCDIRECTION((-0.,-1.,-0.)) ;
#976=IFCDIRECTION((0.,0.,-1.)) ;
#981=IFCDIRECTION((0.,1.,0.)) ;
#982=IFCDIRECTION((0.,0.,1.)) ;
#987=IFCDIRECTION((0.,-1.,0.)) ;
#988=IFCDIRECTION((0.,0.,-1.)) ;
#1000=IFCDIRECTION((-0.,-1.,-0.)) ;
#1001=IFCDIRECTION((0.,0.,-1.)) ;
#1006=IFCDIRECTION((0.,1.,0.)) ;
#1007=IFCDIRECTION((0.,0.,1.)) ;
#1016=IFCDIRECTION((0.,1.,0.)) ;
#1023=IFCDIRECTION((0.,-1.,0.)) ;
#1024=IFCDIRECTION((0.,0.,-1.)) ;
#1031=IFCDIRECTION((0.,1.,0.)) ;
#1043=IFCDIRECTION((-0.,-1.,-0.)) ;
#1044=IFCDIRECTION((0.,0.,-1.)) ;
#1049=IFCDIRECTION((0.,1.,0.)) ;
#1050=IFCDIRECTION((0.,0.,1.)) ;
#1059=IFCDIRECTION((0.,1.,0.)) ;
#1066=IFCDIRECTION((0.,-1.,0.)) ;
#1067=IFCDIRECTION((0.,0.,-1.)) ;
#1074=IFCDIRECTION((0.,1.,0.)) ;
#1086=IFCDIRECTION((-0.,-1.,-0.)) ;
#1087=IFCDIRECTION((0.,0.,-1.)) ;
#1092=IFCDIRECTION((0.,1.,0.)) ;
#1093=IFCDIRECTION((0.,0.,1.)) ;
#1102=IFCDIRECTION((0.,1.,0.)) ;
#1109=IFCDIRECTION((0.,-1.,0.)) ;
#1110=IFCDIRECTION((0.,0.,-1.)) ;
#1117=IFCDIRECTION((0.,1.,0.)) ;
#1130=IFCDIRECTION((0.,-1.,0.)) ;
#1131=IFCDIRECTION((0.,0.,-1.)) ;
#1135=IFCDIRECTION((0.,-1.,0.)) ;
#1136=IFCDIRECTION((0.,0.,-1.)) ;
#1141=IFCDIRECTION((0.,0.,1.)) ;
#1148=IFCDIRECTION((1.,0.,0.)) ;
#1155=IFCDIRECTION((0.,0.,-1.)) ;
#1162=IFCDIRECTION((0.,-1.,0.)) ;
#1163=IFCDIRECTION((0.,0.,-1.)) ;
#1170=IFCDIRECTION((-0.124506223444,0.,-0.992218826834)) ;
#1177=IFCDIRECTION((0.,-1.,0.)) ;
#1178=IFCDIRECTION((0.,0.,-1.)) ;
#1183=IFCDIRECTION((0.,-1.,0.)) ;
#1184=IFCDIRECTION((0.,0.,-1.)) ;
#1189=IFCDIRECTION((0.,-1.,0.)) ;
#1190=IFCDIRECTION((0.,0.,-1.)) ;
#1195=IFCDIRECTION((0.,-1.,0.)) ;
#1196=IFCDIRECTION((0.,0.,-1.)) ;
#1203=IFCDIRECTION((-1.,0.,0.)) ;
#1208=IFCDIRECTION((0.,-1.,0.)) ;
#1209=IFCDIRECTION((0.,0.,-1.)) ;
#1216=IFCDIRECTION((-1.,0.,0.)) ;
#1223=IFCDIRECTION((0.,-1.,0.)) ;
#1224=IFCDIRECTION((0.,0.,-1.)) ;
#1264=IFCDIRECTION((0.,-1.,0.)) ;
#1265=IFCDIRECTION((0.,0.,-1.)) ;
#1274=IFCDIRECTION((0.,-1.,0.)) ;
#1275=IFCDIRECTION((0.,0.,-1.)) ;
#1284=IFCDIRECTION((0.,-1.,0.)) ;
#1285=IFCDIRECTION((0.,0.,-1.)) ;
#1300=IFCDIRECTION((0.,-1.,0.)) ;
#1301=IFCDIRECTION((0.,0.,-1.)) ;
#1312=IFCDIRECTION((0.,-1.,0.)) ;
#1313=IFCDIRECTION((0.,0.,-1.)) ;
#1317=IFCDIRECTION((0.,-1.,0.)) ;
#1318=IFCDIRECTION((0.,0.,-1.)) ;
#1325=IFCDIRECTION((-1.,0.,0.)) ;
#1332=IFCDIRECTION((0.,-1.,0.)) ;
#1333=IFCDIRECTION((0.,0.,-1.)) ;
#1338=IFCDIRECTION((-1.,0.,0.)) ;
#1345=IFCDIRECTION((0.,-1.,0.)) ;
#1346=IFCDIRECTION((0.,0.,-1.)) ;
#1351=IFCDIRECTION((0.,-1.,0.)) ;
#1352=IFCDIRECTION((0.,0.,-1.)) ;
#1357=IFCDIRECTION((0.,-1.,0.)) ;
#1358=IFCDIRECTION((0.,0.,-1.)) ;
#1363=IFCDIRECTION((0.,-1.,0.)) ;
#1364=IFCDIRECTION((0.,0.,-1.)) ;
#1371=IFCDIRECTION((-0.124506223444,0.,-0.992218826834)) ;
#1378=IFCDIRECTION((0.,-1.,0.)) ;
#1379=IFCDIRECTION((0.,0.,-1.)) ;
#1386=IFCDIRECTION((0.,0.,-1.)) ;
#1393=IFCDIRECTION((1.,0.,0.)) ;
#1400=IFCDIRECTION((0.,0.,1.)) ;
#1405=IFCDIRECTION((0.,-1.,0.)) ;
#1406=IFCDIRECTION((0.,0.,-1.)) ;
#1446=IFCDIRECTION((0.,1.,0.)) ;
#1447=IFCDIRECTION((0.,0.,1.)) ;
#1456=IFCDIRECTION((0.,1.,0.)) ;
#1457=IFCDIRECTION((0.,0.,1.)) ;
#1466=IFCDIRECTION((0.,1.,0.)) ;
#1467=IFCDIRECTION((0.,0.,1.)) ;
#1482=IFCDIRECTION((0.,1.,0.)) ;
#1483=IFCDIRECTION((0.,0.,1.)) ;
#1493=IFCDIRECTION((-0.,-1.,-0.)) ;
#1494=IFCDIRECTION((0.,0.,-1.)) ;
#1499=IFCDIRECTION((0.,1.,0.)) ;
#1511=IFCDIRECTION((-0.,-1.,-0.)) ;
#1512=IFCDIRECTION((0.,0.,-1.)) ;
#1524=IFCDIRECTION((-0.,-1.,-0.)) ;
#1525=IFCDIRECTION((0.,0.,-1.)) ;
#1537=IFCDIRECTION((-0.,1.,-0.)) ;
#1538=IFCDIRECTION((0.,0.,1.)) ;
#1543=IFCDIRECTION((0.,1.,0.)) ;
#1555=IFCDIRECTION((-0.,-1.,-0.)) ;
#1556=IFCDIRECTION((0.,0.,-1.)) ;
#1561=IFCDIRECTION((0.,1.,0.)) ;
#1566=IFCDIRECTION((0.,1.,0.)) ;
#1579=IFCDIRECTION((0.,0.,-1.)) ;
#1580=IFCDIRECTION((-1.,0.,0.)) ;
#1584=IFCDIRECTION((0.,-1.,0.)) ;
#1597=IFCDIRECTION((0.,0.,-1.)) ;
#1598=IFCDIRECTION((-1.,0.,0.)) ;
#1602=IFCDIRECTION((0.,-1.,0.)) ;
#1615=IFCDIRECTION((-1.,0.,0.)) ;
#1616=IFCDIRECTION((0.,0.,1.)) ;
#1620=IFCDIRECTION((0.,1.,0.)) ;
#1633=IFCDIRECTION((2.69181229031E-16,0.,1.)) ;
#1634=IFCDIRECTION((1.,0.,-2.69181229031E-16)) ;
#1638=IFCDIRECTION((0.,1.,0.)) ;
#1651=IFCDIRECTION((1.,0.,0.)) ;
#1652=IFCDIRECTION((0.,0.,-1.)) ;
#1664=IFCDIRECTION((0.992218826834,0.,-0.124506223444)) ;
#1665=IFCDIRECTION((-0.124506223444,0.,-0.992218826834)) ;
#1676=IFCDIRECTION((-0.,-1.,-0.)) ;
#1677=IFCDIRECTION((0.,0.,-1.)) ;
#1689=IFCDIRECTION((-0.,-1.,-0.)) ;
#1690=IFCDIRECTION((0.,0.,-1.)) ;
#1702=IFCDIRECTION((-0.,-1.,-0.)) ;
#1703=IFCDIRECTION((0.,0.,-1.)) ;
#1715=IFCDIRECTION((-0.,-1.,-0.)) ;
#1716=IFCDIRECTION((0.,0.,-1.)) ;
#1728=IFCDIRECTION((-0.,1.,-0.)) ;
#1729=IFCDIRECTION((0.,0.,1.)) ;
#1741=IFCDIRECTION((-0.,1.,-0.)) ;
#1742=IFCDIRECTION((0.,0.,1.)) ;
#1754=IFCDIRECTION((-0.,1.,-0.)) ;
#1755=IFCDIRECTION((0.,0.,1.)) ;
#1802=IFCDIRECTION((-3.5E-15,-1.,-1.E-16)) ;
#1803=IFCDIRECTION((1.,-3.5E-15,1.E-16)) ;
#1833=IFCDIRECTION((1.,0.,0.)) ;
#1834=IFCDIRECTION((0.,1.,0.)) ;
#1835=IFCDIRECTION((0.,0.,1.)) ;
#1840=IFCDIRECTION((0.,0.,1.)) ;
#1841=IFCDIRECTION((1.,0.,0.)) ;
#1846=IFCDIRECTION((1.,0.,0.)) ;
#1847=IFCDIRECTION((0.,1.,0.)) ;
#1848=IFCDIRECTION((0.,0.,1.)) ;
#1852=IFCDIRECTION((-0.,-1.,-1.4E-15)) ;
#1853=IFCDIRECTION((-1.,0.,-1.E-16)) ;
#1858=IFCDIRECTION((-0.,-0.,1.)) ;
#1859=IFCDIRECTION((-3.00060276926E-15,-1.,0.)) ;
#1864=IFCDIRECTION((0.,0.,-1.)) ;
#1865=IFCDIRECTION((-1.,0.,0.)) ;
#1874=IFCDIRECTION((0.,0.,-1.)) ;
#1907=IFCDIRECTION((0.,0.,-1.)) ;
#1919=IFCDIRECTION((-0.,-0.,1.)) ;
#1920=IFCDIRECTION((-3.00060276926E-15,-1.,0.)) ;
#1947=IFCDIRECTION((0.,0.,-1.)) ;
#1954=IFCDIRECTION((0.,0.,-1.)) ;
#1955=IFCDIRECTION((-1.,0.,0.)) ;
#1962=IFCDIRECTION((0.,0.,-1.)) ;
#1975=IFCDIRECTION((0.,0.,1.)) ;
#1976=IFCDIRECTION((1.,0.,0.)) ;
#1980=IFCDIRECTION((1.,0.,0.)) ;
#1985=IFCDIRECTION((0.,-1.,0.)) ;
#2039=IFCDIRECTION((1.,0.,0.)) ;
#2044=IFCDIRECTION((0.,1.,0.)) ;
#2057=IFCDIRECTION((-0.707106781187,2.0844179991E-15,0.707106781187)) ;
#2058=IFCDIRECTION((0.707106781187,0.,0.707106781187)) ;
#2062=IFCDIRECTION((6.80936788437E-15,1.,0.)) ;
#2071=IFCDIRECTION((-0.707106781187,0.,-0.707106781187)) ;
#2078=IFCDIRECTION((0.,1.,0.)) ;
#2085=IFCDIRECTION((-0.707106781187,0.,-0.707106781187)) ;
#2098=IFCDIRECTION((0.,1.,0.)) ;
#2099=IFCDIRECTION((0.,0.,1.)) ;
#2103=IFCDIRECTION((0.,0.,-1.)) ;
#2112=IFCDIRECTION((0.,1.,0.)) ;
#2113=IFCDIRECTION((0.,0.,1.)) ;
#2118=IFCDIRECTION((0.,1.,0.)) ;
#2119=IFCDIRECTION((0.,0.,1.)) ;
#2132=IFCDIRECTION((0.,1.,0.)) ;
#2133=IFCDIRECTION((0.,0.,1.)) ;
#2137=IFCDIRECTION((-1.,0.,0.)) ;
#2146=IFCDIRECTION((0.,1.,0.)) ;
#2147=IFCDIRECTION((0.,0.,1.)) ;
#2154=IFCDIRECTION((0.,0.,-1.)) ;
#2161=IFCDIRECTION((0.,1.,0.)) ;
#2162=IFCDIRECTION((0.,0.,1.)) ;
#2174=IFCDIRECTION((-1.3141844515E-16,6.73410105843E-47,1.)) ;
#2175=IFCDIRECTION((3.49148133884E-15,1.,4.5884504882E-31)) ;
#2180=IFCDIRECTION((1.3141844515E-16,0.,-1.)) ;
#2181=IFCDIRECTION((-1.,0.,-1.3141844515E-16)) ;
#2190=IFCDIRECTION((0.,1.58375459177E-18,-1.)) ;
#2223=IFCDIRECTION((1.23765738365E-16,0.,-1.)) ;
#2235=IFCDIRECTION((-1.3141844515E-16,-0.,1.)) ;
#2236=IFCDIRECTION((3.49148133884E-15,1.,4.5884504882E-31)) ;
#2263=IFCDIRECTION((0.,0.,-1.)) ;
#2270=IFCDIRECTION((1.3141844515E-16,0.,-1.)) ;
#2271=IFCDIRECTION((-1.,0.,-1.3141844515E-16)) ;
#2278=IFCDIRECTION((1.19451983582E-16,0.,-1.)) ;
#2291=IFCDIRECTION((-1.3141844515E-16,0.,1.)) ;
#2292=IFCDIRECTION((1.,0.,1.3141844515E-16)) ;
#2296=IFCDIRECTION((-1.,0.,-2.75978734814E-16)) ;
#2301=IFCDIRECTION((0.,1.,9.7925479804E-31)) ;
#2355=IFCDIRECTION((-1.,0.,0.)) ;
#2360=IFCDIRECTION((0.,-1.,0.)) ;
#2373=IFCDIRECTION((-0.707106781187,-2.39843649084E-15,0.707106781187)) ;
#2374=IFCDIRECTION((0.707106781187,0.,0.707106781187)) ;
#2378=IFCDIRECTION((0.,1.,0.)) ;
#2387=IFCDIRECTION((0.707106781187,-2.46891365494E-15,0.707106781187)) ;
#2394=IFCDIRECTION((0.,1.,0.)) ;
#2401=IFCDIRECTION((0.707106781187,-2.56375823029E-15,0.707106781187)) ;
#2413=IFCDIRECTION((-0.,-0.,-1.)) ;
#2414=IFCDIRECTION((-3.49148133884E-15,1.,-0.)) ;
#2447=IFCDIRECTION((0.,-8.71035812463E-20,1.)) ;
#2454=IFCDIRECTION((0.,0.,1.)) ;
#2455=IFCDIRECTION((1.,0.,0.)) ;
#2462=IFCDIRECTION((0.,0.,1.)) ;
#2474=IFCDIRECTION((-0.,-0.,-1.)) ;
#2475=IFCDIRECTION((-3.49148133884E-15,1.,-0.)) ;
#2480=IFCDIRECTION((0.,0.,1.)) ;
#2481=IFCDIRECTION((1.,0.,0.)) ;
#2490=IFCDIRECTION((0.,0.,1.)) ;
#2517=IFCDIRECTION((0.,0.,1.)) ;
#2530=IFCDIRECTION((-3.49148133884E-15,1.,0.)) ;
#2531=IFCDIRECTION((-1.,-3.49148133884E-15,0.)) ;
#2535=IFCDIRECTION((-1.,-3.49268325707E-15,1.78354582502E-15)) ;
#2542=IFCDIRECTION((-0.707106781187,-2.470235873E-15,0.707106781187)) ;
#2549=IFCDIRECTION((0.,7.23858529449E-15,-1.)) ;
#2556=IFCDIRECTION((1.,-3.49148133884E-15,0.)) ;
#2563=IFCDIRECTION((0.,3.29938767916E-13,1.)) ;
#2576=IFCDIRECTION((2.43988276404E-15,-1.,-2.44486689655E-15)) ;
#2577=IFCDIRECTION((0.,2.44486689655E-15,-1.)) ;
#2586=IFCDIRECTION((2.43988276404E-15,-1.,-2.44486689655E-15)) ;
#2587=IFCDIRECTION((0.,2.44486689655E-15,-1.)) ;
#2596=IFCDIRECTION((2.43988276404E-15,-1.,-2.44486689655E-15)) ;
#2597=IFCDIRECTION((0.,2.44486689655E-15,-1.)) ;
#2606=IFCDIRECTION((2.43988276404E-15,-1.,-2.44486689655E-15)) ;
#2607=IFCDIRECTION((0.,2.44486689655E-15,-1.)) ;
#2616=IFCDIRECTION((2.43988276404E-15,-1.,-2.44486689655E-15)) ;
#2617=IFCDIRECTION((0.,2.44486689655E-15,-1.)) ;
#2626=IFCDIRECTION((2.43988276404E-15,-1.,-2.44486689655E-15)) ;
#2627=IFCDIRECTION((0.,2.44486689655E-15,-1.)) ;
#2636=IFCDIRECTION((2.43988276404E-15,-1.,-2.44486689655E-15)) ;
#2637=IFCDIRECTION((0.,2.44486689655E-15,-1.)) ;
#2646=IFCDIRECTION((2.43988276404E-15,-1.,-2.44486689655E-15)) ;
#2647=IFCDIRECTION((0.,2.44486689655E-15,-1.)) ;
#2656=IFCDIRECTION((2.43988276404E-15,-1.,-2.44486689655E-15)) ;
#2657=IFCDIRECTION((0.,2.44486689655E-15,-1.)) ;
#2666=IFCDIRECTION((2.43988276404E-15,-1.,-2.44486689655E-15)) ;
#2667=IFCDIRECTION((0.,2.44486689655E-15,-1.)) ;
#2676=IFCDIRECTION((2.43988276404E-15,-1.,-2.44486689655E-15)) ;
#2677=IFCDIRECTION((0.,2.44486689655E-15,-1.)) ;
#2686=IFCDIRECTION((2.43988276404E-15,-1.,-2.44486689655E-15)) ;
#2687=IFCDIRECTION((0.,2.44486689655E-15,-1.)) ;
#2697=IFCDIRECTION((-0.,-0.,-1.)) ;
#2698=IFCDIRECTION((3.00060276926E-15,-1.,0.)) ;
#2703=IFCDIRECTION((0.,0.,1.)) ;
#2704=IFCDIRECTION((1.,0.,0.)) ;
#2713=IFCDIRECTION((0.,0.,1.)) ;
#2738=IFCDIRECTION((0.,0.,1.)) ;
#2750=IFCDIRECTION((-0.,-0.,-1.)) ;
#2751=IFCDIRECTION((3.00060276926E-15,-1.,0.)) ;
#2782=IFCDIRECTION((0.,0.,1.)) ;
#2789=IFCDIRECTION((0.,0.,1.)) ;
#2790=IFCDIRECTION((1.,0.,0.)) ;
#2797=IFCDIRECTION((-6.76544921209E-17,0.,1.)) ;
#2810=IFCDIRECTION((1.09269269001E-16,0.,-1.)) ;
#2811=IFCDIRECTION((-1.,0.,-1.09269269001E-16)) ;
#2815=IFCDIRECTION((1.,0.,5.73096240235E-17)) ;
#2822=IFCDIRECTION((0.,-1.,-3.3691357942E-16)) ;
#2829=IFCDIRECTION((-1.,0.,-2.73173172502E-17)) ;
#2834=IFCDIRECTION((0.,-1.,1.35585468085E-31)) ;
#2847=IFCDIRECTION((-1.,-3.49148133884E-15,-1.1812893946E-16)) ;
#2848=IFCDIRECTION((3.49148133884E-15,-1.,0.)) ;
#2852=IFCDIRECTION((0.,0.,1.)) ;
#2859=IFCDIRECTION((0.,0.,-1.)) ;
#2866=IFCDIRECTION((0.,-1.,0.)) ;
#2879=IFCDIRECTION((3.00060276926E-15,-1.,3.54458022874E-31)) ;
#2880=IFCDIRECTION((1.,3.00060276926E-15,0.)) ;
#2884=IFCDIRECTION((0.707106781187,0.,0.707106781187)) ;
#2897=IFCDIRECTION((3.00060276926E-15,-1.,3.54458022874E-31)) ;
#2898=IFCDIRECTION((1.,3.00060276926E-15,0.)) ;
#2902=IFCDIRECTION((0.707106781187,0.,0.707106781187)) ;
#2915=IFCDIRECTION((0.707106781187,2.07844876298E-15,-0.707106781187)) ;
#2916=IFCDIRECTION((-0.707106781187,0.,-0.707106781187)) ;
#2920=IFCDIRECTION((0.,-1.,0.)) ;
#3023=IFCDIRECTION((1.,-0.,-0.)) ;
#3024=IFCDIRECTION((-0.,-1.,3.00060276926E-15)) ;
#3029=IFCDIRECTION((-1.,0.,0.)) ;
#3054=IFCDIRECTION((-1.,0.,0.)) ;
#3066=IFCDIRECTION((1.,-0.,-0.)) ;
#3067=IFCDIRECTION((-0.,-1.,3.00060276926E-15)) ;
#3098=IFCDIRECTION((-1.,0.,0.)) ;
#3103=IFCDIRECTION((-1.,0.,0.)) ;
#3115=IFCDIRECTION((-1.,-0.,-0.)) ;
#3116=IFCDIRECTION((0.,1.,3.49148133884E-15)) ;
#3147=IFCDIRECTION((1.,-8.83920556837E-20,0.)) ;
#3180=IFCDIRECTION((1.,0.,0.)) ;
#3192=IFCDIRECTION((-1.,-0.,-0.)) ;
#3193=IFCDIRECTION((0.,1.,3.49148133884E-15)) ;
#3220=IFCDIRECTION((1.,0.,0.)) ;
#3245=IFCDIRECTION((1.,0.,0.)) ;
#3257=IFCDIRECTION((-0.,1.,-0.)) ;
#3258=IFCDIRECTION((0.,0.,1.)) ;
#3263=IFCDIRECTION((0.,-1.,0.)) ;
#3268=IFCDIRECTION((0.,-1.,-6.98296267769E-15)) ;
#3269=IFCDIRECTION((0.,7.04903507699E-15,-1.)) ;
#3274=IFCDIRECTION((0.,-1.,0.)) ;
#3286=IFCDIRECTION((-0.,1.,-0.)) ;
#3287=IFCDIRECTION((0.,0.,1.)) ;
#3292=IFCDIRECTION((0.,-1.,0.)) ;
#3297=IFCDIRECTION((0.,-1.,-6.98296267769E-15)) ;
#3298=IFCDIRECTION((0.,7.04903507699E-15,-1.)) ;
#3303=IFCDIRECTION((0.,-1.,0.)) ;
#3316=IFCDIRECTION((0.,-1.,-6.98296267769E-15)) ;
#3317=IFCDIRECTION((0.,6.98296267769E-15,-1.)) ;
#3321=IFCDIRECTION((0.,0.,-1.)) ;
#3326=IFCDIRECTION((0.,-1.,-6.98296267769E-15)) ;
#3327=IFCDIRECTION((0.,6.99776936733E-15,-1.)) ;
#3332=IFCDIRECTION((1.,0.,0.)) ;
#3345=IFCDIRECTION((-1.,0.,0.)) ;
#3346=IFCDIRECTION((0.,0.,1.)) ;
#3350=IFCDIRECTION((0.,-1.,2.72402076291E-18)) ;
#3363=IFCDIRECTION((0.,0.,1.)) ;
#3364=IFCDIRECTION((1.,0.,0.)) ;
#3368=IFCDIRECTION((1.,0.,5.33363265378E-16)) ;
#3373=IFCDIRECTION((0.,-1.,0.)) ;
#3386=IFCDIRECTION((-1.,0.,0.)) ;
#3387=IFCDIRECTION((0.,0.,1.)) ;
#3391=IFCDIRECTION((0.,-1.,0.)) ;
#3403=IFCDIRECTION((-0.,1.,-0.)) ;
#3404=IFCDIRECTION((0.,0.,1.)) ;
#3409=IFCDIRECTION((0.,-1.,0.)) ;
#3422=IFCDIRECTION((4.62592926927E-16,0.,1.)) ;
#3423=IFCDIRECTION((1.,0.,-4.62592926927E-16)) ;
#3427=IFCDIRECTION((0.,-1.,0.)) ;
#3439=IFCDIRECTION((-0.,1.,-0.)) ;
#3440=IFCDIRECTION((0.,0.,1.)) ;
#3445=IFCDIRECTION((0.,-1.,-6.98296267769E-15)) ;
#3446=IFCDIRECTION((0.,6.99776936733E-15,-1.)) ;
#3451=IFCDIRECTION((5.97259917912E-17,-1.,0.)) ;
#3464=IFCDIRECTION((1.,0.,1.07806759373E-16)) ;
#3465=IFCDIRECTION((1.07806759373E-16,0.,-1.)) ;
#3469=IFCDIRECTION((0.,-1.,0.)) ;
#3482=IFCDIRECTION((0.,0.,1.)) ;
#3483=IFCDIRECTION((1.,0.,0.)) ;
#3487=IFCDIRECTION((-2.80556231219E-17,-1.,-1.56296110209E-18)) ;
#3492=IFCDIRECTION((-1.,0.,3.00490489753E-17)) ;
#3505=IFCDIRECTION((1.,0.,1.07806759373E-16)) ;
#3506=IFCDIRECTION((1.07806759373E-16,0.,-1.)) ;
#3518=IFCDIRECTION((0.,-1.,-6.98296267769E-15)) ;
#3519=IFCDIRECTION((0.,6.98296267769E-15,-1.)) ;
#3523=IFCDIRECTION((0.,0.,-1.)) ;
#3626=IFCDIRECTION((0.,-1.,0.)) ;
#3639=IFCDIRECTION((-2.36257878921E-16,3.49148133884E-15,-1.)) ;
#3640=IFCDIRECTION((0.,1.,3.49148133884E-15)) ;
#3644=IFCDIRECTION((1.,0.,0.)) ;
#3651=IFCDIRECTION((0.,-1.,0.)) ;
#3658=IFCDIRECTION((-1.,4.98683843434E-19,0.)) ;
#3671=IFCDIRECTION((0.707106781187,-2.39843649084E-15,0.707106781187)) ;
#3672=IFCDIRECTION((0.707106781187,0.,-0.707106781187)) ;
#3676=IFCDIRECTION((0.707106781187,2.47002277723E-15,-0.707106781187)) ;
#3681=IFCDIRECTION((0.707106781187,2.56375823029E-15,-0.707106781187)) ;
#3694=IFCDIRECTION((0.707106781187,-2.42555232827E-15,-0.707106781187)) ;
#3695=IFCDIRECTION((-0.707106781187,0.,-0.707106781187)) ;
#3699=IFCDIRECTION((-0.707106781187,2.46816306845E-15,-0.707106781187)) ;
#3706=IFCDIRECTION((0.,-1.,0.)) ;
#3713=IFCDIRECTION((-0.707106781187,2.56375823029E-15,-0.707106781187)) ;
#3767=IFCDIRECTION((0.,1.,0.)) ;
#3780=IFCDIRECTION((0.,0.,-1.)) ;
#3781=IFCDIRECTION((-1.,0.,0.)) ;
#3785=IFCDIRECTION((0.,1.,0.)) ;
#3798=IFCDIRECTION((-0.707106781187,-2.42555232827E-15,-0.707106781187)) ;
#3799=IFCDIRECTION((-0.707106781187,0.,0.707106781187)) ;
#3803=IFCDIRECTION((0.,1.,0.)) ;
#3810=IFCDIRECTION((-0.707106781187,-2.56375823029E-15,0.707106781187)) ;
#3823=IFCDIRECTION((4.62592926927E-16,0.,1.)) ;
#3824=IFCDIRECTION((1.,0.,-4.62592926927E-16)) ;
#3885=IFCDIRECTION((0.,0.,-1.)) ;
#3886=IFCDIRECTION((-1.,0.,0.)) ;
#3939=IFCDIRECTION((0.,-1.,0.)) ;
#3952=IFCDIRECTION((1.4178320915E-30,-1.,3.00060276926E-15)) ;
#3953=IFCDIRECTION((0.,-3.00060276926E-15,-1.)) ;
#3957=IFCDIRECTION((-0.707106781187,0.,0.707106781187)) ;
#3964=IFCDIRECTION((1.,0.,0.)) ;
#3977=IFCDIRECTION((1.4178320915E-30,-1.,3.00060276926E-15)) ;
#3978=IFCDIRECTION((0.,-3.00060276926E-15,-1.)) ;
#3982=IFCDIRECTION((-0.707106781187,0.,0.707106781187)) ;
#3989=IFCDIRECTION((-1.,0.,0.)) ;
#4002=IFCDIRECTION((-4.72515757842E-16,-3.49148133884E-15,-1.)) ;
#4003=IFCDIRECTION((0.,1.,-3.49148133884E-15)) ;
#4007=IFCDIRECTION((0.,-1.,0.)) ;
#4020=IFCDIRECTION((0.707106781187,2.0844179991E-15,0.707106781187)) ;
#4021=IFCDIRECTION((0.707106781187,0.,-0.707106781187)) ;
#4033=IFCDIRECTION((-3.00060276926E-15,-1.,0.)) ;
#4034=IFCDIRECTION((1.,-3.00060276926E-15,0.)) ;
#4038=IFCDIRECTION((1.,0.,-4.9416455102E-15)) ;
#4045=IFCDIRECTION((0.,0.,1.)) ;
#4052=IFCDIRECTION((0.707106781187,0.,-0.707106781187)) ;
#4065=IFCDIRECTION((-3.00060276926E-15,-1.,0.)) ;
#4066=IFCDIRECTION((1.,-3.00060276926E-15,0.)) ;
#4070=IFCDIRECTION((-1.,0.,4.9416455102E-15)) ;
#4077=IFCDIRECTION((0.707106781187,0.,-0.707106781187)) ;
#4084=IFCDIRECTION((0.,0.,-1.)) ;
#4097=IFCDIRECTION((1.,-3.49148133884E-15,0.)) ;
#4098=IFCDIRECTION((3.49148133884E-15,1.,0.)) ;
#4102=IFCDIRECTION((0.,-1.,0.)) ;
#4107=IFCDIRECTION((0.,1.,0.)) ;
#4120=IFCDIRECTION((-4.50090415389E-15,1.57148228612E-29,-1.)) ;
#4121=IFCDIRECTION((-1.,0.,4.50090415389E-15)) ;
#4133=IFCDIRECTION((-0.707106781187,2.07844876298E-15,-0.707106781187)) ;
#4134=IFCDIRECTION((-0.707106781187,0.,0.707106781187)) ;
#4145=IFCDIRECTION((-0.,1.,3.49148133884E-15)) ;
#4146=IFCDIRECTION((0.,-3.49148133884E-15,1.)) ;
#4151=IFCDIRECTION((0.,-1.,-3.49148133884E-15)) ;
#4152=IFCDIRECTION((0.,3.49148133884E-15,-1.)) ;
#4161=IFCDIRECTION((0.,-1.,0.)) ;
#4168=IFCDIRECTION((3.49148133884E-15,1.,3.76356051279E-31)) ;
#4169=IFCDIRECTION((-1.,3.47869881049E-15,0.)) ;
#4176=IFCDIRECTION((0.,-1.,0.)) ;
#4188=IFCDIRECTION((-0.,1.,3.49148133884E-15)) ;
#4189=IFCDIRECTION((0.,-3.49148133884E-15,1.)) ;
#4194=IFCDIRECTION((0.,-1.,-3.49148133884E-15)) ;
#4195=IFCDIRECTION((0.,3.49148133884E-15,-1.)) ;
#4204=IFCDIRECTION((0.,-1.,0.)) ;
#4211=IFCDIRECTION((3.49148133884E-15,1.,3.76356051279E-31)) ;
#4212=IFCDIRECTION((-1.,3.47869881049E-15,0.)) ;
#4219=IFCDIRECTION((0.,-1.,0.)) ;
#4231=IFCDIRECTION((-0.,1.,3.49148133884E-15)) ;
#4232=IFCDIRECTION((0.,-3.49148133884E-15,1.)) ;
#4237=IFCDIRECTION((0.,-1.,-3.49148133884E-15)) ;
#4238=IFCDIRECTION((0.,3.49148133884E-15,-1.)) ;
#4247=IFCDIRECTION((0.,-1.,0.)) ;
#4254=IFCDIRECTION((3.49148133884E-15,1.,3.76356051279E-31)) ;
#4255=IFCDIRECTION((-1.,3.47869881049E-15,0.)) ;
#4262=IFCDIRECTION((0.,-1.,0.)) ;
#4274=IFCDIRECTION((-0.,1.,3.49148133884E-15)) ;
#4275=IFCDIRECTION((0.,-3.49148133884E-15,1.)) ;
#4280=IFCDIRECTION((0.,-1.,-3.49148133884E-15)) ;
#4281=IFCDIRECTION((0.,3.49148133884E-15,-1.)) ;
#4290=IFCDIRECTION((0.,-1.,0.)) ;
#4297=IFCDIRECTION((3.49148133884E-15,1.,3.76356051279E-31)) ;
#4298=IFCDIRECTION((-1.,3.47869881049E-15,0.)) ;
#4305=IFCDIRECTION((0.,-1.,0.)) ;
#4317=IFCDIRECTION((-0.,1.,3.49148133884E-15)) ;
#4318=IFCDIRECTION((0.,-3.49148133884E-15,1.)) ;
#4323=IFCDIRECTION((0.,-1.,-3.49148133884E-15)) ;
#4324=IFCDIRECTION((0.,3.49148133884E-15,-1.)) ;
#4333=IFCDIRECTION((0.,-1.,0.)) ;
#4340=IFCDIRECTION((3.49148133884E-15,1.,3.76356051279E-31)) ;
#4341=IFCDIRECTION((-1.,3.47869881049E-15,0.)) ;
#4348=IFCDIRECTION((0.,-1.,0.)) ;
#4360=IFCDIRECTION((-0.,1.,3.49148133884E-15)) ;
#4361=IFCDIRECTION((0.,-3.49148133884E-15,1.)) ;
#4366=IFCDIRECTION((0.,-1.,-3.49148133884E-15)) ;
#4367=IFCDIRECTION((0.,3.49148133884E-15,-1.)) ;
#4376=IFCDIRECTION((0.,-1.,0.)) ;
#4383=IFCDIRECTION((3.49148133884E-15,1.,3.76356051279E-31)) ;
#4384=IFCDIRECTION((-1.,3.47869881049E-15,0.)) ;
#4391=IFCDIRECTION((0.,-1.,0.)) ;
#4404=IFCDIRECTION((5.59588218057E-17,-1.98062297899E-31,-1.)) ;
#4405=IFCDIRECTION((-1.,0.,-5.59588218057E-17)) ;
#4409=IFCDIRECTION((0.,-1.,0.)) ;
#4416=IFCDIRECTION((0.,1.,-6.80936788436E-15)) ;
#4423=IFCDIRECTION((-1.,-3.49350178415E-15,-6.80936788437E-16)) ;
#4436=IFCDIRECTION((1.,-3.49148133884E-15,0.)) ;
#4437=IFCDIRECTION((3.49148133884E-15,1.,0.)) ;
#4441=IFCDIRECTION((0.,-1.,0.)) ;
#4448=IFCDIRECTION((0.,-4.79435085736E-14,-1.)) ;
#4461=IFCDIRECTION((-9.3680488188E-48,-2.68311582095E-33,-1.)) ;
#4462=IFCDIRECTION((0.,1.,-2.68311582095E-33)) ;
#4466=IFCDIRECTION((0.,-1.,0.)) ;
#4475=IFCDIRECTION((1.,-3.49148133884E-15,0.)) ;
#4482=IFCDIRECTION((0.,-1.,0.)) ;
#4489=IFCDIRECTION((-1.,3.49350178415E-15,0.)) ;
#4502=IFCDIRECTION((-1.,3.49148133884E-15,0.)) ;
#4503=IFCDIRECTION((-3.49148133884E-15,-1.,0.)) ;
#4507=IFCDIRECTION((0.,0.,-1.)) ;
#4514=IFCDIRECTION((0.,1.,-5.53942015515E-16)) ;
#4521=IFCDIRECTION((0.,0.,1.)) ;
#4534=IFCDIRECTION((1.64977995081E-30,1.,3.49148133884E-15)) ;
#4535=IFCDIRECTION((0.,-3.49148133884E-15,1.)) ;
#4545=IFCDIRECTION((-4.98125329893E-16,-1.,-3.45284722648E-15)) ;
#4546=IFCDIRECTION((0.,3.45284722648E-15,-1.)) ;
#4555=IFCDIRECTION((-4.98125329893E-16,-1.,-3.45284722648E-15)) ;
#4556=IFCDIRECTION((0.,3.45284722648E-15,-1.)) ;
#4565=IFCDIRECTION((-4.98125329893E-16,-1.,-3.45284722648E-15)) ;
#4566=IFCDIRECTION((0.,3.45284722648E-15,-1.)) ;
#4575=IFCDIRECTION((-4.98125329893E-16,-1.,-3.45284722648E-15)) ;
#4576=IFCDIRECTION((0.,3.45284722648E-15,-1.)) ;
#4585=IFCDIRECTION((-4.98125329893E-16,-1.,-3.45284722648E-15)) ;
#4586=IFCDIRECTION((0.,3.45284722648E-15,-1.)) ;
#4595=IFCDIRECTION((-4.98125329893E-16,-1.,-3.45284722648E-15)) ;
#4596=IFCDIRECTION((0.,3.45284722648E-15,-1.)) ;
#4605=IFCDIRECTION((-4.98125329893E-16,-1.,-3.45284722648E-15)) ;
#4606=IFCDIRECTION((0.,3.45284722648E-15,-1.)) ;
#4615=IFCDIRECTION((-4.98125329893E-16,-1.,-3.45284722648E-15)) ;
#4616=IFCDIRECTION((0.,3.45284722648E-15,-1.)) ;
#4625=IFCDIRECTION((-4.98125329893E-16,-1.,-3.45284722648E-15)) ;
#4626=IFCDIRECTION((0.,3.45284722648E-15,-1.)) ;
#4635=IFCDIRECTION((-4.98125329893E-16,-1.,-3.45284722648E-15)) ;
#4636=IFCDIRECTION((0.,3.45284722648E-15,-1.)) ;
#4645=IFCDIRECTION((-4.98125329893E-16,-1.,-3.45284722648E-15)) ;
#4646=IFCDIRECTION((0.,3.45284722648E-15,-1.)) ;
#4655=IFCDIRECTION((-4.98125329893E-16,-1.,-3.45284722648E-15)) ;
#4656=IFCDIRECTION((0.,3.45284722648E-15,-1.)) ;
#4667=IFCDIRECTION((1.64977995081E-30,1.,3.49148133884E-15)) ;
#4668=IFCDIRECTION((0.,-3.49148133884E-15,1.)) ;
#4678=IFCDIRECTION((1.64977995081E-30,1.,3.49148133884E-15)) ;
#4679=IFCDIRECTION((0.,-3.47869881049E-15,1.)) ;
#4688=IFCDIRECTION((1.64977995081E-30,1.,3.49148133884E-15)) ;
#4689=IFCDIRECTION((0.,-3.47869881049E-15,1.)) ;
#4698=IFCDIRECTION((1.64977995081E-30,1.,3.49148133884E-15)) ;
#4699=IFCDIRECTION((0.,-3.47869881049E-15,1.)) ;
#4708=IFCDIRECTION((1.64977995081E-30,1.,3.49148133884E-15)) ;
#4709=IFCDIRECTION((0.,-3.47869881049E-15,1.)) ;
#4718=IFCDIRECTION((1.64977995081E-30,1.,3.49148133884E-15)) ;
#4719=IFCDIRECTION((0.,-3.47869881049E-15,1.)) ;
#4728=IFCDIRECTION((1.64977995081E-30,1.,3.49148133884E-15)) ;
#4729=IFCDIRECTION((0.,-3.47869881049E-15,1.)) ;
#4738=IFCDIRECTION((1.64977995081E-30,1.,3.49148133884E-15)) ;
#4739=IFCDIRECTION((0.,-3.47869881049E-15,1.)) ;
#4748=IFCDIRECTION((1.64977995081E-30,1.,3.49148133884E-15)) ;
#4749=IFCDIRECTION((0.,-3.47869881049E-15,1.)) ;
#4758=IFCDIRECTION((1.64977995081E-30,1.,3.49148133884E-15)) ;
#4759=IFCDIRECTION((0.,-3.47869881049E-15,1.)) ;
#4768=IFCDIRECTION((1.64977995081E-30,1.,3.49148133884E-15)) ;
#4769=IFCDIRECTION((0.,-3.47869881049E-15,1.)) ;
#4778=IFCDIRECTION((1.64977995081E-30,1.,3.49148133884E-15)) ;
#4779=IFCDIRECTION((0.,-3.47869881049E-15,1.)) ;
#4788=IFCDIRECTION((1.64977995081E-30,1.,3.49148133884E-15)) ;
#4789=IFCDIRECTION((0.,-3.47869881049E-15,1.)) ;
#4800=IFCDIRECTION((3.49148133884E-15,1.,3.76356051279E-31)) ;
#4801=IFCDIRECTION((-1.,3.49148133884E-15,0.)) ;
#4805=IFCDIRECTION((-1.,3.64616372664E-15,-1.42971715053E-16)) ;
#4810=IFCDIRECTION((0.,-5.3542805416E-17,1.)) ;
#4823=IFCDIRECTION((0.,-1.,-3.49148133884E-15)) ;
#4824=IFCDIRECTION((0.,3.49148133884E-15,-1.)) ;
#4833=IFCDIRECTION((0.,-1.,-3.49148133884E-15)) ;
#4834=IFCDIRECTION((0.,3.49148133884E-15,-1.)) ;
#4843=IFCDIRECTION((0.,-1.,-3.49148133884E-15)) ;
#4844=IFCDIRECTION((0.,3.49148133884E-15,-1.)) ;
#4853=IFCDIRECTION((0.,-1.,-3.49148133884E-15)) ;
#4854=IFCDIRECTION((0.,3.49148133884E-15,-1.)) ;
#4863=IFCDIRECTION((0.,-1.,-3.49148133884E-15)) ;
#4864=IFCDIRECTION((0.,3.49148133884E-15,-1.)) ;
#4873=IFCDIRECTION((0.,-1.,-3.49148133884E-15)) ;
#4874=IFCDIRECTION((0.,3.49148133884E-15,-1.)) ;
#4885=IFCDIRECTION((3.49148133884E-15,1.,3.76356051279E-31)) ;
#4886=IFCDIRECTION((-1.,3.49148133884E-15,0.)) ;
#4890=IFCDIRECTION((1.,-3.68796219797E-15,1.16883394071E-16)) ;
#4895=IFCDIRECTION((0.,0.,-1.)) ;
#4908=IFCDIRECTION((3.49148133884E-15,1.,3.76356051279E-31)) ;
#4909=IFCDIRECTION((-1.,3.47869881049E-15,0.)) ;
#4918=IFCDIRECTION((3.49148133884E-15,1.,3.76356051279E-31)) ;
#4919=IFCDIRECTION((-1.,3.47869881049E-15,0.)) ;
#4928=IFCDIRECTION((3.49148133884E-15,1.,3.76356051279E-31)) ;
#4929=IFCDIRECTION((-1.,3.47869881049E-15,0.)) ;
#4938=IFCDIRECTION((3.49148133884E-15,1.,3.76356051279E-31)) ;
#4939=IFCDIRECTION((-1.,3.47869881049E-15,0.)) ;
#4948=IFCDIRECTION((3.49148133884E-15,1.,3.76356051279E-31)) ;
#4949=IFCDIRECTION((-1.,3.47869881049E-15,0.)) ;
#4958=IFCDIRECTION((3.49148133884E-15,1.,3.76356051279E-31)) ;
#4959=IFCDIRECTION((-1.,3.47869881049E-15,0.)) ;
#4970=IFCDIRECTION((-1.,3.49148133884E-15,-9.45031515684E-17)) ;
#4971=IFCDIRECTION((-3.49148133884E-15,-1.,0.)) ;
#4983=IFCDIRECTION((1.11126450781E-16,-1.16398778746E-32,-1.)) ;
#4984=IFCDIRECTION((-1.,0.,-1.11126450781E-16)) ;
#4996=IFCDIRECTION((-3.49148133884E-15,1.,0.)) ;
#4997=IFCDIRECTION((-1.,-3.49148133884E-15,0.)) ;
#5001=IFCDIRECTION((0.,0.,1.)) ;
#5006=IFCDIRECTION((1.,0.,-1.78354582502E-15)) ;
#5019=IFCDIRECTION((-3.49148133884E-15,1.,0.)) ;
#5020=IFCDIRECTION((-1.,-3.47869881049E-15,0.)) ;
#5029=IFCDIRECTION((-3.49148133884E-15,1.,0.)) ;
#5030=IFCDIRECTION((-1.,-3.47869881049E-15,0.)) ;
#5039=IFCDIRECTION((-3.49148133884E-15,1.,0.)) ;
#5040=IFCDIRECTION((-1.,-3.47869881049E-15,0.)) ;
#5049=IFCDIRECTION((-3.49148133884E-15,1.,0.)) ;
#5050=IFCDIRECTION((-1.,-3.47869881049E-15,0.)) ;
#5059=IFCDIRECTION((-3.49148133884E-15,1.,0.)) ;
#5060=IFCDIRECTION((-1.,-3.47869881049E-15,0.)) ;
#5069=IFCDIRECTION((-3.49148133884E-15,1.,0.)) ;
#5070=IFCDIRECTION((-1.,-3.47869881049E-15,0.)) ;
#5079=IFCDIRECTION((-3.49148133884E-15,1.,0.)) ;
#5080=IFCDIRECTION((-1.,-3.47869881049E-15,0.)) ;
#5089=IFCDIRECTION((-3.49148133884E-15,1.,0.)) ;
#5090=IFCDIRECTION((-1.,-3.47869881049E-15,0.)) ;
#5099=IFCDIRECTION((-3.49148133884E-15,1.,0.)) ;
#5100=IFCDIRECTION((-1.,-3.47869881049E-15,0.)) ;
#5109=IFCDIRECTION((-3.49148133884E-15,1.,0.)) ;
#5110=IFCDIRECTION((-1.,-3.47869881049E-15,0.)) ;
#5119=IFCDIRECTION((-3.49148133884E-15,1.,0.)) ;
#5120=IFCDIRECTION((-1.,-3.47869881049E-15,0.)) ;
#5129=IFCDIRECTION((-3.49148133884E-15,1.,0.)) ;
#5130=IFCDIRECTION((-1.,-3.47869881049E-15,0.)) ;
#5141=IFCDIRECTION((1.,3.49148133884E-15,1.89006303137E-16)) ;
#5142=IFCDIRECTION((-3.49148133884E-15,1.,0.)) ;
#5154=IFCDIRECTION((-1.7168397288E-15,-5.9943138749E-30,-1.)) ;
#5155=IFCDIRECTION((-1.,0.,1.7168397288E-15)) ;
#5166=IFCDIRECTION((4.98125329893E-16,1.,3.45284722648E-15)) ;
#5167=IFCDIRECTION((0.,-3.45284722648E-15,1.)) ;
#5172=IFCDIRECTION((0.,-1.,0.)) ;
#5177=IFCDIRECTION((0.,-1.,0.)) ;
#5189=IFCDIRECTION((4.98125329893E-16,1.,3.45284722648E-15)) ;
#5190=IFCDIRECTION((0.,-3.45284722648E-15,1.)) ;
#5195=IFCDIRECTION((0.,-1.,0.)) ;
#5200=IFCDIRECTION((0.,-1.,0.)) ;
#5212=IFCDIRECTION((4.98125329893E-16,1.,3.45284722648E-15)) ;
#5213=IFCDIRECTION((0.,-3.45284722648E-15,1.)) ;
#5218=IFCDIRECTION((0.,-1.,0.)) ;
#5223=IFCDIRECTION((0.,-1.,0.)) ;
#5235=IFCDIRECTION((4.98125329893E-16,1.,3.45284722648E-15)) ;
#5236=IFCDIRECTION((0.,-3.45284722648E-15,1.)) ;
#5241=IFCDIRECTION((0.,-1.,0.)) ;
#5246=IFCDIRECTION((0.,-1.,0.)) ;
#5258=IFCDIRECTION((4.98125329893E-16,1.,3.45284722648E-15)) ;
#5259=IFCDIRECTION((0.,-3.45284722648E-15,1.)) ;
#5264=IFCDIRECTION((0.,-1.,0.)) ;
#5269=IFCDIRECTION((0.,-1.,0.)) ;
#5281=IFCDIRECTION((4.98125329893E-16,1.,3.45284722648E-15)) ;
#5282=IFCDIRECTION((0.,-3.45284722648E-15,1.)) ;
#5287=IFCDIRECTION((0.,-1.,0.)) ;
#5292=IFCDIRECTION((0.,-1.,0.)) ;
#5304=IFCDIRECTION((-2.43988276404E-15,1.,2.44486689655E-15)) ;
#5305=IFCDIRECTION((0.,-2.44486689655E-15,1.)) ;
#5310=IFCDIRECTION((0.,-1.,0.)) ;
#5315=IFCDIRECTION((0.,-1.,0.)) ;
#5327=IFCDIRECTION((-2.43988276404E-15,1.,2.44486689655E-15)) ;
#5328=IFCDIRECTION((0.,-2.44486689655E-15,1.)) ;
#5333=IFCDIRECTION((0.,-1.,0.)) ;
#5338=IFCDIRECTION((0.,-1.,0.)) ;
#5350=IFCDIRECTION((-2.43988276404E-15,1.,2.44486689655E-15)) ;
#5351=IFCDIRECTION((0.,-2.44486689655E-15,1.)) ;
#5356=IFCDIRECTION((0.,-1.,0.)) ;
#5361=IFCDIRECTION((0.,-1.,0.)) ;
#5373=IFCDIRECTION((-2.43988276404E-15,1.,2.44486689655E-15)) ;
#5374=IFCDIRECTION((0.,-2.44486689655E-15,1.)) ;
#5379=IFCDIRECTION((0.,-1.,0.)) ;
#5384=IFCDIRECTION((0.,-1.,0.)) ;
#5396=IFCDIRECTION((-2.43988276404E-15,1.,2.44486689655E-15)) ;
#5397=IFCDIRECTION((0.,-2.44486689655E-15,1.)) ;
#5402=IFCDIRECTION((0.,-1.,0.)) ;
#5407=IFCDIRECTION((0.,-1.,0.)) ;
#5419=IFCDIRECTION((-2.43988276404E-15,1.,2.44486689655E-15)) ;
#5420=IFCDIRECTION((0.,-2.44486689655E-15,1.)) ;
#5425=IFCDIRECTION((0.,-1.,0.)) ;
#5430=IFCDIRECTION((0.,-1.,0.)) ;
#5442=IFCDIRECTION((-0.,1.,3.49148133884E-15)) ;
#5443=IFCDIRECTION((0.,-3.49148133884E-15,1.)) ;
#5455=IFCDIRECTION((-0.,1.,3.49148133884E-15)) ;
#5456=IFCDIRECTION((0.,-3.49148133884E-15,1.)) ;
#5468=IFCDIRECTION((-0.,1.,3.49148133884E-15)) ;
#5469=IFCDIRECTION((0.,-3.49148133884E-15,1.)) ;
#5481=IFCDIRECTION((-0.,1.,3.49148133884E-15)) ;
#5482=IFCDIRECTION((0.,-3.49148133884E-15,1.)) ;
#5494=IFCDIRECTION((-0.,1.,3.49148133884E-15)) ;
#5495=IFCDIRECTION((0.,-3.49148133884E-15,1.)) ;
#5507=IFCDIRECTION((-0.,1.,3.49148133884E-15)) ;
#5508=IFCDIRECTION((0.,-3.49148133884E-15,1.)) ;
#5520=IFCDIRECTION((4.98125329893E-16,1.,3.45284722648E-15)) ;
#5521=IFCDIRECTION((0.,-3.45284722648E-15,1.)) ;
#5533=IFCDIRECTION((4.98125329893E-16,1.,3.45284722648E-15)) ;
#5534=IFCDIRECTION((0.,-3.45284722648E-15,1.)) ;
#5546=IFCDIRECTION((4.98125329893E-16,1.,3.45284722648E-15)) ;
#5547=IFCDIRECTION((0.,-3.45284722648E-15,1.)) ;
#5559=IFCDIRECTION((4.98125329893E-16,1.,3.45284722648E-15)) ;
#5560=IFCDIRECTION((0.,-3.45284722648E-15,1.)) ;
#5572=IFCDIRECTION((4.98125329893E-16,1.,3.45284722648E-15)) ;
#5573=IFCDIRECTION((0.,-3.45284722648E-15,1.)) ;
#5585=IFCDIRECTION((4.98125329893E-16,1.,3.45284722648E-15)) ;
#5586=IFCDIRECTION((0.,-3.45284722648E-15,1.)) ;
#5598=IFCDIRECTION((-2.43988276404E-15,1.,2.44486689655E-15)) ;
#5599=IFCDIRECTION((0.,-2.44486689655E-15,1.)) ;
#5611=IFCDIRECTION((-2.43988276404E-15,1.,2.44486689655E-15)) ;
#5612=IFCDIRECTION((0.,-2.44486689655E-15,1.)) ;
#5624=IFCDIRECTION((-2.43988276404E-15,1.,2.44486689655E-15)) ;
#5625=IFCDIRECTION((0.,-2.44486689655E-15,1.)) ;
#5637=IFCDIRECTION((-2.43988276404E-15,1.,2.44486689655E-15)) ;
#5638=IFCDIRECTION((0.,-2.44486689655E-15,1.)) ;
#5650=IFCDIRECTION((-2.43988276404E-15,1.,2.44486689655E-15)) ;
#5651=IFCDIRECTION((0.,-2.44486689655E-15,1.)) ;
#5663=IFCDIRECTION((-2.43988276404E-15,1.,2.44486689655E-15)) ;
#5664=IFCDIRECTION((0.,-2.44486689655E-15,1.)) ;
#5691=IFCDIRECTION((0.,0.,1.)) ;
#5692=IFCDIRECTION((1.,0.,0.)) ;
#14=IFCAXIS2PLACEMENT3D(#15,#16,#17) ;
#139=IFCAXIS2PLACEMENT3D(#140,#141,#142) ;
#145=IFCAXIS2PLACEMENT3D(#146,#147,#148) ;
#162=IFCAXIS2PLACEMENT3D(#163,#164,#165) ;
#186=IFCAXIS2PLACEMENT3D(#187,#188,#189) ;
#201=IFCAXIS2PLACEMENT3D(#202,#203,#204) ;
#216=IFCAXIS2PLACEMENT3D(#217,#218,#219) ;
#229=IFCAXIS2PLACEMENT3D(#230,#231,#232) ;
#244=IFCAXIS2PLACEMENT3D(#245,#246,#247) ;
#259=IFCAXIS2PLACEMENT3D(#260,#261,#262) ;
#273=IFCAXIS2PLACEMENT3D(#274,#275,#276) ;
#305=IFCAXIS2PLACEMENT3D(#306,#307,#308) ;
#328=IFCAXIS2PLACEMENT3D(#329,#330,#331) ;
#369=IFCAXIS2PLACEMENT3D(#370,#371,#372) ;
#410=IFCAXIS2PLACEMENT3D(#411,#412,#413) ;
#451=IFCAXIS2PLACEMENT3D(#452,#453,#454) ;
#492=IFCAXIS2PLACEMENT3D(#493,#494,#495) ;
#524=IFCAXIS2PLACEMENT3D(#525,#526,#527) ;
#565=IFCAXIS2PLACEMENT3D(#566,#567,#568) ;
#606=IFCAXIS2PLACEMENT3D(#607,#608,#609) ;
#637=IFCAXIS2PLACEMENT3D(#638,#639,#640) ;
#643=IFCAXIS2PLACEMENT3D(#644,#645,#646) ;
#649=IFCAXIS2PLACEMENT3D(#650,#651,#652) ;
#662=IFCAXIS2PLACEMENT3D(#663,#664,#665) ;
#668=IFCAXIS2PLACEMENT3D(#669,#670,#671) ;
#674=IFCAXIS2PLACEMENT3D(#675,#676,#677) ;
#687=IFCAXIS2PLACEMENT3D(#688,#689,#690) ;
#693=IFCAXIS2PLACEMENT3D(#694,#695,#696) ;
#699=IFCAXIS2PLACEMENT3D(#700,#701,#702) ;
#712=IFCAXIS2PLACEMENT3D(#713,#714,#715) ;
#718=IFCAXIS2PLACEMENT3D(#719,#720,#721) ;
#735=IFCAXIS2PLACEMENT3D(#736,#737,#738) ;
#755=IFCAXIS2PLACEMENT3D(#756,#757,#758) ;
#761=IFCAXIS2PLACEMENT3D(#762,#763,#764) ;
#778=IFCAXIS2PLACEMENT3D(#779,#780,#781) ;
#798=IFCAXIS2PLACEMENT3D(#799,#800,#801) ;
#804=IFCAXIS2PLACEMENT3D(#805,#806,#807) ;
#810=IFCAXIS2PLACEMENT3D(#811,#812,#813) ;
#823=IFCAXIS2PLACEMENT3D(#824,#825,#826) ;
#829=IFCAXIS2PLACEMENT3D(#830,#831,#832) ;
#846=IFCAXIS2PLACEMENT3D(#847,#848,#849) ;
#867=IFCAXIS2PLACEMENT3D(#868,#869,#870) ;
#907=IFCAXIS2PLACEMENT3D(#908,#909,#910) ;
#913=IFCAXIS2PLACEMENT3D(#914,#915,#916) ;
#928=IFCAXIS2PLACEMENT3D(#929,#930,#931) ;
#942=IFCAXIS2PLACEMENT3D(#943,#944,#945) ;
#973=IFCAXIS2PLACEMENT3D(#974,#975,#976) ;
#979=IFCAXIS2PLACEMENT3D(#980,#981,#982) ;
#985=IFCAXIS2PLACEMENT3D(#986,#987,#988) ;
#998=IFCAXIS2PLACEMENT3D(#999,#1000,#1001) ;
#1004=IFCAXIS2PLACEMENT3D(#1005,#1006,#1007) ;
#1021=IFCAXIS2PLACEMENT3D(#1022,#1023,#1024) ;
#1041=IFCAXIS2PLACEMENT3D(#1042,#1043,#1044) ;
#1047=IFCAXIS2PLACEMENT3D(#1048,#1049,#1050) ;
#1064=IFCAXIS2PLACEMENT3D(#1065,#1066,#1067) ;
#1084=IFCAXIS2PLACEMENT3D(#1085,#1086,#1087) ;
#1090=IFCAXIS2PLACEMENT3D(#1091,#1092,#1093) ;
#1107=IFCAXIS2PLACEMENT3D(#1108,#1109,#1110) ;
#1128=IFCAXIS2PLACEMENT3D(#1129,#1130,#1131) ;
#1133=IFCAXIS2PLACEMENT3D(#1134,#1135,#1136) ;
#1160=IFCAXIS2PLACEMENT3D(#1161,#1162,#1163) ;
#1175=IFCAXIS2PLACEMENT3D(#1176,#1177,#1178) ;
#1181=IFCAXIS2PLACEMENT3D(#1182,#1183,#1184) ;
#1187=IFCAXIS2PLACEMENT3D(#1188,#1189,#1190) ;
#1193=IFCAXIS2PLACEMENT3D(#1194,#1195,#1196) ;
#1206=IFCAXIS2PLACEMENT3D(#1207,#1208,#1209) ;
#1221=IFCAXIS2PLACEMENT3D(#1222,#1223,#1224) ;
#1262=IFCAXIS2PLACEMENT3D(#1263,#1264,#1265) ;
#1272=IFCAXIS2PLACEMENT3D(#1273,#1274,#1275) ;
#1282=IFCAXIS2PLACEMENT3D(#1283,#1284,#1285) ;
#1298=IFCAXIS2PLACEMENT3D(#1299,#1300,#1301) ;
#1310=IFCAXIS2PLACEMENT3D(#1311,#1312,#1313) ;
#1315=IFCAXIS2PLACEMENT3D(#1316,#1317,#1318) ;
#1330=IFCAXIS2PLACEMENT3D(#1331,#1332,#1333) ;
#1343=IFCAXIS2PLACEMENT3D(#1344,#1345,#1346) ;
#1349=IFCAXIS2PLACEMENT3D(#1350,#1351,#1352) ;
#1355=IFCAXIS2PLACEMENT3D(#1356,#1357,#1358) ;
#1361=IFCAXIS2PLACEMENT3D(#1362,#1363,#1364) ;
#1376=IFCAXIS2PLACEMENT3D(#1377,#1378,#1379) ;
#1403=IFCAXIS2PLACEMENT3D(#1404,#1405,#1406) ;
#1444=IFCAXIS2PLACEMENT3D(#1445,#1446,#1447) ;
#1454=IFCAXIS2PLACEMENT3D(#1455,#1456,#1457) ;
#1464=IFCAXIS2PLACEMENT3D(#1465,#1466,#1467) ;
#1480=IFCAXIS2PLACEMENT3D(#1481,#1482,#1483) ;
#1491=IFCAXIS2PLACEMENT3D(#1492,#1493,#1494) ;
#1509=IFCAXIS2PLACEMENT3D(#1510,#1511,#1512) ;
#1522=IFCAXIS2PLACEMENT3D(#1523,#1524,#1525) ;
#1535=IFCAXIS2PLACEMENT3D(#1536,#1537,#1538) ;
#1553=IFCAXIS2PLACEMENT3D(#1554,#1555,#1556) ;
#1577=IFCAXIS2PLACEMENT3D(#1578,#1579,#1580) ;
#1595=IFCAXIS2PLACEMENT3D(#1596,#1597,#1598) ;
#1613=IFCAXIS2PLACEMENT3D(#1614,#1615,#1616) ;
#1631=IFCAXIS2PLACEMENT3D(#1632,#1633,#1634) ;
#1649=IFCAXIS2PLACEMENT3D(#1650,#1651,#1652) ;
#1662=IFCAXIS2PLACEMENT3D(#1663,#1664,#1665) ;
#1674=IFCAXIS2PLACEMENT3D(#1675,#1676,#1677) ;
#1687=IFCAXIS2PLACEMENT3D(#1688,#1689,#1690) ;
#1700=IFCAXIS2PLACEMENT3D(#1701,#1702,#1703) ;
#1713=IFCAXIS2PLACEMENT3D(#1714,#1715,#1716) ;
#1726=IFCAXIS2PLACEMENT3D(#1727,#1728,#1729) ;
#1739=IFCAXIS2PLACEMENT3D(#1740,#1741,#1742) ;
#1752=IFCAXIS2PLACEMENT3D(#1753,#1754,#1755) ;
#1800=IFCAXIS2PLACEMENT3D(#1801,#1802,#1803) ;
#1838=IFCAXIS2PLACEMENT3D(#1839,#1840,#1841) ;
#1850=IFCAXIS2PLACEMENT3D(#1851,#1852,#1853) ;
#1856=IFCAXIS2PLACEMENT3D(#1857,#1858,#1859) ;
#1862=IFCAXIS2PLACEMENT3D(#1863,#1864,#1865) ;
#1917=IFCAXIS2PLACEMENT3D(#1918,#1919,#1920) ;
#1952=IFCAXIS2PLACEMENT3D(#1953,#1954,#1955) ;
#1973=IFCAXIS2PLACEMENT3D(#1974,#1975,#1976) ;
#2055=IFCAXIS2PLACEMENT3D(#2056,#2057,#2058) ;
#2096=IFCAXIS2PLACEMENT3D(#2097,#2098,#2099) ;
#2110=IFCAXIS2PLACEMENT3D(#2111,#2112,#2113) ;
#2116=IFCAXIS2PLACEMENT3D(#2117,#2118,#2119) ;
#2130=IFCAXIS2PLACEMENT3D(#2131,#2132,#2133) ;
#2144=IFCAXIS2PLACEMENT3D(#2145,#2146,#2147) ;
#2159=IFCAXIS2PLACEMENT3D(#2160,#2161,#2162) ;
#2172=IFCAXIS2PLACEMENT3D(#2173,#2174,#2175) ;
#2178=IFCAXIS2PLACEMENT3D(#2179,#2180,#2181) ;
#2233=IFCAXIS2PLACEMENT3D(#2234,#2235,#2236) ;
#2268=IFCAXIS2PLACEMENT3D(#2269,#2270,#2271) ;
#2289=IFCAXIS2PLACEMENT3D(#2290,#2291,#2292) ;
#2371=IFCAXIS2PLACEMENT3D(#2372,#2373,#2374) ;
#2411=IFCAXIS2PLACEMENT3D(#2412,#2413,#2414) ;
#2452=IFCAXIS2PLACEMENT3D(#2453,#2454,#2455) ;
#2472=IFCAXIS2PLACEMENT3D(#2473,#2474,#2475) ;
#2478=IFCAXIS2PLACEMENT3D(#2479,#2480,#2481) ;
#2528=IFCAXIS2PLACEMENT3D(#2529,#2530,#2531) ;
#2574=IFCAXIS2PLACEMENT3D(#2575,#2576,#2577) ;
#2584=IFCAXIS2PLACEMENT3D(#2585,#2586,#2587) ;
#2594=IFCAXIS2PLACEMENT3D(#2595,#2596,#2597) ;
#2604=IFCAXIS2PLACEMENT3D(#2605,#2606,#2607) ;
#2614=IFCAXIS2PLACEMENT3D(#2615,#2616,#2617) ;
#2624=IFCAXIS2PLACEMENT3D(#2625,#2626,#2627) ;
#2634=IFCAXIS2PLACEMENT3D(#2635,#2636,#2637) ;
#2644=IFCAXIS2PLACEMENT3D(#2645,#2646,#2647) ;
#2654=IFCAXIS2PLACEMENT3D(#2655,#2656,#2657) ;
#2664=IFCAXIS2PLACEMENT3D(#2665,#2666,#2667) ;
#2674=IFCAXIS2PLACEMENT3D(#2675,#2676,#2677) ;
#2684=IFCAXIS2PLACEMENT3D(#2685,#2686,#2687) ;
#2695=IFCAXIS2PLACEMENT3D(#2696,#2697,#2698) ;
#2701=IFCAXIS2PLACEMENT3D(#2702,#2703,#2704) ;
#2748=IFCAXIS2PLACEMENT3D(#2749,#2750,#2751) ;
#2787=IFCAXIS2PLACEMENT3D(#2788,#2789,#2790) ;
#2808=IFCAXIS2PLACEMENT3D(#2809,#2810,#2811) ;
#2845=IFCAXIS2PLACEMENT3D(#2846,#2847,#2848) ;
#2877=IFCAXIS2PLACEMENT3D(#2878,#2879,#2880) ;
#2895=IFCAXIS2PLACEMENT3D(#2896,#2897,#2898) ;
#2913=IFCAXIS2PLACEMENT3D(#2914,#2915,#2916) ;
#3021=IFCAXIS2PLACEMENT3D(#3022,#3023,#3024) ;
#3064=IFCAXIS2PLACEMENT3D(#3065,#3066,#3067) ;
#3113=IFCAXIS2PLACEMENT3D(#3114,#3115,#3116) ;
#3190=IFCAXIS2PLACEMENT3D(#3191,#3192,#3193) ;
#3255=IFCAXIS2PLACEMENT3D(#3256,#3257,#3258) ;
#3266=IFCAXIS2PLACEMENT3D(#3267,#3268,#3269) ;
#3284=IFCAXIS2PLACEMENT3D(#3285,#3286,#3287) ;
#3295=IFCAXIS2PLACEMENT3D(#3296,#3297,#3298) ;
#3314=IFCAXIS2PLACEMENT3D(#3315,#3316,#3317) ;
#3324=IFCAXIS2PLACEMENT3D(#3325,#3326,#3327) ;
#3343=IFCAXIS2PLACEMENT3D(#3344,#3345,#3346) ;
#3361=IFCAXIS2PLACEMENT3D(#3362,#3363,#3364) ;
#3384=IFCAXIS2PLACEMENT3D(#3385,#3386,#3387) ;
#3401=IFCAXIS2PLACEMENT3D(#3402,#3403,#3404) ;
#3420=IFCAXIS2PLACEMENT3D(#3421,#3422,#3423) ;
#3437=IFCAXIS2PLACEMENT3D(#3438,#3439,#3440) ;
#3443=IFCAXIS2PLACEMENT3D(#3444,#3445,#3446) ;
#3462=IFCAXIS2PLACEMENT3D(#3463,#3464,#3465) ;
#3480=IFCAXIS2PLACEMENT3D(#3481,#3482,#3483) ;
#3503=IFCAXIS2PLACEMENT3D(#3504,#3505,#3506) ;
#3516=IFCAXIS2PLACEMENT3D(#3517,#3518,#3519) ;
#3637=IFCAXIS2PLACEMENT3D(#3638,#3639,#3640) ;
#3669=IFCAXIS2PLACEMENT3D(#3670,#3671,#3672) ;
#3692=IFCAXIS2PLACEMENT3D(#3693,#3694,#3695) ;
#3778=IFCAXIS2PLACEMENT3D(#3779,#3780,#3781) ;
#3796=IFCAXIS2PLACEMENT3D(#3797,#3798,#3799) ;
#3821=IFCAXIS2PLACEMENT3D(#3822,#3823,#3824) ;
#3883=IFCAXIS2PLACEMENT3D(#3884,#3885,#3886) ;
#3950=IFCAXIS2PLACEMENT3D(#3951,#3952,#3953) ;
#3975=IFCAXIS2PLACEMENT3D(#3976,#3977,#3978) ;
#4000=IFCAXIS2PLACEMENT3D(#4001,#4002,#4003) ;
#4018=IFCAXIS2PLACEMENT3D(#4019,#4020,#4021) ;
#4031=IFCAXIS2PLACEMENT3D(#4032,#4033,#4034) ;
#4063=IFCAXIS2PLACEMENT3D(#4064,#4065,#4066) ;
#4095=IFCAXIS2PLACEMENT3D(#4096,#4097,#4098) ;
#4118=IFCAXIS2PLACEMENT3D(#4119,#4120,#4121) ;
#4131=IFCAXIS2PLACEMENT3D(#4132,#4133,#4134) ;
#4143=IFCAXIS2PLACEMENT3D(#4144,#4145,#4146) ;
#4149=IFCAXIS2PLACEMENT3D(#4150,#4151,#4152) ;
#4166=IFCAXIS2PLACEMENT3D(#4167,#4168,#4169) ;
#4186=IFCAXIS2PLACEMENT3D(#4187,#4188,#4189) ;
#4192=IFCAXIS2PLACEMENT3D(#4193,#4194,#4195) ;
#4209=IFCAXIS2PLACEMENT3D(#4210,#4211,#4212) ;
#4229=IFCAXIS2PLACEMENT3D(#4230,#4231,#4232) ;
#4235=IFCAXIS2PLACEMENT3D(#4236,#4237,#4238) ;
#4252=IFCAXIS2PLACEMENT3D(#4253,#4254,#4255) ;
#4272=IFCAXIS2PLACEMENT3D(#4273,#4274,#4275) ;
#4278=IFCAXIS2PLACEMENT3D(#4279,#4280,#4281) ;
#4295=IFCAXIS2PLACEMENT3D(#4296,#4297,#4298) ;
#4315=IFCAXIS2PLACEMENT3D(#4316,#4317,#4318) ;
#4321=IFCAXIS2PLACEMENT3D(#4322,#4323,#4324) ;
#4338=IFCAXIS2PLACEMENT3D(#4339,#4340,#4341) ;
#4358=IFCAXIS2PLACEMENT3D(#4359,#4360,#4361) ;
#4364=IFCAXIS2PLACEMENT3D(#4365,#4366,#4367) ;
#4381=IFCAXIS2PLACEMENT3D(#4382,#4383,#4384) ;
#4402=IFCAXIS2PLACEMENT3D(#4403,#4404,#4405) ;
#4434=IFCAXIS2PLACEMENT3D(#4435,#4436,#4437) ;
#4459=IFCAXIS2PLACEMENT3D(#4460,#4461,#4462) ;
#4500=IFCAXIS2PLACEMENT3D(#4501,#4502,#4503) ;
#4532=IFCAXIS2PLACEMENT3D(#4533,#4534,#4535) ;
#4543=IFCAXIS2PLACEMENT3D(#4544,#4545,#4546) ;
#4553=IFCAXIS2PLACEMENT3D(#4554,#4555,#4556) ;
#4563=IFCAXIS2PLACEMENT3D(#4564,#4565,#4566) ;
#4573=IFCAXIS2PLACEMENT3D(#4574,#4575,#4576) ;
#4583=IFCAXIS2PLACEMENT3D(#4584,#4585,#4586) ;
#4593=IFCAXIS2PLACEMENT3D(#4594,#4595,#4596) ;
#4603=IFCAXIS2PLACEMENT3D(#4604,#4605,#4606) ;
#4613=IFCAXIS2PLACEMENT3D(#4614,#4615,#4616) ;
#4623=IFCAXIS2PLACEMENT3D(#4624,#4625,#4626) ;
#4633=IFCAXIS2PLACEMENT3D(#4634,#4635,#4636) ;
#4643=IFCAXIS2PLACEMENT3D(#4644,#4645,#4646) ;
#4653=IFCAXIS2PLACEMENT3D(#4654,#4655,#4656) ;
#4665=IFCAXIS2PLACEMENT3D(#4666,#4667,#4668) ;
#4676=IFCAXIS2PLACEMENT3D(#4677,#4678,#4679) ;
#4686=IFCAXIS2PLACEMENT3D(#4687,#4688,#4689) ;
#4696=IFCAXIS2PLACEMENT3D(#4697,#4698,#4699) ;
#4706=IFCAXIS2PLACEMENT3D(#4707,#4708,#4709) ;
#4716=IFCAXIS2PLACEMENT3D(#4717,#4718,#4719) ;
#4726=IFCAXIS2PLACEMENT3D(#4727,#4728,#4729) ;
#4736=IFCAXIS2PLACEMENT3D(#4737,#4738,#4739) ;
#4746=IFCAXIS2PLACEMENT3D(#4747,#4748,#4749) ;
#4756=IFCAXIS2PLACEMENT3D(#4757,#4758,#4759) ;
#4766=IFCAXIS2PLACEMENT3D(#4767,#4768,#4769) ;
#4776=IFCAXIS2PLACEMENT3D(#4777,#4778,#4779) ;
#4786=IFCAXIS2PLACEMENT3D(#4787,#4788,#4789) ;
#4798=IFCAXIS2PLACEMENT3D(#4799,#4800,#4801) ;
#4821=IFCAXIS2PLACEMENT3D(#4822,#4823,#4824) ;
#4831=IFCAXIS2PLACEMENT3D(#4832,#4833,#4834) ;
#4841=IFCAXIS2PLACEMENT3D(#4842,#4843,#4844) ;
#4851=IFCAXIS2PLACEMENT3D(#4852,#4853,#4854) ;
#4861=IFCAXIS2PLACEMENT3D(#4862,#4863,#4864) ;
#4871=IFCAXIS2PLACEMENT3D(#4872,#4873,#4874) ;
#4883=IFCAXIS2PLACEMENT3D(#4884,#4885,#4886) ;
#4906=IFCAXIS2PLACEMENT3D(#4907,#4908,#4909) ;
#4916=IFCAXIS2PLACEMENT3D(#4917,#4918,#4919) ;
#4926=IFCAXIS2PLACEMENT3D(#4927,#4928,#4929) ;
#4936=IFCAXIS2PLACEMENT3D(#4937,#4938,#4939) ;
#4946=IFCAXIS2PLACEMENT3D(#4947,#4948,#4949) ;
#4956=IFCAXIS2PLACEMENT3D(#4957,#4958,#4959) ;
#4968=IFCAXIS2PLACEMENT3D(#4969,#4970,#4971) ;
#4981=IFCAXIS2PLACEMENT3D(#4982,#4983,#4984) ;
#4994=IFCAXIS2PLACEMENT3D(#4995,#4996,#4997) ;
#5017=IFCAXIS2PLACEMENT3D(#5018,#5019,#5020) ;
#5027=IFCAXIS2PLACEMENT3D(#5028,#5029,#5030) ;
#5037=IFCAXIS2PLACEMENT3D(#5038,#5039,#5040) ;
#5047=IFCAXIS2PLACEMENT3D(#5048,#5049,#5050) ;
#5057=IFCAXIS2PLACEMENT3D(#5058,#5059,#5060) ;
#5067=IFCAXIS2PLACEMENT3D(#5068,#5069,#5070) ;
#5077=IFCAXIS2PLACEMENT3D(#5078,#5079,#5080) ;
#5087=IFCAXIS2PLACEMENT3D(#5088,#5089,#5090) ;
#5097=IFCAXIS2PLACEMENT3D(#5098,#5099,#5100) ;
#5107=IFCAXIS2PLACEMENT3D(#5108,#5109,#5110) ;
#5117=IFCAXIS2PLACEMENT3D(#5118,#5119,#5120) ;
#5127=IFCAXIS2PLACEMENT3D(#5128,#5129,#5130) ;
#5139=IFCAXIS2PLACEMENT3D(#5140,#5141,#5142) ;
#5152=IFCAXIS2PLACEMENT3D(#5153,#5154,#5155) ;
#5164=IFCAXIS2PLACEMENT3D(#5165,#5166,#5167) ;
#5187=IFCAXIS2PLACEMENT3D(#5188,#5189,#5190) ;
#5210=IFCAXIS2PLACEMENT3D(#5211,#5212,#5213) ;
#5233=IFCAXIS2PLACEMENT3D(#5234,#5235,#5236) ;
#5256=IFCAXIS2PLACEMENT3D(#5257,#5258,#5259) ;
#5279=IFCAXIS2PLACEMENT3D(#5280,#5281,#5282) ;
#5302=IFCAXIS2PLACEMENT3D(#5303,#5304,#5305) ;
#5325=IFCAXIS2PLACEMENT3D(#5326,#5327,#5328) ;
#5348=IFCAXIS2PLACEMENT3D(#5349,#5350,#5351) ;
#5371=IFCAXIS2PLACEMENT3D(#5372,#5373,#5374) ;
#5394=IFCAXIS2PLACEMENT3D(#5395,#5396,#5397) ;
#5417=IFCAXIS2PLACEMENT3D(#5418,#5419,#5420) ;
#5440=IFCAXIS2PLACEMENT3D(#5441,#5442,#5443) ;
#5453=IFCAXIS2PLACEMENT3D(#5454,#5455,#5456) ;
#5466=IFCAXIS2PLACEMENT3D(#5467,#5468,#5469) ;
#5479=IFCAXIS2PLACEMENT3D(#5480,#5481,#5482) ;
#5492=IFCAXIS2PLACEMENT3D(#5493,#5494,#5495) ;
#5505=IFCAXIS2PLACEMENT3D(#5506,#5507,#5508) ;
#5518=IFCAXIS2PLACEMENT3D(#5519,#5520,#5521) ;
#5531=IFCAXIS2PLACEMENT3D(#5532,#5533,#5534) ;
#5544=IFCAXIS2PLACEMENT3D(#5545,#5546,#5547) ;
#5557=IFCAXIS2PLACEMENT3D(#5558,#5559,#5560) ;
#5570=IFCAXIS2PLACEMENT3D(#5571,#5572,#5573) ;
#5583=IFCAXIS2PLACEMENT3D(#5584,#5585,#5586) ;
#5596=IFCAXIS2PLACEMENT3D(#5597,#5598,#5599) ;
#5609=IFCAXIS2PLACEMENT3D(#5610,#5611,#5612) ;
#5622=IFCAXIS2PLACEMENT3D(#5623,#5624,#5625) ;
#5635=IFCAXIS2PLACEMENT3D(#5636,#5637,#5638) ;
#5648=IFCAXIS2PLACEMENT3D(#5649,#5650,#5651) ;
#5661=IFCAXIS2PLACEMENT3D(#5662,#5663,#5664) ;
#5689=IFCAXIS2PLACEMENT3D(#5690,#5691,#5692) ;
#181=IFCCOLOURRGB($,0.752941176471,0.752941176471,0.752941176471) ;
#1765=IFCCOLOURRGB($,1.,1.,1.) ;
#18=IFCGEOMETRICREPRESENTATIONCONTEXT($,'Model',3,1.E-05,#14,$) ;
#153=IFCEDGECURVE(#150,#152,#144,.T.) ;
#160=IFCEDGECURVE(#150,#159,#154,.F.) ;
#168=IFCEDGECURVE(#159,#167,#161,.T.) ;
#173=IFCEDGECURVE(#167,#152,#169,.T.) ;
#199=IFCEDGECURVE(#196,#198,#191,.F.) ;
#207=IFCEDGECURVE(#198,#206,#200,.T.) ;
#214=IFCEDGECURVE(#213,#206,#208,.F.) ;
#220=IFCEDGECURVE(#196,#213,#215,.T.) ;
#242=IFCEDGECURVE(#239,#241,#234,.F.) ;
#250=IFCEDGECURVE(#241,#249,#243,.T.) ;
#257=IFCEDGECURVE(#256,#249,#251,.F.) ;
#263=IFCEDGECURVE(#239,#256,#258,.T.) ;
#285=IFCEDGECURVE(#282,#284,#277,.T.) ;
#290=IFCEDGECURVE(#284,#198,#286,.T.) ;
#295=IFCEDGECURVE(#282,#196,#291,.T.) ;
#313=IFCEDGECURVE(#213,#239,#309,.T.) ;
#318=IFCEDGECURVE(#206,#241,#314,.T.) ;
#340=IFCEDGECURVE(#337,#339,#332,.T.) ;
#347=IFCEDGECURVE(#346,#337,#341,.F.) ;
#354=IFCEDGECURVE(#346,#353,#348,.T.) ;
#359=IFCEDGECURVE(#353,#339,#355,.F.) ;
#381=IFCEDGECURVE(#378,#380,#373,.F.) ;
#388=IFCEDGECURVE(#378,#387,#382,.T.) ;
#395=IFCEDGECURVE(#394,#387,#389,.T.) ;
#400=IFCEDGECURVE(#380,#394,#396,.T.) ;
#422=IFCEDGECURVE(#419,#421,#414,.T.) ;
#429=IFCEDGECURVE(#428,#419,#423,.T.) ;
#436=IFCEDGECURVE(#435,#428,#430,.F.) ;
#441=IFCEDGECURVE(#435,#421,#437,.T.) ;
#463=IFCEDGECURVE(#460,#462,#455,.T.) ;
#470=IFCEDGECURVE(#469,#460,#464,.T.) ;
#477=IFCEDGECURVE(#469,#476,#471,.F.) ;
#482=IFCEDGECURVE(#476,#462,#478,.T.) ;
#502=IFCEDGECURVE(#501,#150,#496,.T.) ;
#509=IFCEDGECURVE(#501,#508,#503,.F.) ;
#514=IFCEDGECURVE(#508,#159,#510,.T.) ;
#536=IFCEDGECURVE(#533,#535,#528,.F.) ;
#543=IFCEDGECURVE(#542,#533,#537,.T.) ;
#550=IFCEDGECURVE(#542,#549,#544,.F.) ;
#555=IFCEDGECURVE(#549,#535,#551,.T.) ;
#577=IFCEDGECURVE(#574,#576,#569,.F.) ;
#584=IFCEDGECURVE(#583,#574,#578,.T.) ;
#591=IFCEDGECURVE(#583,#590,#585,.F.) ;
#596=IFCEDGECURVE(#590,#576,#592,.T.) ;
#618=IFCEDGECURVE(#615,#617,#610,.F.) ;
#623=IFCEDGECURVE(#256,#615,#619,.T.) ;
#628=IFCEDGECURVE(#249,#617,#624,.T.) ;
#647=IFCEDGECURVE(#576,#549,#642,.T.) ;
#653=IFCEDGECURVE(#574,#542,#648,.T.) ;
#672=IFCEDGECURVE(#617,#590,#667,.T.) ;
#678=IFCEDGECURVE(#615,#583,#673,.T.) ;
#697=IFCEDGECURVE(#535,#476,#692,.T.) ;
#703=IFCEDGECURVE(#533,#469,#698,.T.) ;
#726=IFCEDGECURVE(#723,#725,#717,.T.) ;
#733=IFCEDGECURVE(#723,#732,#727,.F.) ;
#741=IFCEDGECURVE(#732,#740,#734,.T.) ;
#746=IFCEDGECURVE(#740,#725,#742,.T.) ;
#769=IFCEDGECURVE(#766,#768,#760,.T.) ;
#776=IFCEDGECURVE(#766,#775,#770,.F.) ;
#784=IFCEDGECURVE(#775,#783,#777,.T.) ;
#789=IFCEDGECURVE(#783,#768,#785,.T.) ;
#808=IFCEDGECURVE(#339,#282,#803,.T.) ;
#814=IFCEDGECURVE(#284,#353,#809,.T.) ;
#837=IFCEDGECURVE(#834,#836,#828,.T.) ;
#844=IFCEDGECURVE(#843,#834,#838,.T.) ;
#852=IFCEDGECURVE(#851,#843,#845,.T.) ;
#857=IFCEDGECURVE(#851,#836,#853,.T.) ;
#879=IFCEDGECURVE(#876,#878,#871,.T.) ;
#886=IFCEDGECURVE(#885,#878,#880,.T.) ;
#893=IFCEDGECURVE(#892,#885,#887,.T.) ;
#898=IFCEDGECURVE(#876,#892,#894,.T.) ;
#919=IFCEDGECURVE(#918,#885,#912,.T.) ;
#926=IFCEDGECURVE(#925,#918,#920,.T.) ;
#932=IFCEDGECURVE(#892,#925,#927,.T.) ;
#952=IFCEDGECURVE(#951,#918,#946,.T.) ;
#959=IFCEDGECURVE(#958,#951,#953,.T.) ;
#964=IFCEDGECURVE(#925,#958,#960,.T.) ;
#983=IFCEDGECURVE(#878,#951,#978,.T.) ;
#989=IFCEDGECURVE(#958,#876,#984,.T.) ;
#1012=IFCEDGECURVE(#1009,#1011,#1003,.T.) ;
#1019=IFCEDGECURVE(#1018,#1009,#1013,.T.) ;
#1027=IFCEDGECURVE(#1026,#1018,#1020,.T.) ;
#1032=IFCEDGECURVE(#1026,#1011,#1028,.T.) ;
#1055=IFCEDGECURVE(#1052,#1054,#1046,.T.) ;
#1062=IFCEDGECURVE(#1061,#1052,#1056,.T.) ;
#1070=IFCEDGECURVE(#1069,#1061,#1063,.T.) ;
#1075=IFCEDGECURVE(#1069,#1054,#1071,.T.) ;
#1098=IFCEDGECURVE(#1095,#1097,#1089,.T.) ;
#1105=IFCEDGECURVE(#1104,#1095,#1099,.T.) ;
#1113=IFCEDGECURVE(#1112,#1104,#1106,.T.) ;
#1118=IFCEDGECURVE(#1112,#1097,#1114,.T.) ;
#1137=IFCEDGECURVE(#428,#460,#1132,.T.) ;
#1144=IFCEDGECURVE(#419,#1143,#1138,.T.) ;
#1151=IFCEDGECURVE(#1143,#1150,#1145,.T.) ;
#1158=IFCEDGECURVE(#1150,#1157,#1152,.T.) ;
#1166=IFCEDGECURVE(#1165,#1157,#1159,.T.) ;
#1173=IFCEDGECURVE(#1165,#1172,#1167,.T.) ;
#1179=IFCEDGECURVE(#380,#1172,#1174,.F.) ;
#1185=IFCEDGECURVE(#766,#394,#1180,.T.) ;
#1191=IFCEDGECURVE(#768,#501,#1186,.T.) ;
#1199=IFCEDGECURVE(#152,#1198,#1192,.T.) ;
#1204=IFCEDGECURVE(#1198,#723,#1200,.T.) ;
#1212=IFCEDGECURVE(#725,#1211,#1205,.T.) ;
#1219=IFCEDGECURVE(#1211,#1218,#1213,.T.) ;
#1225=IFCEDGECURVE(#337,#1218,#1220,.T.) ;
#1266=IFCEDGECURVE(#1018,#1026,#1261,.T.) ;
#1276=IFCEDGECURVE(#1061,#1069,#1271,.T.) ;
#1286=IFCEDGECURVE(#843,#851,#1281,.T.) ;
#1302=IFCEDGECURVE(#1104,#1112,#1297,.T.) ;
#1321=IFCEDGECURVE(#1320,#346,#1314,.F.) ;
#1328=IFCEDGECURVE(#1327,#1320,#1322,.T.) ;
#1334=IFCEDGECURVE(#740,#1327,#1329,.T.) ;
#1341=IFCEDGECURVE(#1340,#732,#1335,.T.) ;
#1347=IFCEDGECURVE(#167,#1340,#1342,.T.) ;
#1353=IFCEDGECURVE(#783,#508,#1348,.T.) ;
#1359=IFCEDGECURVE(#387,#775,#1354,.F.) ;
#1367=IFCEDGECURVE(#1366,#378,#1360,.T.) ;
#1374=IFCEDGECURVE(#1373,#1366,#1368,.T.) ;
#1382=IFCEDGECURVE(#1381,#1373,#1375,.F.) ;
#1389=IFCEDGECURVE(#1388,#1381,#1383,.T.) ;
#1396=IFCEDGECURVE(#1395,#1388,#1390,.T.) ;
#1401=IFCEDGECURVE(#421,#1395,#1397,.T.) ;
#1407=IFCEDGECURVE(#462,#435,#1402,.F.) ;
#1448=IFCEDGECURVE(#1011,#1009,#1443,.T.) ;
#1458=IFCEDGECURVE(#1054,#1052,#1453,.T.) ;
#1468=IFCEDGECURVE(#836,#834,#1463,.T.) ;
#1484=IFCEDGECURVE(#1097,#1095,#1479,.T.) ;
#1500=IFCEDGECURVE(#1218,#1320,#1496,.T.) ;
#1544=IFCEDGECURVE(#1172,#1366,#1540,.T.) ;
#1562=IFCEDGECURVE(#1157,#1381,#1558,.T.) ;
#1567=IFCEDGECURVE(#1373,#1165,#1563,.F.) ;
#1585=IFCEDGECURVE(#1198,#1340,#1581,.F.) ;
#1603=IFCEDGECURVE(#1211,#1327,#1599,.F.) ;
#1621=IFCEDGECURVE(#1143,#1395,#1617,.T.) ;
#1639=IFCEDGECURVE(#1150,#1388,#1635,.T.) ;
#1870=IFCEDGECURVE(#1867,#1869,#1861,.F.) ;
#1877=IFCEDGECURVE(#1876,#1869,#1871,.F.) ;
#1903=IFCEDGECURVE(#1876,#1902,#1878,.T.) ;
#1908=IFCEDGECURVE(#1902,#1867,#1904,.F.) ;
#1943=IFCEDGECURVE(#1940,#1942,#1922,.T.) ;
#1950=IFCEDGECURVE(#1949,#1940,#1944,.T.) ;
#1958=IFCEDGECURVE(#1957,#1949,#1951,.F.) ;
#1963=IFCEDGECURVE(#1942,#1957,#1959,.F.) ;
#1981=IFCEDGECURVE(#1957,#1867,#1977,.T.) ;
#1986=IFCEDGECURVE(#1949,#1869,#1982,.F.) ;
#2040=IFCEDGECURVE(#1942,#1902,#2036,.T.) ;
#2045=IFCEDGECURVE(#1876,#1940,#2041,.F.) ;
#2067=IFCEDGECURVE(#2064,#2066,#2059,.F.) ;
#2074=IFCEDGECURVE(#2073,#2064,#2068,.T.) ;
#2081=IFCEDGECURVE(#2080,#2073,#2075,.T.) ;
#2086=IFCEDGECURVE(#2080,#2066,#2082,.T.) ;
#2108=IFCEDGECURVE(#2105,#2107,#2100,.T.) ;
#2114=IFCEDGECURVE(#1902,#2107,#2109,.T.) ;
#2120=IFCEDGECURVE(#1942,#2105,#2115,.T.) ;
#2142=IFCEDGECURVE(#2139,#2141,#2134,.T.) ;
#2150=IFCEDGECURVE(#2149,#2141,#2143,.T.) ;
#2157=IFCEDGECURVE(#2156,#2149,#2151,.T.) ;
#2163=IFCEDGECURVE(#2156,#2139,#2158,.T.) ;
#2186=IFCEDGECURVE(#2183,#2185,#2177,.F.) ;
#2193=IFCEDGECURVE(#2192,#2185,#2187,.F.) ;
#2219=IFCEDGECURVE(#2192,#2218,#2194,.T.) ;
#2224=IFCEDGECURVE(#2218,#2183,#2220,.F.) ;
#2259=IFCEDGECURVE(#2256,#2258,#2238,.T.) ;
#2266=IFCEDGECURVE(#2265,#2256,#2260,.T.) ;
#2274=IFCEDGECURVE(#2273,#2265,#2267,.F.) ;
#2279=IFCEDGECURVE(#2258,#2273,#2275,.F.) ;
#2297=IFCEDGECURVE(#2273,#2183,#2293,.T.) ;
#2302=IFCEDGECURVE(#2265,#2185,#2298,.F.) ;
#2356=IFCEDGECURVE(#2258,#2218,#2352,.T.) ;
#2361=IFCEDGECURVE(#2192,#2256,#2357,.F.) ;
#2383=IFCEDGECURVE(#2380,#2382,#2375,.T.) ;
#2390=IFCEDGECURVE(#2389,#2380,#2384,.T.) ;
#2397=IFCEDGECURVE(#2389,#2396,#2391,.T.) ;
#2402=IFCEDGECURVE(#2396,#2382,#2398,.T.) ;
#2443=IFCEDGECURVE(#2440,#2442,#2416,.T.) ;
#2450=IFCEDGECURVE(#2449,#2442,#2444,.F.) ;
#2458=IFCEDGECURVE(#2449,#2457,#2451,.T.) ;
#2463=IFCEDGECURVE(#2457,#2440,#2459,.F.) ;
#2486=IFCEDGECURVE(#2483,#2485,#2477,.T.) ;
#2493=IFCEDGECURVE(#2492,#2483,#2487,.T.) ;
#2513=IFCEDGECURVE(#2512,#2492,#2494,.T.) ;
#2518=IFCEDGECURVE(#2485,#2512,#2514,.F.) ;
#2538=IFCEDGECURVE(#2449,#2537,#2532,.T.) ;
#2545=IFCEDGECURVE(#2442,#2544,#2539,.T.) ;
#2552=IFCEDGECURVE(#2551,#2544,#2546,.T.) ;
#2559=IFCEDGECURVE(#2551,#2558,#2553,.T.) ;
#2564=IFCEDGECURVE(#2558,#2537,#2560,.T.) ;
#2582=IFCEDGECURVE(#2579,#2581,#2573,.T.) ;
#2588=IFCEDGECURVE(#2581,#2579,#2583,.T.) ;
#2602=IFCEDGECURVE(#2599,#2601,#2593,.T.) ;
#2608=IFCEDGECURVE(#2601,#2599,#2603,.T.) ;
#2622=IFCEDGECURVE(#2619,#2621,#2613,.T.) ;
#2628=IFCEDGECURVE(#2621,#2619,#2623,.T.) ;
#2642=IFCEDGECURVE(#2639,#2641,#2633,.T.) ;
#2648=IFCEDGECURVE(#2641,#2639,#2643,.T.) ;
#2662=IFCEDGECURVE(#2659,#2661,#2653,.T.) ;
#2668=IFCEDGECURVE(#2661,#2659,#2663,.T.) ;
#2682=IFCEDGECURVE(#2679,#2681,#2673,.T.) ;
#2688=IFCEDGECURVE(#2681,#2679,#2683,.T.) ;
#2709=IFCEDGECURVE(#2706,#2708,#2700,.T.) ;
#2716=IFCEDGECURVE(#2715,#2706,#2710,.T.) ;
#2734=IFCEDGECURVE(#2139,#2715,#2717,.T.) ;
#2739=IFCEDGECURVE(#2708,#2139,#2735,.F.) ;
#2778=IFCEDGECURVE(#2141,#2777,#2753,.T.) ;
#2785=IFCEDGECURVE(#2784,#2777,#2779,.F.) ;
#2793=IFCEDGECURVE(#2784,#2792,#2786,.T.) ;
#2798=IFCEDGECURVE(#2792,#2141,#2794,.F.) ;
#2818=IFCEDGECURVE(#2784,#2817,#2812,.T.) ;
#2825=IFCEDGECURVE(#2817,#2824,#2819,.T.) ;
#2830=IFCEDGECURVE(#2706,#2824,#2826,.F.) ;
#2835=IFCEDGECURVE(#2706,#2784,#2831,.F.) ;
#2855=IFCEDGECURVE(#2824,#2854,#2849,.F.) ;
#2862=IFCEDGECURVE(#2817,#2861,#2856,.T.) ;
#2867=IFCEDGECURVE(#2861,#2854,#2863,.T.) ;
#2885=IFCEDGECURVE(#2715,#2854,#2881,.T.) ;
#2903=IFCEDGECURVE(#2777,#2861,#2899,.T.) ;
#2921=IFCEDGECURVE(#2777,#2715,#2917,.T.) ;
#2994=IFCEDGECURVE(#2064,#2149,#2971,.T.) ;
#3012=IFCEDGECURVE(#2066,#2156,#2995,.T.) ;
#3032=IFCEDGECURVE(#3031,#2066,#3026,.T.) ;
#3050=IFCEDGECURVE(#2105,#3031,#3033,.T.) ;
#3055=IFCEDGECURVE(#2156,#2105,#3051,.F.) ;
#3094=IFCEDGECURVE(#2107,#3093,#3069,.T.) ;
#3099=IFCEDGECURVE(#2064,#3093,#3095,.F.) ;
#3104=IFCEDGECURVE(#2149,#2107,#3100,.F.) ;
#3143=IFCEDGECURVE(#3142,#2389,#3118,.T.) ;
#3150=IFCEDGECURVE(#3149,#2389,#3144,.F.) ;
#3176=IFCEDGECURVE(#3149,#3175,#3151,.T.) ;
#3181=IFCEDGECURVE(#3175,#3142,#3177,.F.) ;
#3216=IFCEDGECURVE(#3213,#3215,#3195,.T.) ;
#3221=IFCEDGECURVE(#2396,#3213,#3217,.T.) ;
#3241=IFCEDGECURVE(#3240,#2396,#3222,.T.) ;
#3246=IFCEDGECURVE(#3215,#3240,#3242,.F.) ;
#3264=IFCEDGECURVE(#2107,#3175,#3260,.T.) ;
#3270=IFCEDGECURVE(#3175,#2440,#3265,.T.) ;
#3275=IFCEDGECURVE(#1902,#2440,#3271,.T.) ;
#3293=IFCEDGECURVE(#2141,#2218,#3289,.T.) ;
#3299=IFCEDGECURVE(#2218,#3142,#3294,.T.) ;
#3304=IFCEDGECURVE(#2149,#3142,#3300,.T.) ;
#3322=IFCEDGECURVE(#3215,#3175,#3318,.T.) ;
#3328=IFCEDGECURVE(#3215,#2512,#3323,.T.) ;
#3333=IFCEDGECURVE(#2512,#2440,#3329,.T.) ;
#3351=IFCEDGECURVE(#1867,#2457,#3347,.T.) ;
#3369=IFCEDGECURVE(#2485,#2457,#3365,.T.) ;
#3374=IFCEDGECURVE(#1957,#2485,#3370,.T.) ;
#3392=IFCEDGECURVE(#1942,#2512,#3388,.T.) ;
#3410=IFCEDGECURVE(#2105,#3215,#3406,.T.) ;
#3428=IFCEDGECURVE(#2156,#3240,#3424,.T.) ;
#3447=IFCEDGECURVE(#2258,#3240,#3442,.T.) ;
#3452=IFCEDGECURVE(#2139,#2258,#3448,.T.) ;
#3470=IFCEDGECURVE(#2708,#2273,#3466,.T.) ;
#3488=IFCEDGECURVE(#2792,#2183,#3484,.T.) ;
#3493=IFCEDGECURVE(#2708,#2792,#3489,.T.) ;
#3524=IFCEDGECURVE(#3240,#3142,#3520,.T.) ;
#3627=IFCEDGECURVE(#3149,#3213,#3623,.F.) ;
#3647=IFCEDGECURVE(#3646,#2382,#3641,.F.) ;
#3654=IFCEDGECURVE(#3646,#3653,#3648,.T.) ;
#3659=IFCEDGECURVE(#3653,#2380,#3655,.T.) ;
#3677=IFCEDGECURVE(#3653,#3149,#3673,.T.) ;
#3682=IFCEDGECURVE(#3646,#3213,#3678,.T.) ;
#3702=IFCEDGECURVE(#3701,#2192,#3696,.T.) ;
#3709=IFCEDGECURVE(#3708,#3701,#3703,.T.) ;
#3714=IFCEDGECURVE(#3708,#2256,#3710,.T.) ;
#3768=IFCEDGECURVE(#2442,#2492,#3764,.T.) ;
#3786=IFCEDGECURVE(#2483,#2449,#3782,.F.) ;
#3806=IFCEDGECURVE(#2544,#3805,#3800,.T.) ;
#3811=IFCEDGECURVE(#2492,#3805,#3807,.T.) ;
#3940=IFCEDGECURVE(#3093,#3031,#3936,.T.) ;
#3960=IFCEDGECURVE(#3093,#3959,#3954,.T.) ;
#3965=IFCEDGECURVE(#2073,#3959,#3961,.T.) ;
#3985=IFCEDGECURVE(#3031,#3984,#3979,.T.) ;
#3990=IFCEDGECURVE(#2080,#3984,#3986,.F.) ;
#4008=IFCEDGECURVE(#3959,#3984,#4004,.T.) ;
#4041=IFCEDGECURVE(#4040,#1869,#4035,.T.) ;
#4048=IFCEDGECURVE(#4047,#4040,#4042,.T.) ;
#4053=IFCEDGECURVE(#4047,#1876,#4049,.T.) ;
#4073=IFCEDGECURVE(#4072,#1949,#4067,.F.) ;
#4080=IFCEDGECURVE(#4079,#1940,#4074,.T.) ;
#4085=IFCEDGECURVE(#4079,#4072,#4081,.F.) ;
#4103=IFCEDGECURVE(#4040,#4072,#4099,.T.) ;
#4108=IFCEDGECURVE(#4079,#4047,#4104,.T.) ;
#4157=IFCEDGECURVE(#4154,#4156,#4148,.T.) ;
#4164=IFCEDGECURVE(#4163,#4154,#4158,.T.) ;
#4172=IFCEDGECURVE(#4171,#4163,#4165,.T.) ;
#4177=IFCEDGECURVE(#4171,#4156,#4173,.T.) ;
#4200=IFCEDGECURVE(#4197,#4199,#4191,.T.) ;
#4207=IFCEDGECURVE(#4206,#4197,#4201,.T.) ;
#4215=IFCEDGECURVE(#4214,#4206,#4208,.T.) ;
#4220=IFCEDGECURVE(#4214,#4199,#4216,.T.) ;
#4243=IFCEDGECURVE(#4240,#4242,#4234,.T.) ;
#4250=IFCEDGECURVE(#4249,#4240,#4244,.T.) ;
#4258=IFCEDGECURVE(#4257,#4249,#4251,.T.) ;
#4263=IFCEDGECURVE(#4257,#4242,#4259,.T.) ;
#4286=IFCEDGECURVE(#4283,#4285,#4277,.T.) ;
#4293=IFCEDGECURVE(#4292,#4283,#4287,.T.) ;
#4301=IFCEDGECURVE(#4300,#4292,#4294,.T.) ;
#4306=IFCEDGECURVE(#4300,#4285,#4302,.T.) ;
#4329=IFCEDGECURVE(#4326,#4328,#4320,.T.) ;
#4336=IFCEDGECURVE(#4335,#4326,#4330,.T.) ;
#4344=IFCEDGECURVE(#4343,#4335,#4337,.T.) ;
#4349=IFCEDGECURVE(#4343,#4328,#4345,.T.) ;
#4372=IFCEDGECURVE(#4369,#4371,#4363,.T.) ;
#4379=IFCEDGECURVE(#4378,#4369,#4373,.T.) ;
#4387=IFCEDGECURVE(#4386,#4378,#4380,.T.) ;
#4392=IFCEDGECURVE(#4386,#4371,#4388,.T.) ;
#4412=IFCEDGECURVE(#4411,#2558,#4406,.T.) ;
#4419=IFCEDGECURVE(#2551,#4418,#4413,.T.) ;
#4424=IFCEDGECURVE(#4411,#4418,#4420,.T.) ;
#4444=IFCEDGECURVE(#4443,#2537,#4438,.T.) ;
#4449=IFCEDGECURVE(#4443,#4411,#4445,.T.) ;
#4471=IFCEDGECURVE(#4468,#4470,#4463,.T.) ;
#4478=IFCEDGECURVE(#4477,#4470,#4472,.T.) ;
#4485=IFCEDGECURVE(#4484,#4477,#4479,.T.) ;
#4490=IFCEDGECURVE(#4468,#4484,#4486,.T.) ;
#4510=IFCEDGECURVE(#4509,#4477,#4504,.T.) ;
#4517=IFCEDGECURVE(#4509,#4516,#4511,.T.) ;
#4522=IFCEDGECURVE(#4484,#4516,#4518,.T.) ;
#4551=IFCEDGECURVE(#4548,#4550,#4542,.T.) ;
#4557=IFCEDGECURVE(#4550,#4548,#4552,.T.) ;
#4571=IFCEDGECURVE(#4568,#4570,#4562,.T.) ;
#4577=IFCEDGECURVE(#4570,#4568,#4572,.T.) ;
#4591=IFCEDGECURVE(#4588,#4590,#4582,.T.) ;
#4597=IFCEDGECURVE(#4590,#4588,#4592,.T.) ;
#4611=IFCEDGECURVE(#4608,#4610,#4602,.T.) ;
#4617=IFCEDGECURVE(#4610,#4608,#4612,.T.) ;
#4631=IFCEDGECURVE(#4628,#4630,#4622,.T.) ;
#4637=IFCEDGECURVE(#4630,#4628,#4632,.T.) ;
#4651=IFCEDGECURVE(#4648,#4650,#4642,.T.) ;
#4657=IFCEDGECURVE(#4650,#4648,#4652,.T.) ;
#4684=IFCEDGECURVE(#4681,#4683,#4675,.T.) ;
#4690=IFCEDGECURVE(#4683,#4681,#4685,.T.) ;
#4704=IFCEDGECURVE(#4701,#4703,#4695,.T.) ;
#4710=IFCEDGECURVE(#4703,#4701,#4705,.T.) ;
#4724=IFCEDGECURVE(#4721,#4723,#4715,.T.) ;
#4730=IFCEDGECURVE(#4723,#4721,#4725,.T.) ;
#4744=IFCEDGECURVE(#4741,#4743,#4735,.T.) ;
#4750=IFCEDGECURVE(#4743,#4741,#4745,.T.) ;
#4764=IFCEDGECURVE(#4761,#4763,#4755,.T.) ;
#4770=IFCEDGECURVE(#4763,#4761,#4765,.T.) ;
#4784=IFCEDGECURVE(#4781,#4783,#4775,.T.) ;
#4790=IFCEDGECURVE(#4783,#4781,#4785,.T.) ;
#4806=IFCEDGECURVE(#4509,#2185,#4802,.T.) ;
#4811=IFCEDGECURVE(#3701,#4470,#4807,.T.) ;
#4825=IFCEDGECURVE(#4371,#4369,#4820,.T.) ;
#4835=IFCEDGECURVE(#4328,#4326,#4830,.T.) ;
#4845=IFCEDGECURVE(#4285,#4283,#4840,.T.) ;
#4855=IFCEDGECURVE(#4242,#4240,#4850,.T.) ;
#4865=IFCEDGECURVE(#4199,#4197,#4860,.T.) ;
#4875=IFCEDGECURVE(#4156,#4154,#4870,.T.) ;
#4891=IFCEDGECURVE(#4516,#2265,#4887,.F.) ;
#4896=IFCEDGECURVE(#3708,#4468,#4892,.F.) ;
#4910=IFCEDGECURVE(#4378,#4386,#4905,.T.) ;
#4920=IFCEDGECURVE(#4335,#4343,#4915,.T.) ;
#4930=IFCEDGECURVE(#4292,#4300,#4925,.T.) ;
#4940=IFCEDGECURVE(#4249,#4257,#4935,.T.) ;
#4950=IFCEDGECURVE(#4206,#4214,#4945,.T.) ;
#4960=IFCEDGECURVE(#4163,#4171,#4955,.T.) ;
#5002=IFCEDGECURVE(#4418,#3805,#4998,.F.) ;
#5007=IFCEDGECURVE(#2483,#4443,#5003,.F.) ;
#5025=IFCEDGECURVE(#5022,#5024,#5016,.T.) ;
#5031=IFCEDGECURVE(#5024,#5022,#5026,.T.) ;
#5045=IFCEDGECURVE(#5042,#5044,#5036,.T.) ;
#5051=IFCEDGECURVE(#5044,#5042,#5046,.T.) ;
#5065=IFCEDGECURVE(#5062,#5064,#5056,.T.) ;
#5071=IFCEDGECURVE(#5064,#5062,#5066,.T.) ;
#5085=IFCEDGECURVE(#5082,#5084,#5076,.T.) ;
#5091=IFCEDGECURVE(#5084,#5082,#5086,.T.) ;
#5105=IFCEDGECURVE(#5102,#5104,#5096,.T.) ;
#5111=IFCEDGECURVE(#5104,#5102,#5106,.T.) ;
#5125=IFCEDGECURVE(#5122,#5124,#5116,.T.) ;
#5131=IFCEDGECURVE(#5124,#5122,#5126,.T.) ;
#5173=IFCEDGECURVE(#4783,#4650,#5169,.T.) ;
#5178=IFCEDGECURVE(#4781,#4648,#5174,.T.) ;
#5196=IFCEDGECURVE(#4763,#4630,#5192,.T.) ;
#5201=IFCEDGECURVE(#4761,#4628,#5197,.T.) ;
#5219=IFCEDGECURVE(#4743,#4610,#5215,.T.) ;
#5224=IFCEDGECURVE(#4741,#4608,#5220,.T.) ;
#5242=IFCEDGECURVE(#4723,#4590,#5238,.T.) ;
#5247=IFCEDGECURVE(#4721,#4588,#5243,.T.) ;
#5265=IFCEDGECURVE(#4703,#4570,#5261,.T.) ;
#5270=IFCEDGECURVE(#4701,#4568,#5266,.T.) ;
#5288=IFCEDGECURVE(#4683,#4550,#5284,.T.) ;
#5293=IFCEDGECURVE(#4681,#4548,#5289,.T.) ;
#5311=IFCEDGECURVE(#5124,#2681,#5307,.T.) ;
#5316=IFCEDGECURVE(#5122,#2679,#5312,.T.) ;
#5334=IFCEDGECURVE(#5104,#2661,#5330,.T.) ;
#5339=IFCEDGECURVE(#5102,#2659,#5335,.T.) ;
#5357=IFCEDGECURVE(#5084,#2641,#5353,.T.) ;
#5362=IFCEDGECURVE(#5082,#2639,#5358,.T.) ;
#5380=IFCEDGECURVE(#5064,#2621,#5376,.T.) ;
#5385=IFCEDGECURVE(#5062,#2619,#5381,.T.) ;
#5403=IFCEDGECURVE(#5044,#2601,#5399,.T.) ;
#5408=IFCEDGECURVE(#5042,#2599,#5404,.T.) ;
#5426=IFCEDGECURVE(#5024,#2581,#5422,.T.) ;
#5431=IFCEDGECURVE(#5022,#2579,#5427,.T.) ;
#156=IFCVECTOR(#157,3.) ;
#171=IFCVECTOR(#172,3.) ;
#193=IFCVECTOR(#194,3.) ;
#210=IFCVECTOR(#211,3.) ;
#236=IFCVECTOR(#237,3.) ;
#253=IFCVECTOR(#254,3.) ;
#279=IFCVECTOR(#280,3.) ;
#288=IFCVECTOR(#289,28.) ;
#293=IFCVECTOR(#294,28.) ;
#311=IFCVECTOR(#312,224.5) ;
#316=IFCVECTOR(#317,224.5) ;
#334=IFCVECTOR(#335,9.) ;
#343=IFCVECTOR(#344,3.) ;
#350=IFCVECTOR(#351,9.) ;
#357=IFCVECTOR(#358,3.) ;
#375=IFCVECTOR(#376,3.) ;
#384=IFCVECTOR(#385,19.6875187059) ;
#391=IFCVECTOR(#392,3.) ;
#398=IFCVECTOR(#399,19.6875187059) ;
#416=IFCVECTOR(#417,3.) ;
#425=IFCVECTOR(#426,63.) ;
#432=IFCVECTOR(#433,3.) ;
#439=IFCVECTOR(#440,63.) ;
#457=IFCVECTOR(#458,3.) ;
#466=IFCVECTOR(#467,29.) ;
#473=IFCVECTOR(#474,3.) ;
#480=IFCVECTOR(#481,29.) ;
#498=IFCVECTOR(#499,7.) ;
#505=IFCVECTOR(#506,3.) ;
#512=IFCVECTOR(#513,7.) ;
#530=IFCVECTOR(#531,3.) ;
#539=IFCVECTOR(#540,28.) ;
#546=IFCVECTOR(#547,3.) ;
#553=IFCVECTOR(#554,28.) ;
#571=IFCVECTOR(#572,3.) ;
#580=IFCVECTOR(#581,224.5) ;
#587=IFCVECTOR(#588,3.) ;
#594=IFCVECTOR(#595,224.5) ;
#612=IFCVECTOR(#613,3.) ;
#621=IFCVECTOR(#622,28.) ;
#626=IFCVECTOR(#627,28.) ;
#729=IFCVECTOR(#730,3.) ;
#744=IFCVECTOR(#745,3.) ;
#772=IFCVECTOR(#773,3.) ;
#787=IFCVECTOR(#788,3.) ;
#840=IFCVECTOR(#841,3.) ;
#855=IFCVECTOR(#856,3.) ;
#873=IFCVECTOR(#874,3.) ;
#882=IFCVECTOR(#883,15.) ;
#889=IFCVECTOR(#890,3.) ;
#896=IFCVECTOR(#897,15.) ;
#922=IFCVECTOR(#923,3.) ;
#948=IFCVECTOR(#949,15.) ;
#955=IFCVECTOR(#956,3.) ;
#962=IFCVECTOR(#963,15.) ;
#1015=IFCVECTOR(#1016,3.) ;
#1030=IFCVECTOR(#1031,3.) ;
#1058=IFCVECTOR(#1059,3.) ;
#1073=IFCVECTOR(#1074,3.) ;
#1101=IFCVECTOR(#1102,3.) ;
#1116=IFCVECTOR(#1117,3.) ;
#1140=IFCVECTOR(#1141,3.) ;
#1147=IFCVECTOR(#1148,29.) ;
#1154=IFCVECTOR(#1155,52.6875187059) ;
#1169=IFCVECTOR(#1170,521.437294236) ;
#1202=IFCVECTOR(#1203,7.) ;
#1215=IFCVECTOR(#1216,3.) ;
#1324=IFCVECTOR(#1325,3.) ;
#1337=IFCVECTOR(#1338,7.) ;
#1370=IFCVECTOR(#1371,521.437294236) ;
#1385=IFCVECTOR(#1386,52.6875187059) ;
#1392=IFCVECTOR(#1393,29.) ;
#1399=IFCVECTOR(#1400,3.) ;
#1498=IFCVECTOR(#1499,3.) ;
#1542=IFCVECTOR(#1543,3.) ;
#1560=IFCVECTOR(#1561,3.) ;
#1565=IFCVECTOR(#1566,3.) ;
#1583=IFCVECTOR(#1584,3.) ;
#1601=IFCVECTOR(#1602,3.) ;
#1619=IFCVECTOR(#1620,3.) ;
#1637=IFCVECTOR(#1638,3.) ;
#1873=IFCVECTOR(#1874,292.992893219) ;
#1906=IFCVECTOR(#1907,293.7) ;
#1946=IFCVECTOR(#1947,292.992893219) ;
#1961=IFCVECTOR(#1962,293.7) ;
#1979=IFCVECTOR(#1980,3.) ;
#1984=IFCVECTOR(#1985,3.) ;
#2038=IFCVECTOR(#2039,3.) ;
#2043=IFCVECTOR(#2044,3.) ;
#2061=IFCVECTOR(#2062,3.) ;
#2070=IFCVECTOR(#2071,47.658997052) ;
#2077=IFCVECTOR(#2078,3.) ;
#2084=IFCVECTOR(#2085,47.658997052) ;
#2102=IFCVECTOR(#2103,3.) ;
#2136=IFCVECTOR(#2137,3.) ;
#2153=IFCVECTOR(#2154,3.) ;
#2189=IFCVECTOR(#2190,292.992893219) ;
#2222=IFCVECTOR(#2223,293.7) ;
#2262=IFCVECTOR(#2263,292.992893219) ;
#2277=IFCVECTOR(#2278,293.7) ;
#2295=IFCVECTOR(#2296,3.) ;
#2300=IFCVECTOR(#2301,3.) ;
#2354=IFCVECTOR(#2355,3.) ;
#2359=IFCVECTOR(#2360,3.) ;
#2377=IFCVECTOR(#2378,3.) ;
#2386=IFCVECTOR(#2387,132.511810794) ;
#2393=IFCVECTOR(#2394,3.) ;
#2400=IFCVECTOR(#2401,132.511810794) ;
#2446=IFCVECTOR(#2447,292.992893219) ;
#2461=IFCVECTOR(#2462,293.7) ;
#2489=IFCVECTOR(#2490,292.992893219) ;
#2516=IFCVECTOR(#2517,293.7) ;
#2534=IFCVECTOR(#2535,63.7) ;
#2541=IFCVECTOR(#2542,132.511810794) ;
#2548=IFCVECTOR(#2549,194.392893219) ;
#2555=IFCVECTOR(#2556,30.) ;
#2562=IFCVECTOR(#2563,4.9) ;
#2712=IFCVECTOR(#2713,292.992893219) ;
#2737=IFCVECTOR(#2738,293.7) ;
#2781=IFCVECTOR(#2782,292.992893219) ;
#2796=IFCVECTOR(#2797,293.7) ;
#2814=IFCVECTOR(#2815,33.7) ;
#2821=IFCVECTOR(#2822,3.) ;
#2828=IFCVECTOR(#2829,33.7) ;
#2833=IFCVECTOR(#2834,3.) ;
#2851=IFCVECTOR(#2852,259.292893219) ;
#2858=IFCVECTOR(#2859,259.292893219) ;
#2865=IFCVECTOR(#2866,3.) ;
#2883=IFCVECTOR(#2884,47.658997052) ;
#2901=IFCVECTOR(#2902,47.658997052) ;
#2919=IFCVECTOR(#2920,3.) ;
#3028=IFCVECTOR(#3029,585.985786438) ;
#3053=IFCVECTOR(#3054,587.4) ;
#3097=IFCVECTOR(#3098,585.985786438) ;
#3102=IFCVECTOR(#3103,587.4) ;
#3146=IFCVECTOR(#3147,585.985786438) ;
#3179=IFCVECTOR(#3180,587.4) ;
#3219=IFCVECTOR(#3220,585.985786438) ;
#3244=IFCVECTOR(#3245,587.4) ;
#3262=IFCVECTOR(#3263,587.4) ;
#3273=IFCVECTOR(#3274,587.4) ;
#3291=IFCVECTOR(#3292,587.4) ;
#3302=IFCVECTOR(#3303,587.4) ;
#3320=IFCVECTOR(#3321,3.) ;
#3331=IFCVECTOR(#3332,3.) ;
#3349=IFCVECTOR(#3350,587.4) ;
#3367=IFCVECTOR(#3368,3.) ;
#3372=IFCVECTOR(#3373,587.4) ;
#3390=IFCVECTOR(#3391,587.4) ;
#3408=IFCVECTOR(#3409,587.4) ;
#3426=IFCVECTOR(#3427,587.4) ;
#3450=IFCVECTOR(#3451,587.4) ;
#3468=IFCVECTOR(#3469,587.4) ;
#3486=IFCVECTOR(#3487,587.4) ;
#3491=IFCVECTOR(#3492,3.) ;
#3522=IFCVECTOR(#3523,3.) ;
#3625=IFCVECTOR(#3626,3.) ;
#3643=IFCVECTOR(#3644,398.585786438) ;
#3650=IFCVECTOR(#3651,3.) ;
#3657=IFCVECTOR(#3658,398.585786438) ;
#3675=IFCVECTOR(#3676,132.511810794) ;
#3680=IFCVECTOR(#3681,132.511810794) ;
#3698=IFCVECTOR(#3699,132.511810794) ;
#3705=IFCVECTOR(#3706,3.) ;
#3712=IFCVECTOR(#3713,132.511810794) ;
#3766=IFCVECTOR(#3767,3.) ;
#3784=IFCVECTOR(#3785,3.) ;
#3802=IFCVECTOR(#3803,3.) ;
#3809=IFCVECTOR(#3810,132.511810794) ;
#3938=IFCVECTOR(#3939,3.) ;
#3956=IFCVECTOR(#3957,47.658997052) ;
#3963=IFCVECTOR(#3964,518.585786438) ;
#3981=IFCVECTOR(#3982,47.658997052) ;
#3988=IFCVECTOR(#3989,518.585786438) ;
#4006=IFCVECTOR(#4007,3.) ;
#4037=IFCVECTOR(#4038,33.7) ;
#4044=IFCVECTOR(#4045,259.292893219) ;
#4051=IFCVECTOR(#4052,47.658997052) ;
#4069=IFCVECTOR(#4070,33.7) ;
#4076=IFCVECTOR(#4077,47.658997052) ;
#4083=IFCVECTOR(#4084,259.292893219) ;
#4101=IFCVECTOR(#4102,3.) ;
#4106=IFCVECTOR(#4107,3.) ;
#4160=IFCVECTOR(#4161,3.) ;
#4175=IFCVECTOR(#4176,3.) ;
#4203=IFCVECTOR(#4204,3.) ;
#4218=IFCVECTOR(#4219,3.) ;
#4246=IFCVECTOR(#4247,3.) ;
#4261=IFCVECTOR(#4262,3.) ;
#4289=IFCVECTOR(#4290,3.) ;
#4304=IFCVECTOR(#4305,3.) ;
#4332=IFCVECTOR(#4333,3.) ;
#4347=IFCVECTOR(#4348,3.) ;
#4375=IFCVECTOR(#4376,3.) ;
#4390=IFCVECTOR(#4391,3.) ;
#4408=IFCVECTOR(#4409,3.) ;
#4415=IFCVECTOR(#4416,3.) ;
#4422=IFCVECTOR(#4423,30.) ;
#4440=IFCVECTOR(#4441,3.) ;
#4447=IFCVECTOR(#4448,4.9) ;
#4465=IFCVECTOR(#4466,3.) ;
#4474=IFCVECTOR(#4475,30.) ;
#4481=IFCVECTOR(#4482,3.) ;
#4488=IFCVECTOR(#4489,30.) ;
#4506=IFCVECTOR(#4507,4.9) ;
#4513=IFCVECTOR(#4514,3.) ;
#4520=IFCVECTOR(#4521,4.9) ;
#4804=IFCVECTOR(#4805,63.7) ;
#4809=IFCVECTOR(#4810,194.392893219) ;
#4889=IFCVECTOR(#4890,63.7) ;
#4894=IFCVECTOR(#4895,194.392893219) ;
#5000=IFCVECTOR(#5001,194.392893219) ;
#5005=IFCVECTOR(#5006,63.7) ;
#5171=IFCVECTOR(#5172,3.) ;
#5176=IFCVECTOR(#5177,3.) ;
#5194=IFCVECTOR(#5195,3.) ;
#5199=IFCVECTOR(#5200,3.) ;
#5217=IFCVECTOR(#5218,3.) ;
#5222=IFCVECTOR(#5223,3.) ;
#5240=IFCVECTOR(#5241,3.) ;
#5245=IFCVECTOR(#5246,3.) ;
#5263=IFCVECTOR(#5264,3.) ;
#5268=IFCVECTOR(#5269,3.) ;
#5286=IFCVECTOR(#5287,3.) ;
#5291=IFCVECTOR(#5292,3.) ;
#5309=IFCVECTOR(#5310,3.) ;
#5314=IFCVECTOR(#5315,3.) ;
#5332=IFCVECTOR(#5333,3.) ;
#5337=IFCVECTOR(#5338,3.) ;
#5355=IFCVECTOR(#5356,3.) ;
#5360=IFCVECTOR(#5361,3.) ;
#5378=IFCVECTOR(#5379,3.) ;
#5383=IFCVECTOR(#5384,3.) ;
#5401=IFCVECTOR(#5402,3.) ;
#5406=IFCVECTOR(#5407,3.) ;
#5424=IFCVECTOR(#5425,3.) ;
#5429=IFCVECTOR(#5430,3.) ;
#185=IFCSTYLEDITEM(#180,(#184),$) ;
#228=IFCSTYLEDITEM(#227,(#184),$) ;
#271=IFCSTYLEDITEM(#270,(#184),$) ;
#303=IFCSTYLEDITEM(#302,(#184),$) ;
#326=IFCSTYLEDITEM(#325,(#184),$) ;
#367=IFCSTYLEDITEM(#366,(#184),$) ;
#408=IFCSTYLEDITEM(#407,(#184),$) ;
#449=IFCSTYLEDITEM(#448,(#184),$) ;
#490=IFCSTYLEDITEM(#489,(#184),$) ;
#522=IFCSTYLEDITEM(#521,(#184),$) ;
#563=IFCSTYLEDITEM(#562,(#184),$) ;
#604=IFCSTYLEDITEM(#603,(#184),$) ;
#636=IFCSTYLEDITEM(#635,(#184),$) ;
#661=IFCSTYLEDITEM(#660,(#184),$) ;
#686=IFCSTYLEDITEM(#685,(#184),$) ;
#711=IFCSTYLEDITEM(#710,(#184),$) ;
#754=IFCSTYLEDITEM(#753,(#184),$) ;
#797=IFCSTYLEDITEM(#796,(#184),$) ;
#822=IFCSTYLEDITEM(#821,(#184),$) ;
#865=IFCSTYLEDITEM(#864,(#184),$) ;
#906=IFCSTYLEDITEM(#905,(#184),$) ;
#940=IFCSTYLEDITEM(#939,(#184),$) ;
#972=IFCSTYLEDITEM(#971,(#184),$) ;
#997=IFCSTYLEDITEM(#996,(#184),$) ;
#1040=IFCSTYLEDITEM(#1039,(#184),$) ;
#1083=IFCSTYLEDITEM(#1082,(#184),$) ;
#1126=IFCSTYLEDITEM(#1125,(#184),$) ;
#1308=IFCSTYLEDITEM(#1307,(#184),$) ;
#1490=IFCSTYLEDITEM(#1489,(#184),$) ;
#1508=IFCSTYLEDITEM(#1507,(#184),$) ;
#1521=IFCSTYLEDITEM(#1520,(#184),$) ;
#1534=IFCSTYLEDITEM(#1533,(#184),$) ;
#1552=IFCSTYLEDITEM(#1551,(#184),$) ;
#1575=IFCSTYLEDITEM(#1574,(#184),$) ;
#1593=IFCSTYLEDITEM(#1592,(#184),$) ;
#1611=IFCSTYLEDITEM(#1610,(#184),$) ;
#1629=IFCSTYLEDITEM(#1628,(#184),$) ;
#1647=IFCSTYLEDITEM(#1646,(#184),$) ;
#1660=IFCSTYLEDITEM(#1659,(#184),$) ;
#1673=IFCSTYLEDITEM(#1672,(#184),$) ;
#1686=IFCSTYLEDITEM(#1685,(#184),$) ;
#1699=IFCSTYLEDITEM(#1698,(#184),$) ;
#1712=IFCSTYLEDITEM(#1711,(#184),$) ;
#1725=IFCSTYLEDITEM(#1724,(#184),$) ;
#1738=IFCSTYLEDITEM(#1737,(#184),$) ;
#1751=IFCSTYLEDITEM(#1750,(#184),$) ;
#1764=IFCSTYLEDITEM(#1763,(#184),$) ;
#1769=IFCSTYLEDITEM(#138,(#1768),$) ;
#1771=IFCSTYLEDITEM(#1770,(#1768),$) ;
#1916=IFCSTYLEDITEM(#1915,(#184),$) ;
#1971=IFCSTYLEDITEM(#1970,(#184),$) ;
#1994=IFCSTYLEDITEM(#1993,(#184),$) ;
#2053=IFCSTYLEDITEM(#2052,(#184),$) ;
#2094=IFCSTYLEDITEM(#2093,(#184),$) ;
#2128=IFCSTYLEDITEM(#2127,(#184),$) ;
#2171=IFCSTYLEDITEM(#2170,(#184),$) ;
#2232=IFCSTYLEDITEM(#2231,(#184),$) ;
#2287=IFCSTYLEDITEM(#2286,(#184),$) ;
#2310=IFCSTYLEDITEM(#2309,(#184),$) ;
#2369=IFCSTYLEDITEM(#2368,(#184),$) ;
#2410=IFCSTYLEDITEM(#2409,(#184),$) ;
#2471=IFCSTYLEDITEM(#2470,(#184),$) ;
#2526=IFCSTYLEDITEM(#2525,(#184),$) ;
#2694=IFCSTYLEDITEM(#2693,(#184),$) ;
#2747=IFCSTYLEDITEM(#2746,(#184),$) ;
#2806=IFCSTYLEDITEM(#2805,(#184),$) ;
#2843=IFCSTYLEDITEM(#2842,(#184),$) ;
#2875=IFCSTYLEDITEM(#2874,(#184),$) ;
#2893=IFCSTYLEDITEM(#2892,(#184),$) ;
#2911=IFCSTYLEDITEM(#2910,(#184),$) ;
#2929=IFCSTYLEDITEM(#2928,(#184),$) ;
#3020=IFCSTYLEDITEM(#3019,(#184),$) ;
#3063=IFCSTYLEDITEM(#3062,(#184),$) ;
#3112=IFCSTYLEDITEM(#3111,(#184),$) ;
#3189=IFCSTYLEDITEM(#3188,(#184),$) ;
#3254=IFCSTYLEDITEM(#3253,(#184),$) ;
#3283=IFCSTYLEDITEM(#3282,(#184),$) ;
#3312=IFCSTYLEDITEM(#3311,(#184),$) ;
#3341=IFCSTYLEDITEM(#3340,(#184),$) ;
#3359=IFCSTYLEDITEM(#3358,(#184),$) ;
#3382=IFCSTYLEDITEM(#3381,(#184),$) ;
#3400=IFCSTYLEDITEM(#3399,(#184),$) ;
#3418=IFCSTYLEDITEM(#3417,(#184),$) ;
#3436=IFCSTYLEDITEM(#3435,(#184),$) ;
#3460=IFCSTYLEDITEM(#3459,(#184),$) ;
#3478=IFCSTYLEDITEM(#3477,(#184),$) ;
#3501=IFCSTYLEDITEM(#3500,(#184),$) ;
#3514=IFCSTYLEDITEM(#3513,(#184),$) ;
#3532=IFCSTYLEDITEM(#3531,(#184),$) ;
#3581=IFCSTYLEDITEM(#3580,(#184),$) ;
#3635=IFCSTYLEDITEM(#3634,(#184),$) ;
#3667=IFCSTYLEDITEM(#3666,(#184),$) ;
#3690=IFCSTYLEDITEM(#3689,(#184),$) ;
#3722=IFCSTYLEDITEM(#3721,(#184),$) ;
#3776=IFCSTYLEDITEM(#3775,(#184),$) ;
#3794=IFCSTYLEDITEM(#3793,(#184),$) ;
#3819=IFCSTYLEDITEM(#3818,(#184),$) ;
#3832=IFCSTYLEDITEM(#3831,(#184),$) ;
#3881=IFCSTYLEDITEM(#3880,(#184),$) ;
#3894=IFCSTYLEDITEM(#3893,(#184),$) ;
#3948=IFCSTYLEDITEM(#3947,(#184),$) ;
#3973=IFCSTYLEDITEM(#3972,(#184),$) ;
#3998=IFCSTYLEDITEM(#3997,(#184),$) ;
#4016=IFCSTYLEDITEM(#4015,(#184),$) ;
#4029=IFCSTYLEDITEM(#4028,(#184),$) ;
#4061=IFCSTYLEDITEM(#4060,(#184),$) ;
#4093=IFCSTYLEDITEM(#4092,(#184),$) ;
#4116=IFCSTYLEDITEM(#4115,(#184),$) ;
#4129=IFCSTYLEDITEM(#4128,(#184),$) ;
#4142=IFCSTYLEDITEM(#4141,(#184),$) ;
#4185=IFCSTYLEDITEM(#4184,(#184),$) ;
#4228=IFCSTYLEDITEM(#4227,(#184),$) ;
#4271=IFCSTYLEDITEM(#4270,(#184),$) ;
#4314=IFCSTYLEDITEM(#4313,(#184),$) ;
#4357=IFCSTYLEDITEM(#4356,(#184),$) ;
#4400=IFCSTYLEDITEM(#4399,(#184),$) ;
#4432=IFCSTYLEDITEM(#4431,(#184),$) ;
#4457=IFCSTYLEDITEM(#4456,(#184),$) ;
#4498=IFCSTYLEDITEM(#4497,(#184),$) ;
#4530=IFCSTYLEDITEM(#4529,(#184),$) ;
#4663=IFCSTYLEDITEM(#4662,(#184),$) ;
#4796=IFCSTYLEDITEM(#4795,(#184),$) ;
#4881=IFCSTYLEDITEM(#4880,(#184),$) ;
#4966=IFCSTYLEDITEM(#4965,(#184),$) ;
#4979=IFCSTYLEDITEM(#4978,(#184),$) ;
#4992=IFCSTYLEDITEM(#4991,(#184),$) ;
#5137=IFCSTYLEDITEM(#5136,(#184),$) ;
#5150=IFCSTYLEDITEM(#5149,(#184),$) ;
#5163=IFCSTYLEDITEM(#5162,(#184),$) ;
#5186=IFCSTYLEDITEM(#5185,(#184),$) ;
#5209=IFCSTYLEDITEM(#5208,(#184),$) ;
#5232=IFCSTYLEDITEM(#5231,(#184),$) ;
#5255=IFCSTYLEDITEM(#5254,(#184),$) ;
#5278=IFCSTYLEDITEM(#5277,(#184),$) ;
#5301=IFCSTYLEDITEM(#5300,(#184),$) ;
#5324=IFCSTYLEDITEM(#5323,(#184),$) ;
#5347=IFCSTYLEDITEM(#5346,(#184),$) ;
#5370=IFCSTYLEDITEM(#5369,(#184),$) ;
#5393=IFCSTYLEDITEM(#5392,(#184),$) ;
#5416=IFCSTYLEDITEM(#5415,(#184),$) ;
#5439=IFCSTYLEDITEM(#5438,(#184),$) ;
#5452=IFCSTYLEDITEM(#5451,(#184),$) ;
#5465=IFCSTYLEDITEM(#5464,(#184),$) ;
#5478=IFCSTYLEDITEM(#5477,(#184),$) ;
#5491=IFCSTYLEDITEM(#5490,(#184),$) ;
#5504=IFCSTYLEDITEM(#5503,(#184),$) ;
#5517=IFCSTYLEDITEM(#5516,(#184),$) ;
#5530=IFCSTYLEDITEM(#5529,(#184),$) ;
#5543=IFCSTYLEDITEM(#5542,(#184),$) ;
#5556=IFCSTYLEDITEM(#5555,(#184),$) ;
#5569=IFCSTYLEDITEM(#5568,(#184),$) ;
#5582=IFCSTYLEDITEM(#5581,(#184),$) ;
#5595=IFCSTYLEDITEM(#5594,(#184),$) ;
#5608=IFCSTYLEDITEM(#5607,(#184),$) ;
#5621=IFCSTYLEDITEM(#5620,(#184),$) ;
#5634=IFCSTYLEDITEM(#5633,(#184),$) ;
#5647=IFCSTYLEDITEM(#5646,(#184),$) ;
#5660=IFCSTYLEDITEM(#5659,(#184),$) ;
#5673=IFCSTYLEDITEM(#5672,(#184),$) ;
#5674=IFCSTYLEDITEM(#1855,(#1768),$) ;
#5676=IFCSTYLEDITEM(#5675,(#1768),$) ;
#184=IFCPRESENTATIONSTYLEASSIGNMENT((#183)) ;
#1768=IFCPRESENTATIONSTYLEASSIGNMENT((#1767)) ;
#183=IFCSURFACESTYLE($,.BOTH.,(#182)) ;
#1767=IFCSURFACESTYLE($,.BOTH.,(#1766)) ;
#150=IFCVERTEXPOINT(#149) ;
#152=IFCVERTEXPOINT(#151) ;
#159=IFCVERTEXPOINT(#158) ;
#167=IFCVERTEXPOINT(#166) ;
#196=IFCVERTEXPOINT(#195) ;
#198=IFCVERTEXPOINT(#197) ;
#206=IFCVERTEXPOINT(#205) ;
#213=IFCVERTEXPOINT(#212) ;
#239=IFCVERTEXPOINT(#238) ;
#241=IFCVERTEXPOINT(#240) ;
#249=IFCVERTEXPOINT(#248) ;
#256=IFCVERTEXPOINT(#255) ;
#282=IFCVERTEXPOINT(#281) ;
#284=IFCVERTEXPOINT(#283) ;
#337=IFCVERTEXPOINT(#336) ;
#339=IFCVERTEXPOINT(#338) ;
#346=IFCVERTEXPOINT(#345) ;
#353=IFCVERTEXPOINT(#352) ;
#378=IFCVERTEXPOINT(#377) ;
#380=IFCVERTEXPOINT(#379) ;
#387=IFCVERTEXPOINT(#386) ;
#394=IFCVERTEXPOINT(#393) ;
#419=IFCVERTEXPOINT(#418) ;
#421=IFCVERTEXPOINT(#420) ;
#428=IFCVERTEXPOINT(#427) ;
#435=IFCVERTEXPOINT(#434) ;
#460=IFCVERTEXPOINT(#459) ;
#462=IFCVERTEXPOINT(#461) ;
#469=IFCVERTEXPOINT(#468) ;
#476=IFCVERTEXPOINT(#475) ;
#501=IFCVERTEXPOINT(#500) ;
#508=IFCVERTEXPOINT(#507) ;
#533=IFCVERTEXPOINT(#532) ;
#535=IFCVERTEXPOINT(#534) ;
#542=IFCVERTEXPOINT(#541) ;
#549=IFCVERTEXPOINT(#548) ;
#574=IFCVERTEXPOINT(#573) ;
#576=IFCVERTEXPOINT(#575) ;
#583=IFCVERTEXPOINT(#582) ;
#590=IFCVERTEXPOINT(#589) ;
#615=IFCVERTEXPOINT(#614) ;
#617=IFCVERTEXPOINT(#616) ;
#723=IFCVERTEXPOINT(#722) ;
#725=IFCVERTEXPOINT(#724) ;
#732=IFCVERTEXPOINT(#731) ;
#740=IFCVERTEXPOINT(#739) ;
#766=IFCVERTEXPOINT(#765) ;
#768=IFCVERTEXPOINT(#767) ;
#775=IFCVERTEXPOINT(#774) ;
#783=IFCVERTEXPOINT(#782) ;
#834=IFCVERTEXPOINT(#833) ;
#836=IFCVERTEXPOINT(#835) ;
#843=IFCVERTEXPOINT(#842) ;
#851=IFCVERTEXPOINT(#850) ;
#876=IFCVERTEXPOINT(#875) ;
#878=IFCVERTEXPOINT(#877) ;
#885=IFCVERTEXPOINT(#884) ;
#892=IFCVERTEXPOINT(#891) ;
#918=IFCVERTEXPOINT(#917) ;
#925=IFCVERTEXPOINT(#924) ;
#951=IFCVERTEXPOINT(#950) ;
#958=IFCVERTEXPOINT(#957) ;
#1009=IFCVERTEXPOINT(#1008) ;
#1011=IFCVERTEXPOINT(#1010) ;
#1018=IFCVERTEXPOINT(#1017) ;
#1026=IFCVERTEXPOINT(#1025) ;
#1052=IFCVERTEXPOINT(#1051) ;
#1054=IFCVERTEXPOINT(#1053) ;
#1061=IFCVERTEXPOINT(#1060) ;
#1069=IFCVERTEXPOINT(#1068) ;
#1095=IFCVERTEXPOINT(#1094) ;
#1097=IFCVERTEXPOINT(#1096) ;
#1104=IFCVERTEXPOINT(#1103) ;
#1112=IFCVERTEXPOINT(#1111) ;
#1143=IFCVERTEXPOINT(#1142) ;
#1150=IFCVERTEXPOINT(#1149) ;
#1157=IFCVERTEXPOINT(#1156) ;
#1165=IFCVERTEXPOINT(#1164) ;
#1172=IFCVERTEXPOINT(#1171) ;
#1198=IFCVERTEXPOINT(#1197) ;
#1211=IFCVERTEXPOINT(#1210) ;
#1218=IFCVERTEXPOINT(#1217) ;
#1320=IFCVERTEXPOINT(#1319) ;
#1327=IFCVERTEXPOINT(#1326) ;
#1340=IFCVERTEXPOINT(#1339) ;
#1366=IFCVERTEXPOINT(#1365) ;
#1373=IFCVERTEXPOINT(#1372) ;
#1381=IFCVERTEXPOINT(#1380) ;
#1388=IFCVERTEXPOINT(#1387) ;
#1395=IFCVERTEXPOINT(#1394) ;
#1867=IFCVERTEXPOINT(#1866) ;
#1869=IFCVERTEXPOINT(#1868) ;
#1876=IFCVERTEXPOINT(#1875) ;
#1902=IFCVERTEXPOINT(#1901) ;
#1940=IFCVERTEXPOINT(#1939) ;
#1942=IFCVERTEXPOINT(#1941) ;
#1949=IFCVERTEXPOINT(#1948) ;
#1957=IFCVERTEXPOINT(#1956) ;
#2064=IFCVERTEXPOINT(#2063) ;
#2066=IFCVERTEXPOINT(#2065) ;
#2073=IFCVERTEXPOINT(#2072) ;
#2080=IFCVERTEXPOINT(#2079) ;
#2105=IFCVERTEXPOINT(#2104) ;
#2107=IFCVERTEXPOINT(#2106) ;
#2139=IFCVERTEXPOINT(#2138) ;
#2141=IFCVERTEXPOINT(#2140) ;
#2149=IFCVERTEXPOINT(#2148) ;
#2156=IFCVERTEXPOINT(#2155) ;
#2183=IFCVERTEXPOINT(#2182) ;
#2185=IFCVERTEXPOINT(#2184) ;
#2192=IFCVERTEXPOINT(#2191) ;
#2218=IFCVERTEXPOINT(#2217) ;
#2256=IFCVERTEXPOINT(#2255) ;
#2258=IFCVERTEXPOINT(#2257) ;
#2265=IFCVERTEXPOINT(#2264) ;
#2273=IFCVERTEXPOINT(#2272) ;
#2380=IFCVERTEXPOINT(#2379) ;
#2382=IFCVERTEXPOINT(#2381) ;
#2389=IFCVERTEXPOINT(#2388) ;
#2396=IFCVERTEXPOINT(#2395) ;
#2440=IFCVERTEXPOINT(#2439) ;
#2442=IFCVERTEXPOINT(#2441) ;
#2449=IFCVERTEXPOINT(#2448) ;
#2457=IFCVERTEXPOINT(#2456) ;
#2483=IFCVERTEXPOINT(#2482) ;
#2485=IFCVERTEXPOINT(#2484) ;
#2492=IFCVERTEXPOINT(#2491) ;
#2512=IFCVERTEXPOINT(#2511) ;
#2537=IFCVERTEXPOINT(#2536) ;
#2544=IFCVERTEXPOINT(#2543) ;
#2551=IFCVERTEXPOINT(#2550) ;
#2558=IFCVERTEXPOINT(#2557) ;
#2579=IFCVERTEXPOINT(#2578) ;
#2581=IFCVERTEXPOINT(#2580) ;
#2599=IFCVERTEXPOINT(#2598) ;
#2601=IFCVERTEXPOINT(#2600) ;
#2619=IFCVERTEXPOINT(#2618) ;
#2621=IFCVERTEXPOINT(#2620) ;
#2639=IFCVERTEXPOINT(#2638) ;
#2641=IFCVERTEXPOINT(#2640) ;
#2659=IFCVERTEXPOINT(#2658) ;
#2661=IFCVERTEXPOINT(#2660) ;
#2679=IFCVERTEXPOINT(#2678) ;
#2681=IFCVERTEXPOINT(#2680) ;
#2706=IFCVERTEXPOINT(#2705) ;
#2708=IFCVERTEXPOINT(#2707) ;
#2715=IFCVERTEXPOINT(#2714) ;
#2777=IFCVERTEXPOINT(#2776) ;
#2784=IFCVERTEXPOINT(#2783) ;
#2792=IFCVERTEXPOINT(#2791) ;
#2817=IFCVERTEXPOINT(#2816) ;
#2824=IFCVERTEXPOINT(#2823) ;
#2854=IFCVERTEXPOINT(#2853) ;
#2861=IFCVERTEXPOINT(#2860) ;
#3031=IFCVERTEXPOINT(#3030) ;
#3093=IFCVERTEXPOINT(#3092) ;
#3142=IFCVERTEXPOINT(#3141) ;
#3149=IFCVERTEXPOINT(#3148) ;
#3175=IFCVERTEXPOINT(#3174) ;
#3213=IFCVERTEXPOINT(#3212) ;
#3215=IFCVERTEXPOINT(#3214) ;
#3240=IFCVERTEXPOINT(#3239) ;
#3646=IFCVERTEXPOINT(#3645) ;
#3653=IFCVERTEXPOINT(#3652) ;
#3701=IFCVERTEXPOINT(#3700) ;
#3708=IFCVERTEXPOINT(#3707) ;
#3805=IFCVERTEXPOINT(#3804) ;
#3959=IFCVERTEXPOINT(#3958) ;
#3984=IFCVERTEXPOINT(#3983) ;
#4040=IFCVERTEXPOINT(#4039) ;
#4047=IFCVERTEXPOINT(#4046) ;
#4072=IFCVERTEXPOINT(#4071) ;
#4079=IFCVERTEXPOINT(#4078) ;
#4154=IFCVERTEXPOINT(#4153) ;
#4156=IFCVERTEXPOINT(#4155) ;
#4163=IFCVERTEXPOINT(#4162) ;
#4171=IFCVERTEXPOINT(#4170) ;
#4197=IFCVERTEXPOINT(#4196) ;
#4199=IFCVERTEXPOINT(#4198) ;
#4206=IFCVERTEXPOINT(#4205) ;
#4214=IFCVERTEXPOINT(#4213) ;
#4240=IFCVERTEXPOINT(#4239) ;
#4242=IFCVERTEXPOINT(#4241) ;
#4249=IFCVERTEXPOINT(#4248) ;
#4257=IFCVERTEXPOINT(#4256) ;
#4283=IFCVERTEXPOINT(#4282) ;
#4285=IFCVERTEXPOINT(#4284) ;
#4292=IFCVERTEXPOINT(#4291) ;
#4300=IFCVERTEXPOINT(#4299) ;
#4326=IFCVERTEXPOINT(#4325) ;
#4328=IFCVERTEXPOINT(#4327) ;
#4335=IFCVERTEXPOINT(#4334) ;
#4343=IFCVERTEXPOINT(#4342) ;
#4369=IFCVERTEXPOINT(#4368) ;
#4371=IFCVERTEXPOINT(#4370) ;
#4378=IFCVERTEXPOINT(#4377) ;
#4386=IFCVERTEXPOINT(#4385) ;
#4411=IFCVERTEXPOINT(#4410) ;
#4418=IFCVERTEXPOINT(#4417) ;
#4443=IFCVERTEXPOINT(#4442) ;
#4468=IFCVERTEXPOINT(#4467) ;
#4470=IFCVERTEXPOINT(#4469) ;
#4477=IFCVERTEXPOINT(#4476) ;
#4484=IFCVERTEXPOINT(#4483) ;
#4509=IFCVERTEXPOINT(#4508) ;
#4516=IFCVERTEXPOINT(#4515) ;
#4548=IFCVERTEXPOINT(#4547) ;
#4550=IFCVERTEXPOINT(#4549) ;
#4568=IFCVERTEXPOINT(#4567) ;
#4570=IFCVERTEXPOINT(#4569) ;
#4588=IFCVERTEXPOINT(#4587) ;
#4590=IFCVERTEXPOINT(#4589) ;
#4608=IFCVERTEXPOINT(#4607) ;
#4610=IFCVERTEXPOINT(#4609) ;
#4628=IFCVERTEXPOINT(#4627) ;
#4630=IFCVERTEXPOINT(#4629) ;
#4648=IFCVERTEXPOINT(#4647) ;
#4650=IFCVERTEXPOINT(#4649) ;
#4681=IFCVERTEXPOINT(#4680) ;
#4683=IFCVERTEXPOINT(#4682) ;
#4701=IFCVERTEXPOINT(#4700) ;
#4703=IFCVERTEXPOINT(#4702) ;
#4721=IFCVERTEXPOINT(#4720) ;
#4723=IFCVERTEXPOINT(#4722) ;
#4741=IFCVERTEXPOINT(#4740) ;
#4743=IFCVERTEXPOINT(#4742) ;
#4761=IFCVERTEXPOINT(#4760) ;
#4763=IFCVERTEXPOINT(#4762) ;
#4781=IFCVERTEXPOINT(#4780) ;
#4783=IFCVERTEXPOINT(#4782) ;
#5022=IFCVERTEXPOINT(#5021) ;
#5024=IFCVERTEXPOINT(#5023) ;
#5042=IFCVERTEXPOINT(#5041) ;
#5044=IFCVERTEXPOINT(#5043) ;
#5062=IFCVERTEXPOINT(#5061) ;
#5064=IFCVERTEXPOINT(#5063) ;
#5082=IFCVERTEXPOINT(#5081) ;
#5084=IFCVERTEXPOINT(#5083) ;
#5102=IFCVERTEXPOINT(#5101) ;
#5104=IFCVERTEXPOINT(#5103) ;
#5122=IFCVERTEXPOINT(#5121) ;
#5124=IFCVERTEXPOINT(#5123) ;
#1798=IFCPRODUCTDEFINITIONSHAPE($,$,(#1843)) ;
#1842=IFCPRODUCTDEFINITIONSHAPE($,$,(#1830)) ;
#5688=IFCPRODUCTDEFINITIONSHAPE($,$,(#1854)) ;
#1837=IFCREPRESENTATIONMAP(#1838,#137) ;
#11=IFCCONVERSIONBASEDUNIT(#12,.LENGTHUNIT.,'METRE',#13) ;
#138=IFCCLOSEDSHELL((#180,#227,#270,#302,#325,#366,#407,#448,#489,#521,#562,#603,#635,#660,#685,#710,#753,#796,#821,#864,#905,#939,#971,#996,#1039,#1082,#1125,#1307,#1489,#1507,#1520,#1533,#1551,#1574,#1592,#1610,#1628,#1646,#1659,#1672,#1685,#1698,#1711,#1724,#1737,#1750,#1763)) ;
#1855=IFCCLOSEDSHELL((#1915,#1970,#1993,#2052,#2093,#2127,#2170,#2231,#2286,#2309,#2368,#2409,#2470,#2525,#2693,#2746,#2805,#2842,#2874,#2892,#2910,#2928,#3019,#3062,#3111,#3188,#3253,#3282,#3311,#3340,#3358,#3381,#3399,#3417,#3435,#3459,#3477,#3500,#3513,#3531,#3580,#3634,#3666,#3689,#3721,#3775,#3793,#3818,#3831,#3880,#3893,#3947,#3972,#3997,#4015,#4028,#4060,#4092,#4115,#4128,#4141,#4184,#4227,#4270,#4313,#4356,#4399,#4431,#4456,#4497,#4529,#4662,#4795,#4880,#4965,#4978,#4991,#5136,#5149,#5162,#5185,#5208,#5231,#5254,#5277,#5300,#5323,#5346,#5369,#5392,#5415,#5438,#5451,#5464,#5477,#5490,#5503,#5516,#5529,#5542,#5555,#5568,#5581,#5594,#5607,#5620,#5633,#5646,#5659,#5672)) ;
#1270=IFCFACEBOUND(#1267,.T.) ;
#1280=IFCFACEBOUND(#1277,.T.) ;
#1290=IFCFACEBOUND(#1287,.T.) ;
#1296=IFCFACEBOUND(#1291,.T.) ;
#1306=IFCFACEBOUND(#1303,.T.) ;
#1452=IFCFACEBOUND(#1449,.T.) ;
#1462=IFCFACEBOUND(#1459,.T.) ;
#1472=IFCFACEBOUND(#1469,.T.) ;
#1478=IFCFACEBOUND(#1473,.T.) ;
#1488=IFCFACEBOUND(#1485,.T.) ;
#2592=IFCFACEBOUND(#2589,.T.) ;
#2612=IFCFACEBOUND(#2609,.T.) ;
#2632=IFCFACEBOUND(#2629,.T.) ;
#2652=IFCFACEBOUND(#2649,.T.) ;
#2672=IFCFACEBOUND(#2669,.T.) ;
#2692=IFCFACEBOUND(#2689,.T.) ;
#4561=IFCFACEBOUND(#4558,.T.) ;
#4581=IFCFACEBOUND(#4578,.T.) ;
#4601=IFCFACEBOUND(#4598,.T.) ;
#4621=IFCFACEBOUND(#4618,.T.) ;
#4641=IFCFACEBOUND(#4638,.T.) ;
#4661=IFCFACEBOUND(#4658,.T.) ;
#4694=IFCFACEBOUND(#4691,.T.) ;
#4714=IFCFACEBOUND(#4711,.T.) ;
#4734=IFCFACEBOUND(#4731,.T.) ;
#4754=IFCFACEBOUND(#4751,.T.) ;
#4774=IFCFACEBOUND(#4771,.T.) ;
#4794=IFCFACEBOUND(#4791,.T.) ;
#4829=IFCFACEBOUND(#4826,.T.) ;
#4839=IFCFACEBOUND(#4836,.T.) ;
#4849=IFCFACEBOUND(#4846,.T.) ;
#4859=IFCFACEBOUND(#4856,.T.) ;
#4869=IFCFACEBOUND(#4866,.T.) ;
#4879=IFCFACEBOUND(#4876,.T.) ;
#4914=IFCFACEBOUND(#4911,.T.) ;
#4924=IFCFACEBOUND(#4921,.T.) ;
#4934=IFCFACEBOUND(#4931,.T.) ;
#4944=IFCFACEBOUND(#4941,.T.) ;
#4954=IFCFACEBOUND(#4951,.T.) ;
#4964=IFCFACEBOUND(#4961,.T.) ;
#5035=IFCFACEBOUND(#5032,.T.) ;
#5055=IFCFACEBOUND(#5052,.T.) ;
#5075=IFCFACEBOUND(#5072,.T.) ;
#5095=IFCFACEBOUND(#5092,.T.) ;
#5115=IFCFACEBOUND(#5112,.T.) ;
#5135=IFCFACEBOUND(#5132,.T.) ;
#1770=IFCADVANCEDBREP(#138) ;
#5675=IFCADVANCEDBREP(#1855) ;
#180=IFCADVANCEDFACE((#179),#143,.T.) ;
#227=IFCADVANCEDFACE((#226),#190,.T.) ;
#270=IFCADVANCEDFACE((#269),#233,.T.) ;
#302=IFCADVANCEDFACE((#301),#272,.F.) ;
#325=IFCADVANCEDFACE((#324),#304,.F.) ;
#366=IFCADVANCEDFACE((#365),#327,.F.) ;
#407=IFCADVANCEDFACE((#406),#368,.F.) ;
#448=IFCADVANCEDFACE((#447),#409,.F.) ;
#489=IFCADVANCEDFACE((#488),#450,.F.) ;
#521=IFCADVANCEDFACE((#520),#491,.F.) ;
#562=IFCADVANCEDFACE((#561),#523,.F.) ;
#603=IFCADVANCEDFACE((#602),#564,.F.) ;
#635=IFCADVANCEDFACE((#634),#605,.F.) ;
#660=IFCADVANCEDFACE((#659),#641,.T.) ;
#685=IFCADVANCEDFACE((#684),#666,.T.) ;
#710=IFCADVANCEDFACE((#709),#691,.T.) ;
#753=IFCADVANCEDFACE((#752),#716,.T.) ;
#796=IFCADVANCEDFACE((#795),#759,.T.) ;
#821=IFCADVANCEDFACE((#820),#802,.T.) ;
#864=IFCADVANCEDFACE((#863),#827,.T.) ;
#905=IFCADVANCEDFACE((#904),#866,.T.) ;
#939=IFCADVANCEDFACE((#938),#911,.T.) ;
#971=IFCADVANCEDFACE((#970),#941,.T.) ;
#996=IFCADVANCEDFACE((#995),#977,.T.) ;
#1039=IFCADVANCEDFACE((#1038),#1002,.T.) ;
#1082=IFCADVANCEDFACE((#1081),#1045,.T.) ;
#1125=IFCADVANCEDFACE((#1124),#1088,.T.) ;
#1307=IFCADVANCEDFACE((#1260,#1270,#1280,#1290,#1296,#1306),#1127,.F.) ;
#1489=IFCADVANCEDFACE((#1442,#1452,#1462,#1472,#1478,#1488),#1309,.T.) ;
#1507=IFCADVANCEDFACE((#1506),#1495,.F.) ;
#1520=IFCADVANCEDFACE((#1519),#1513,.F.) ;
#1533=IFCADVANCEDFACE((#1532),#1526,.F.) ;
#1551=IFCADVANCEDFACE((#1550),#1539,.T.) ;
#1574=IFCADVANCEDFACE((#1573),#1557,.F.) ;
#1592=IFCADVANCEDFACE((#1591),#1576,.F.) ;
#1610=IFCADVANCEDFACE((#1609),#1594,.F.) ;
#1628=IFCADVANCEDFACE((#1627),#1612,.F.) ;
#1646=IFCADVANCEDFACE((#1645),#1630,.F.) ;
#1659=IFCADVANCEDFACE((#1658),#1648,.F.) ;
#1672=IFCADVANCEDFACE((#1671),#1661,.F.) ;
#1685=IFCADVANCEDFACE((#1684),#1678,.T.) ;
#1698=IFCADVANCEDFACE((#1697),#1691,.T.) ;
#1711=IFCADVANCEDFACE((#1710),#1704,.T.) ;
#1724=IFCADVANCEDFACE((#1723),#1717,.T.) ;
#1737=IFCADVANCEDFACE((#1736),#1730,.T.) ;
#1750=IFCADVANCEDFACE((#1749),#1743,.T.) ;
#1763=IFCADVANCEDFACE((#1762),#1756,.T.) ;
#1915=IFCADVANCEDFACE((#1914),#1860,.F.) ;
#1970=IFCADVANCEDFACE((#1969),#1921,.T.) ;
#1993=IFCADVANCEDFACE((#1992),#1972,.F.) ;
#2052=IFCADVANCEDFACE((#2051),#1995,.T.) ;
#2093=IFCADVANCEDFACE((#2092),#2054,.F.) ;
#2127=IFCADVANCEDFACE((#2126),#2095,.F.) ;
#2170=IFCADVANCEDFACE((#2169),#2129,.F.) ;
#2231=IFCADVANCEDFACE((#2230),#2176,.F.) ;
#2286=IFCADVANCEDFACE((#2285),#2237,.T.) ;
#2309=IFCADVANCEDFACE((#2308),#2288,.F.) ;
#2368=IFCADVANCEDFACE((#2367),#2311,.T.) ;
#2409=IFCADVANCEDFACE((#2408),#2370,.F.) ;
#2470=IFCADVANCEDFACE((#2469),#2415,.F.) ;
#2525=IFCADVANCEDFACE((#2524),#2476,.T.) ;
#2693=IFCADVANCEDFACE((#2572,#2592,#2612,#2632,#2652,#2672,#2692),#2527,.T.) ;
#2746=IFCADVANCEDFACE((#2745),#2699,.T.) ;
#2805=IFCADVANCEDFACE((#2804),#2752,.F.) ;
#2842=IFCADVANCEDFACE((#2841),#2807,.T.) ;
#2874=IFCADVANCEDFACE((#2873),#2844,.T.) ;
#2892=IFCADVANCEDFACE((#2891),#2876,.F.) ;
#2910=IFCADVANCEDFACE((#2909),#2894,.T.) ;
#2928=IFCADVANCEDFACE((#2927),#2912,.F.) ;
#3019=IFCADVANCEDFACE((#3018),#2930,.T.) ;
#3062=IFCADVANCEDFACE((#3061),#3025,.T.) ;
#3111=IFCADVANCEDFACE((#3110),#3068,.F.) ;
#3188=IFCADVANCEDFACE((#3187),#3117,.F.) ;
#3253=IFCADVANCEDFACE((#3252),#3194,.T.) ;
#3282=IFCADVANCEDFACE((#3281),#3259,.F.) ;
#3311=IFCADVANCEDFACE((#3310),#3288,.F.) ;
#3340=IFCADVANCEDFACE((#3339),#3313,.F.) ;
#3358=IFCADVANCEDFACE((#3357),#3342,.T.) ;
#3381=IFCADVANCEDFACE((#3380),#3360,.F.) ;
#3399=IFCADVANCEDFACE((#3398),#3383,.F.) ;
#3417=IFCADVANCEDFACE((#3416),#3405,.T.) ;
#3435=IFCADVANCEDFACE((#3434),#3419,.F.) ;
#3459=IFCADVANCEDFACE((#3458),#3441,.T.) ;
#3477=IFCADVANCEDFACE((#3476),#3461,.F.) ;
#3500=IFCADVANCEDFACE((#3499),#3479,.F.) ;
#3513=IFCADVANCEDFACE((#3512),#3502,.T.) ;
#3531=IFCADVANCEDFACE((#3530),#3515,.F.) ;
#3580=IFCADVANCEDFACE((#3579),#3533,.T.) ;
#3634=IFCADVANCEDFACE((#3633),#3582,.T.) ;
#3666=IFCADVANCEDFACE((#3665),#3636,.T.) ;
#3689=IFCADVANCEDFACE((#3688),#3668,.F.) ;
#3721=IFCADVANCEDFACE((#3720),#3691,.F.) ;
#3775=IFCADVANCEDFACE((#3774),#3723,.T.) ;
#3793=IFCADVANCEDFACE((#3792),#3777,.T.) ;
#3818=IFCADVANCEDFACE((#3817),#3795,.F.) ;
#3831=IFCADVANCEDFACE((#3830),#3820,.T.) ;
#3880=IFCADVANCEDFACE((#3879),#3833,.T.) ;
#3893=IFCADVANCEDFACE((#3892),#3882,.T.) ;
#3947=IFCADVANCEDFACE((#3946),#3895,.T.) ;
#3972=IFCADVANCEDFACE((#3971),#3949,.T.) ;
#3997=IFCADVANCEDFACE((#3996),#3974,.F.) ;
#4015=IFCADVANCEDFACE((#4014),#3999,.T.) ;
#4028=IFCADVANCEDFACE((#4027),#4017,.F.) ;
#4060=IFCADVANCEDFACE((#4059),#4030,.T.) ;
#4092=IFCADVANCEDFACE((#4091),#4062,.F.) ;
#4115=IFCADVANCEDFACE((#4114),#4094,.T.) ;
#4128=IFCADVANCEDFACE((#4127),#4117,.T.) ;
#4141=IFCADVANCEDFACE((#4140),#4130,.F.) ;
#4184=IFCADVANCEDFACE((#4183),#4147,.T.) ;
#4227=IFCADVANCEDFACE((#4226),#4190,.T.) ;
#4270=IFCADVANCEDFACE((#4269),#4233,.T.) ;
#4313=IFCADVANCEDFACE((#4312),#4276,.T.) ;
#4356=IFCADVANCEDFACE((#4355),#4319,.T.) ;
#4399=IFCADVANCEDFACE((#4398),#4362,.T.) ;
#4431=IFCADVANCEDFACE((#4430),#4401,.T.) ;
#4456=IFCADVANCEDFACE((#4455),#4433,.T.) ;
#4497=IFCADVANCEDFACE((#4496),#4458,.T.) ;
#4529=IFCADVANCEDFACE((#4528),#4499,.T.) ;
#4662=IFCADVANCEDFACE((#4541,#4561,#4581,#4601,#4621,#4641,#4661),#4531,.T.) ;
#4795=IFCADVANCEDFACE((#4674,#4694,#4714,#4734,#4754,#4774,#4794),#4664,.F.) ;
#4880=IFCADVANCEDFACE((#4819,#4829,#4839,#4849,#4859,#4869,#4879),#4797,.T.) ;
#4965=IFCADVANCEDFACE((#4904,#4914,#4924,#4934,#4944,#4954,#4964),#4882,.F.) ;
#4978=IFCADVANCEDFACE((#4977),#4967,.T.) ;
#4991=IFCADVANCEDFACE((#4990),#4980,.T.) ;
#5136=IFCADVANCEDFACE((#5015,#5035,#5055,#5075,#5095,#5115,#5135),#4993,.F.) ;
#5149=IFCADVANCEDFACE((#5148),#5138,.T.) ;
#5162=IFCADVANCEDFACE((#5161),#5151,.T.) ;
#5185=IFCADVANCEDFACE((#5184),#5168,.T.) ;
#5208=IFCADVANCEDFACE((#5207),#5191,.T.) ;
#5231=IFCADVANCEDFACE((#5230),#5214,.T.) ;
#5254=IFCADVANCEDFACE((#5253),#5237,.T.) ;
#5277=IFCADVANCEDFACE((#5276),#5260,.T.) ;
#5300=IFCADVANCEDFACE((#5299),#5283,.T.) ;
#5323=IFCADVANCEDFACE((#5322),#5306,.T.) ;
#5346=IFCADVANCEDFACE((#5345),#5329,.T.) ;
#5369=IFCADVANCEDFACE((#5368),#5352,.T.) ;
#5392=IFCADVANCEDFACE((#5391),#5375,.T.) ;
#5415=IFCADVANCEDFACE((#5414),#5398,.T.) ;
#5438=IFCADVANCEDFACE((#5437),#5421,.T.) ;
#5451=IFCADVANCEDFACE((#5450),#5444,.T.) ;
#5464=IFCADVANCEDFACE((#5463),#5457,.T.) ;
#5477=IFCADVANCEDFACE((#5476),#5470,.T.) ;
#5490=IFCADVANCEDFACE((#5489),#5483,.T.) ;
#5503=IFCADVANCEDFACE((#5502),#5496,.T.) ;
#5516=IFCADVANCEDFACE((#5515),#5509,.T.) ;
#5529=IFCADVANCEDFACE((#5528),#5522,.T.) ;
#5542=IFCADVANCEDFACE((#5541),#5535,.T.) ;
#5555=IFCADVANCEDFACE((#5554),#5548,.T.) ;
#5568=IFCADVANCEDFACE((#5567),#5561,.T.) ;
#5581=IFCADVANCEDFACE((#5580),#5574,.T.) ;
#5594=IFCADVANCEDFACE((#5593),#5587,.T.) ;
#5607=IFCADVANCEDFACE((#5606),#5600,.T.) ;
#5620=IFCADVANCEDFACE((#5619),#5613,.T.) ;
#5633=IFCADVANCEDFACE((#5632),#5626,.T.) ;
#5646=IFCADVANCEDFACE((#5645),#5639,.T.) ;
#5659=IFCADVANCEDFACE((#5658),#5652,.T.) ;
#5672=IFCADVANCEDFACE((#5671),#5665,.T.) ;
#1878=IFCBSPLINECURVEWITHKNOTS(3,(#1879,#1880,#1881,#1882,#1883,#1884,#1885,#1886,#1887,#1888,#1889,#1890,#1891,#1892,#1893,#1894,#1895,#1896,#1897,#1898,#1899,#1900),.UNSPECIFIED.,.F.,.U.,(4,2,2,2,2,2,2,2,2,2,4),(0.,0.00123332677293,0.0018499901594,0.00246665354586,0.0036999803188,0.00493330709173,0.00616663386466,0.00678329725113,0.00739996063759,0.00863328741053,0.00986661418346),.UNSPECIFIED.) ;
#1922=IFCBSPLINECURVEWITHKNOTS(3,(#1923,#1924,#1925,#1926,#1927,#1928,#1929,#1930,#1931,#1932,#1933,#1934,#1935,#1936,#1937,#1938),.UNSPECIFIED.,.F.,.U.,(4,2,2,2,2,2,2,4),(0.,0.000650341218358,0.00130068243672,0.00195102365507,0.00260136487343,0.00325170609179,0.00390204731015,0.00520272974686),.UNSPECIFIED.) ;
#2194=IFCBSPLINECURVEWITHKNOTS(3,(#2195,#2196,#2197,#2198,#2199,#2200,#2201,#2202,#2203,#2204,#2205,#2206,#2207,#2208,#2209,#2210,#2211,#2212,#2213,#2214,#2215,#2216),.UNSPECIFIED.,.F.,.U.,(4,2,2,2,2,2,2,2,2,2,4),(8.55306181261E-22,0.00123332677293,0.0018499901594,0.00246665354586,0.0036999803188,0.00493330709173,0.00616663386466,0.00678329725113,0.00739996063759,0.00863328741053,0.00986661418346),.UNSPECIFIED.) ;
#2238=IFCBSPLINECURVEWITHKNOTS(3,(#2239,#2240,#2241,#2242,#2243,#2244,#2245,#2246,#2247,#2248,#2249,#2250,#2251,#2252,#2253,#2254),.UNSPECIFIED.,.F.,.U.,(4,2,2,2,2,2,2,4),(0.,0.000650341218358,0.00130068243672,0.00195102365507,0.00260136487343,0.00325170609179,0.00390204731015,0.00520272974686),.UNSPECIFIED.) ;
#2416=IFCBSPLINECURVEWITHKNOTS(3,(#2417,#2418,#2419,#2420,#2421,#2422,#2423,#2424,#2425,#2426,#2427,#2428,#2429,#2430,#2431,#2432,#2433,#2434,#2435,#2436,#2437,#2438),.UNSPECIFIED.,.F.,.U.,(4,2,2,2,2,2,2,2,2,2,4),(0.,0.00123332677293,0.0018499901594,0.00246665354586,0.0036999803188,0.00493330709173,0.00616663386466,0.00678329725113,0.00739996063759,0.00863328741053,0.00986661418346),.UNSPECIFIED.) ;
#2494=IFCBSPLINECURVEWITHKNOTS(3,(#2495,#2496,#2497,#2498,#2499,#2500,#2501,#2502,#2503,#2504,#2505,#2506,#2507,#2508,#2509,#2510),.UNSPECIFIED.,.F.,.U.,(4,2,2,2,2,2,2,4),(0.,0.000650341218358,0.00130068243672,0.00195102365507,0.00260136487343,0.00325170609179,0.00390204731015,0.00520272974686),.UNSPECIFIED.) ;
#2717=IFCBSPLINECURVEWITHKNOTS(3,(#2718,#2719,#2720,#2721,#2722,#2723,#2724,#2725,#2726,#2727,#2728,#2729,#2730,#2731,#2732,#2733),.UNSPECIFIED.,.F.,.U.,(4,2,2,2,2,2,2,4),(0.,0.000650341218358,0.00130068243672,0.00195102365507,0.00260136487343,0.00325170609179,0.00390204731015,0.00520272974686),.UNSPECIFIED.) ;
#2753=IFCBSPLINECURVEWITHKNOTS(3,(#2754,#2755,#2756,#2757,#2758,#2759,#2760,#2761,#2762,#2763,#2764,#2765,#2766,#2767,#2768,#2769,#2770,#2771,#2772,#2773,#2774,#2775),.UNSPECIFIED.,.F.,.U.,(4,2,2,2,2,2,2,2,2,2,4),(5.60005812842E-19,0.00123332677293,0.0018499901594,0.00246665354586,0.0036999803188,0.00493330709173,0.00616663386466,0.00678329725113,0.00739996063759,0.00863328741053,0.00986661418346),.UNSPECIFIED.) ;
#2971=IFCBSPLINECURVEWITHKNOTS(3,(#2972,#2973,#2974,#2975,#2976,#2977,#2978,#2979,#2980,#2981,#2982,#2983,#2984,#2985,#2986,#2987,#2988,#2989,#2990,#2991,#2992,#2993),.UNSPECIFIED.,.F.,.U.,(4,2,2,2,2,2,2,2,2,2,4),(0.,0.00123332677293,0.0018499901594,0.00246665354586,0.0036999803188,0.00493330709173,0.00616663386466,0.00678329725113,0.00739996063759,0.00863328741053,0.00986661418346),.UNSPECIFIED.) ;
#2995=IFCBSPLINECURVEWITHKNOTS(3,(#2996,#2997,#2998,#2999,#3000,#3001,#3002,#3003,#3004,#3005,#3006,#3007,#3008,#3009,#3010,#3011),.UNSPECIFIED.,.F.,.U.,(4,2,2,2,2,2,2,4),(0.,0.000650341218358,0.00130068243672,0.00195102365507,0.00260136487343,0.00325170609179,0.00390204731015,0.00520272974686),.UNSPECIFIED.) ;
#3033=IFCBSPLINECURVEWITHKNOTS(3,(#3034,#3035,#3036,#3037,#3038,#3039,#3040,#3041,#3042,#3043,#3044,#3045,#3046,#3047,#3048,#3049),.UNSPECIFIED.,.F.,.U.,(4,2,2,2,2,2,2,4),(0.,0.000650341218358,0.00130068243672,0.00195102365507,0.00260136487343,0.00325170609179,0.00390204731015,0.00520272974686),.UNSPECIFIED.) ;
#3069=IFCBSPLINECURVEWITHKNOTS(3,(#3070,#3071,#3072,#3073,#3074,#3075,#3076,#3077,#3078,#3079,#3080,#3081,#3082,#3083,#3084,#3085,#3086,#3087,#3088,#3089,#3090,#3091),.UNSPECIFIED.,.F.,.U.,(4,2,2,2,2,2,2,2,2,2,4),(0.,0.00123332677293,0.0018499901594,0.00246665354586,0.0036999803188,0.00493330709173,0.00616663386466,0.00678329725113,0.00739996063759,0.00863328741053,0.00986661418346),.UNSPECIFIED.) ;
#3118=IFCBSPLINECURVEWITHKNOTS(3,(#3119,#3120,#3121,#3122,#3123,#3124,#3125,#3126,#3127,#3128,#3129,#3130,#3131,#3132,#3133,#3134,#3135,#3136,#3137,#3138,#3139,#3140),.UNSPECIFIED.,.F.,.U.,(4,2,2,2,2,2,2,2,2,2,4),(0.,0.00123332677293,0.0018499901594,0.00246665354586,0.0036999803188,0.00493330709173,0.00616663386466,0.00678329725113,0.00739996063759,0.00863328741053,0.00986661418346),.UNSPECIFIED.) ;
#3151=IFCBSPLINECURVEWITHKNOTS(3,(#3152,#3153,#3154,#3155,#3156,#3157,#3158,#3159,#3160,#3161,#3162,#3163,#3164,#3165,#3166,#3167,#3168,#3169,#3170,#3171,#3172,#3173),.UNSPECIFIED.,.F.,.U.,(4,2,2,2,2,2,2,2,2,2,4),(1.45979632652E-21,0.00123332677293,0.0018499901594,0.00246665354586,0.0036999803188,0.00493330709173,0.00616663386466,0.00678329725113,0.00739996063759,0.00863328741053,0.00986661418346),.UNSPECIFIED.) ;
#3195=IFCBSPLINECURVEWITHKNOTS(3,(#3196,#3197,#3198,#3199,#3200,#3201,#3202,#3203,#3204,#3205,#3206,#3207,#3208,#3209,#3210,#3211),.UNSPECIFIED.,.F.,.U.,(4,2,2,2,2,2,2,4),(0.,0.000650341218358,0.00130068243672,0.00195102365507,0.00260136487343,0.00325170609179,0.00390204731015,0.00520272974686),.UNSPECIFIED.) ;
#3222=IFCBSPLINECURVEWITHKNOTS(3,(#3223,#3224,#3225,#3226,#3227,#3228,#3229,#3230,#3231,#3232,#3233,#3234,#3235,#3236,#3237,#3238),.UNSPECIFIED.,.F.,.U.,(4,2,2,2,2,2,2,4),(0.,0.000650341218358,0.00130068243672,0.00195102365507,0.00260136487343,0.00325170609179,0.00390204731015,0.00520272974686),.UNSPECIFIED.) ;
#1995=IFCBSPLINESURFACEWITHKNOTS(1,3,((#1996,#1997,#1998,#1999,#2000,#2001,#2002,#2003,#2004,#2005),(#2006,#2007,#2008,#2009,#2010,#2011,#2012,#2013,#2014,#2015),(#2016,#2017,#2018,#2019,#2020,#2021,#2022,#2023,#2024,#2025),(#2026,#2027,#2028,#2029,#2030,#2031,#2032,#2033,#2034,#2035)),.UNSPECIFIED.,.F.,.F.,.U.,(2,1,1,2),(4,2,2,2,4),(-0.00619068072504,0.,1.,1.00603869408),(0.,0.25,0.5,0.75,1.),.UNSPECIFIED.) ;
#2311=IFCBSPLINESURFACEWITHKNOTS(1,3,((#2312,#2313,#2314,#2315,#2316,#2317,#2318,#2319,#2320,#2321),(#2322,#2323,#2324,#2325,#2326,#2327,#2328,#2329,#2330,#2331),(#2332,#2333,#2334,#2335,#2336,#2337,#2338,#2339,#2340,#2341),(#2342,#2343,#2344,#2345,#2346,#2347,#2348,#2349,#2350,#2351)),.UNSPECIFIED.,.F.,.F.,.U.,(2,1,1,2),(4,2,2,2,4),(-0.006190680725,0.,1.,1.00603869408),(0.,0.25,0.5,0.75,1.),.UNSPECIFIED.) ;
#2930=IFCBSPLINESURFACEWITHKNOTS(1,3,((#2931,#2932,#2933,#2934,#2935,#2936,#2937,#2938,#2939,#2940),(#2941,#2942,#2943,#2944,#2945,#2946,#2947,#2948,#2949,#2950),(#2951,#2952,#2953,#2954,#2955,#2956,#2957,#2958,#2959,#2960),(#2961,#2962,#2963,#2964,#2965,#2966,#2967,#2968,#2969,#2970)),.UNSPECIFIED.,.F.,.F.,.U.,(2,1,1,2),(4,2,2,2,4),(-0.00619068072501,0.,1.,1.00603869408),(0.,0.25,0.5,0.75,1.),.UNSPECIFIED.) ;
#3533=IFCBSPLINESURFACEWITHKNOTS(1,3,((#3534,#3535,#3536,#3537,#3538,#3539,#3540,#3541,#3542,#3543),(#3544,#3545,#3546,#3547,#3548,#3549,#3550,#3551,#3552,#3553),(#3554,#3555,#3556,#3557,#3558,#3559,#3560,#3561,#3562,#3563),(#3564,#3565,#3566,#3567,#3568,#3569,#3570,#3571,#3572,#3573)),.UNSPECIFIED.,.F.,.F.,.U.,(2,1,1,2),(4,2,2,2,4),(-0.00619068072498,0.,1.,1.00603869408),(0.,0.25,0.5,0.75,1.),.UNSPECIFIED.) ;
#3582=IFCBSPLINESURFACEWITHKNOTS(1,3,((#3583,#3584,#3585,#3586,#3587,#3588,#3589,#3590,#3591,#3592),(#3593,#3594,#3595,#3596,#3597,#3598,#3599,#3600,#3601,#3602),(#3603,#3604,#3605,#3606,#3607,#3608,#3609,#3610,#3611,#3612),(#3613,#3614,#3615,#3616,#3617,#3618,#3619,#3620,#3621,#3622)),.UNSPECIFIED.,.F.,.F.,.U.,(2,1,1,2),(4,2,2,2,4),(-0.00619068072502,0.,1.,1.00603869408),(0.,0.25,0.5,0.75,1.),.UNSPECIFIED.) ;
#3723=IFCBSPLINESURFACEWITHKNOTS(1,3,((#3724,#3725,#3726,#3727,#3728,#3729,#3730,#3731,#3732,#3733),(#3734,#3735,#3736,#3737,#3738,#3739,#3740,#3741,#3742,#3743),(#3744,#3745,#3746,#3747,#3748,#3749,#3750,#3751,#3752,#3753),(#3754,#3755,#3756,#3757,#3758,#3759,#3760,#3761,#3762,#3763)),.UNSPECIFIED.,.F.,.F.,.U.,(2,1,1,2),(4,2,2,2,4),(-0.006190680725,0.,1.,1.00603869408),(0.,0.25,0.5,0.75,1.),.UNSPECIFIED.) ;
#3833=IFCBSPLINESURFACEWITHKNOTS(1,3,((#3834,#3835,#3836,#3837,#3838,#3839,#3840,#3841,#3842,#3843),(#3844,#3845,#3846,#3847,#3848,#3849,#3850,#3851,#3852,#3853),(#3854,#3855,#3856,#3857,#3858,#3859,#3860,#3861,#3862,#3863),(#3864,#3865,#3866,#3867,#3868,#3869,#3870,#3871,#3872,#3873)),.UNSPECIFIED.,.F.,.F.,.U.,(2,1,1,2),(4,2,2,2,4),(-0.00619068072498,0.,1.,1.00603869408),(0.,0.25,0.5,0.75,1.),.UNSPECIFIED.) ;
#3895=IFCBSPLINESURFACEWITHKNOTS(1,3,((#3896,#3897,#3898,#3899,#3900,#3901,#3902,#3903,#3904,#3905),(#3906,#3907,#3908,#3909,#3910,#3911,#3912,#3913,#3914,#3915),(#3916,#3917,#3918,#3919,#3920,#3921,#3922,#3923,#3924,#3925),(#3926,#3927,#3928,#3929,#3930,#3931,#3932,#3933,#3934,#3935)),.UNSPECIFIED.,.F.,.F.,.U.,(2,1,1,2),(4,2,2,2,4),(-0.00619068072508,0.,1.,1.00603869408),(0.,0.25,0.5,0.75,1.),.UNSPECIFIED.) ;
#49=IFCBUILDING('0iS4vY24idXreU_ac_BRH9',#5,'default Building',$,$,$,$,$,.ELEMENT.,$,$,$) ;
#1772=IFCBUILDINGELEMENTPROXY('0zPXDggtjTmOTU0rDEDzDK',#5,'KI-0000-GS01',$,'AECARCHITECTURALELEMENT',#1797,#1798,$,$) ;
#1804=IFCBUILDINGELEMENTPROXY('2S62AK4FfNxfvx4JKmSxBc',#5,'KI-0000-GS01-1',$,'AECARCHITECTURALELEMENT',#1829,#1842,$,$) ;
#5677=IFCBUILDINGELEMENTPROXY('1UGpT2a7TO5P171OMCgCBy',#5,'SHEET^KI-0001-U04',$,'AECARCHITECTURALELEMENT',#5687,#5688,$,$) ;
#77=IFCBUILDINGSTOREY('0iWI1GPJHzXCzdh1Q8QeSG',#5,'default BuildingStorey',$,$,$,$,$,.ELEMENT.,$) ;
#1832=IFCCARTESIANTRANSFORMATIONOPERATOR3D(#1833,#1834,#1836,$,#1835) ;
#1845=IFCCARTESIANTRANSFORMATIONOPERATOR3D(#1846,#1847,#1849,$,#1848) ;
#144=IFCCIRCLE(#145,0.001) ;
#161=IFCCIRCLE(#162,0.001) ;
#200=IFCCIRCLE(#201,0.001) ;
#215=IFCCIRCLE(#216,0.001) ;
#243=IFCCIRCLE(#244,0.001) ;
#258=IFCCIRCLE(#259,0.001) ;
#642=IFCCIRCLE(#643,0.001) ;
#648=IFCCIRCLE(#649,0.001) ;
#667=IFCCIRCLE(#668,0.001) ;
#673=IFCCIRCLE(#674,0.001) ;
#692=IFCCIRCLE(#693,0.001) ;
#698=IFCCIRCLE(#699,0.001) ;
#717=IFCCIRCLE(#718,0.001) ;
#734=IFCCIRCLE(#735,0.001) ;
#760=IFCCIRCLE(#761,0.001) ;
#777=IFCCIRCLE(#778,0.001) ;
#803=IFCCIRCLE(#804,0.001) ;
#809=IFCCIRCLE(#810,0.001) ;
#828=IFCCIRCLE(#829,0.005) ;
#845=IFCCIRCLE(#846,0.005) ;
#912=IFCCIRCLE(#913,0.005) ;
#927=IFCCIRCLE(#928,0.005) ;
#978=IFCCIRCLE(#979,0.005) ;
#984=IFCCIRCLE(#985,0.005) ;
#1003=IFCCIRCLE(#1004,0.005) ;
#1020=IFCCIRCLE(#1021,0.005) ;
#1046=IFCCIRCLE(#1047,0.005) ;
#1063=IFCCIRCLE(#1064,0.005) ;
#1089=IFCCIRCLE(#1090,0.005) ;
#1106=IFCCIRCLE(#1107,0.005) ;
#1132=IFCCIRCLE(#1133,0.005) ;
#1159=IFCCIRCLE(#1160,0.005) ;
#1174=IFCCIRCLE(#1175,0.005) ;
#1180=IFCCIRCLE(#1181,0.005) ;
#1186=IFCCIRCLE(#1187,0.001) ;
#1192=IFCCIRCLE(#1193,0.001) ;
#1205=IFCCIRCLE(#1206,0.001) ;
#1220=IFCCIRCLE(#1221,0.005) ;
#1261=IFCCIRCLE(#1262,0.005) ;
#1271=IFCCIRCLE(#1272,0.005) ;
#1281=IFCCIRCLE(#1282,0.005) ;
#1297=IFCCIRCLE(#1298,0.005) ;
#1314=IFCCIRCLE(#1315,0.005) ;
#1329=IFCCIRCLE(#1330,0.001) ;
#1342=IFCCIRCLE(#1343,0.001) ;
#1348=IFCCIRCLE(#1349,0.001) ;
#1354=IFCCIRCLE(#1355,0.005) ;
#1360=IFCCIRCLE(#1361,0.005) ;
#1375=IFCCIRCLE(#1376,0.005) ;
#1402=IFCCIRCLE(#1403,0.005) ;
#1443=IFCCIRCLE(#1444,0.005) ;
#1453=IFCCIRCLE(#1454,0.005) ;
#1463=IFCCIRCLE(#1464,0.005) ;
#1479=IFCCIRCLE(#1480,0.005) ;
#1861=IFCCIRCLE(#1862,0.0063) ;
#1951=IFCCIRCLE(#1952,0.0033) ;
#2109=IFCCIRCLE(#2110,0.0063) ;
#2115=IFCCIRCLE(#2116,0.0033) ;
#2143=IFCCIRCLE(#2144,0.0063) ;
#2158=IFCCIRCLE(#2159,0.0033) ;
#2177=IFCCIRCLE(#2178,0.0063) ;
#2267=IFCCIRCLE(#2268,0.0033) ;
#2451=IFCCIRCLE(#2452,0.0063) ;
#2477=IFCCIRCLE(#2478,0.0033) ;
#2573=IFCCIRCLE(#2574,0.006) ;
#2583=IFCCIRCLE(#2584,0.006) ;
#2593=IFCCIRCLE(#2594,0.006) ;
#2603=IFCCIRCLE(#2604,0.006) ;
#2613=IFCCIRCLE(#2614,0.006) ;
#2623=IFCCIRCLE(#2624,0.006) ;
#2633=IFCCIRCLE(#2634,0.006) ;
#2643=IFCCIRCLE(#2644,0.006) ;
#2653=IFCCIRCLE(#2654,0.006) ;
#2663=IFCCIRCLE(#2664,0.006) ;
#2673=IFCCIRCLE(#2674,0.006) ;
#2683=IFCCIRCLE(#2684,0.006) ;
#2700=IFCCIRCLE(#2701,0.0033) ;
#2786=IFCCIRCLE(#2787,0.0063) ;
#3265=IFCCIRCLE(#3266,0.0063) ;
#3294=IFCCIRCLE(#3295,0.0063) ;
#3323=IFCCIRCLE(#3324,0.0033) ;
#3442=IFCCIRCLE(#3443,0.0033) ;
#4148=IFCCIRCLE(#4149,0.006) ;
#4165=IFCCIRCLE(#4166,0.006) ;
#4191=IFCCIRCLE(#4192,0.006) ;
#4208=IFCCIRCLE(#4209,0.006) ;
#4234=IFCCIRCLE(#4235,0.006) ;
#4251=IFCCIRCLE(#4252,0.006) ;
#4277=IFCCIRCLE(#4278,0.006) ;
#4294=IFCCIRCLE(#4295,0.006) ;
#4320=IFCCIRCLE(#4321,0.006) ;
#4337=IFCCIRCLE(#4338,0.006) ;
#4363=IFCCIRCLE(#4364,0.006) ;
#4380=IFCCIRCLE(#4381,0.006) ;
#4542=IFCCIRCLE(#4543,0.006) ;
#4552=IFCCIRCLE(#4553,0.006) ;
#4562=IFCCIRCLE(#4563,0.006) ;
#4572=IFCCIRCLE(#4573,0.006) ;
#4582=IFCCIRCLE(#4583,0.006) ;
#4592=IFCCIRCLE(#4593,0.006) ;
#4602=IFCCIRCLE(#4603,0.006) ;
#4612=IFCCIRCLE(#4613,0.006) ;
#4622=IFCCIRCLE(#4623,0.006) ;
#4632=IFCCIRCLE(#4633,0.006) ;
#4642=IFCCIRCLE(#4643,0.006) ;
#4652=IFCCIRCLE(#4653,0.006) ;
#4675=IFCCIRCLE(#4676,0.006) ;
#4685=IFCCIRCLE(#4686,0.006) ;
#4695=IFCCIRCLE(#4696,0.006) ;
#4705=IFCCIRCLE(#4706,0.006) ;
#4715=IFCCIRCLE(#4716,0.006) ;
#4725=IFCCIRCLE(#4726,0.006) ;
#4735=IFCCIRCLE(#4736,0.006) ;
#4745=IFCCIRCLE(#4746,0.006) ;
#4755=IFCCIRCLE(#4756,0.006) ;
#4765=IFCCIRCLE(#4766,0.006) ;
#4775=IFCCIRCLE(#4776,0.006) ;
#4785=IFCCIRCLE(#4786,0.006) ;
#4820=IFCCIRCLE(#4821,0.006) ;
#4830=IFCCIRCLE(#4831,0.006) ;
#4840=IFCCIRCLE(#4841,0.006) ;
#4850=IFCCIRCLE(#4851,0.006) ;
#4860=IFCCIRCLE(#4861,0.006) ;
#4870=IFCCIRCLE(#4871,0.006) ;
#4905=IFCCIRCLE(#4906,0.006) ;
#4915=IFCCIRCLE(#4916,0.006) ;
#4925=IFCCIRCLE(#4926,0.006) ;
#4935=IFCCIRCLE(#4936,0.006) ;
#4945=IFCCIRCLE(#4946,0.006) ;
#4955=IFCCIRCLE(#4956,0.006) ;
#5016=IFCCIRCLE(#5017,0.006) ;
#5026=IFCCIRCLE(#5027,0.006) ;
#5036=IFCCIRCLE(#5037,0.006) ;
#5046=IFCCIRCLE(#5047,0.006) ;
#5056=IFCCIRCLE(#5057,0.006) ;
#5066=IFCCIRCLE(#5067,0.006) ;
#5076=IFCCIRCLE(#5077,0.006) ;
#5086=IFCCIRCLE(#5087,0.006) ;
#5096=IFCCIRCLE(#5097,0.006) ;
#5106=IFCCIRCLE(#5107,0.006) ;
#5116=IFCCIRCLE(#5117,0.006) ;
#5126=IFCCIRCLE(#5127,0.006) ;
#6=IFCUNITASSIGNMENT((#10,#8,#9,#11)) ;
#272=IFCPLANE(#273) ;
#304=IFCPLANE(#305) ;
#327=IFCPLANE(#328) ;
#368=IFCPLANE(#369) ;
#409=IFCPLANE(#410) ;
#450=IFCPLANE(#451) ;
#491=IFCPLANE(#492) ;
#523=IFCPLANE(#524) ;
#564=IFCPLANE(#565) ;
#605=IFCPLANE(#606) ;
#866=IFCPLANE(#867) ;
#941=IFCPLANE(#942) ;
#1127=IFCPLANE(#1128) ;
#1309=IFCPLANE(#1310) ;
#1576=IFCPLANE(#1577) ;
#1594=IFCPLANE(#1595) ;
#1612=IFCPLANE(#1613) ;
#1630=IFCPLANE(#1631) ;
#1648=IFCPLANE(#1649) ;
#1661=IFCPLANE(#1662) ;
#1972=IFCPLANE(#1973) ;
#2054=IFCPLANE(#2055) ;
#2095=IFCPLANE(#2096) ;
#2129=IFCPLANE(#2130) ;
#2288=IFCPLANE(#2289) ;
#2370=IFCPLANE(#2371) ;
#2527=IFCPLANE(#2528) ;
#2807=IFCPLANE(#2808) ;
#2844=IFCPLANE(#2845) ;
#2876=IFCPLANE(#2877) ;
#2894=IFCPLANE(#2895) ;
#2912=IFCPLANE(#2913) ;
#3313=IFCPLANE(#3314) ;
#3342=IFCPLANE(#3343) ;
#3360=IFCPLANE(#3361) ;
#3383=IFCPLANE(#3384) ;
#3419=IFCPLANE(#3420) ;
#3461=IFCPLANE(#3462) ;
#3479=IFCPLANE(#3480) ;
#3502=IFCPLANE(#3503) ;
#3515=IFCPLANE(#3516) ;
#3636=IFCPLANE(#3637) ;
#3668=IFCPLANE(#3669) ;
#3691=IFCPLANE(#3692) ;
#3777=IFCPLANE(#3778) ;
#3795=IFCPLANE(#3796) ;
#3820=IFCPLANE(#3821) ;
#3882=IFCPLANE(#3883) ;
#3949=IFCPLANE(#3950) ;
#3974=IFCPLANE(#3975) ;
#3999=IFCPLANE(#4000) ;
#4017=IFCPLANE(#4018) ;
#4030=IFCPLANE(#4031) ;
#4062=IFCPLANE(#4063) ;
#4094=IFCPLANE(#4095) ;
#4117=IFCPLANE(#4118) ;
#4130=IFCPLANE(#4131) ;
#4401=IFCPLANE(#4402) ;
#4433=IFCPLANE(#4434) ;
#4458=IFCPLANE(#4459) ;
#4499=IFCPLANE(#4500) ;
#4531=IFCPLANE(#4532) ;
#4664=IFCPLANE(#4665) ;
#4797=IFCPLANE(#4798) ;
#4882=IFCPLANE(#4883) ;
#4967=IFCPLANE(#4968) ;
#4980=IFCPLANE(#4981) ;
#4993=IFCPLANE(#4994) ;
#5138=IFCPLANE(#5139) ;
#5151=IFCPLANE(#5152) ;
#143=IFCCYLINDRICALSURFACE(#139,0.001) ;
#190=IFCCYLINDRICALSURFACE(#186,0.001) ;
#233=IFCCYLINDRICALSURFACE(#229,0.001) ;
#641=IFCCYLINDRICALSURFACE(#637,0.001) ;
#666=IFCCYLINDRICALSURFACE(#662,0.001) ;
#691=IFCCYLINDRICALSURFACE(#687,0.001) ;
#716=IFCCYLINDRICALSURFACE(#712,0.001) ;
#759=IFCCYLINDRICALSURFACE(#755,0.001) ;
#802=IFCCYLINDRICALSURFACE(#798,0.001) ;
#827=IFCCYLINDRICALSURFACE(#823,0.005) ;
#911=IFCCYLINDRICALSURFACE(#907,0.005) ;
#977=IFCCYLINDRICALSURFACE(#973,0.005) ;
#1002=IFCCYLINDRICALSURFACE(#998,0.005) ;
#1045=IFCCYLINDRICALSURFACE(#1041,0.005) ;
#1088=IFCCYLINDRICALSURFACE(#1084,0.005) ;
#1495=IFCCYLINDRICALSURFACE(#1491,0.005) ;
#1513=IFCCYLINDRICALSURFACE(#1509,0.005) ;
#1526=IFCCYLINDRICALSURFACE(#1522,0.005) ;
#1539=IFCCYLINDRICALSURFACE(#1535,0.005) ;
#1557=IFCCYLINDRICALSURFACE(#1553,0.005) ;
#1678=IFCCYLINDRICALSURFACE(#1674,0.005) ;
#1691=IFCCYLINDRICALSURFACE(#1687,0.005) ;
#1704=IFCCYLINDRICALSURFACE(#1700,0.005) ;
#1717=IFCCYLINDRICALSURFACE(#1713,0.005) ;
#1730=IFCCYLINDRICALSURFACE(#1726,0.001) ;
#1743=IFCCYLINDRICALSURFACE(#1739,0.001) ;
#1756=IFCCYLINDRICALSURFACE(#1752,0.001) ;
#1860=IFCCYLINDRICALSURFACE(#1856,0.0063) ;
#1921=IFCCYLINDRICALSURFACE(#1917,0.0033) ;
#2176=IFCCYLINDRICALSURFACE(#2172,0.0063) ;
#2237=IFCCYLINDRICALSURFACE(#2233,0.0033) ;
#2415=IFCCYLINDRICALSURFACE(#2411,0.0063) ;
#2476=IFCCYLINDRICALSURFACE(#2472,0.0033) ;
#2699=IFCCYLINDRICALSURFACE(#2695,0.0033) ;
#2752=IFCCYLINDRICALSURFACE(#2748,0.0063) ;
#3025=IFCCYLINDRICALSURFACE(#3021,0.0033) ;
#3068=IFCCYLINDRICALSURFACE(#3064,0.0063) ;
#3117=IFCCYLINDRICALSURFACE(#3113,0.0063) ;
#3194=IFCCYLINDRICALSURFACE(#3190,0.0033) ;
#3259=IFCCYLINDRICALSURFACE(#3255,0.0063) ;
#3288=IFCCYLINDRICALSURFACE(#3284,0.0063) ;
#3405=IFCCYLINDRICALSURFACE(#3401,0.0033) ;
#3441=IFCCYLINDRICALSURFACE(#3437,0.0033) ;
#4147=IFCCYLINDRICALSURFACE(#4143,0.006) ;
#4190=IFCCYLINDRICALSURFACE(#4186,0.006) ;
#4233=IFCCYLINDRICALSURFACE(#4229,0.006) ;
#4276=IFCCYLINDRICALSURFACE(#4272,0.006) ;
#4319=IFCCYLINDRICALSURFACE(#4315,0.006) ;
#4362=IFCCYLINDRICALSURFACE(#4358,0.006) ;
#5168=IFCCYLINDRICALSURFACE(#5164,0.006) ;
#5191=IFCCYLINDRICALSURFACE(#5187,0.006) ;
#5214=IFCCYLINDRICALSURFACE(#5210,0.006) ;
#5237=IFCCYLINDRICALSURFACE(#5233,0.006) ;
#5260=IFCCYLINDRICALSURFACE(#5256,0.006) ;
#5283=IFCCYLINDRICALSURFACE(#5279,0.006) ;
#5306=IFCCYLINDRICALSURFACE(#5302,0.006) ;
#5329=IFCCYLINDRICALSURFACE(#5325,0.006) ;
#5352=IFCCYLINDRICALSURFACE(#5348,0.006) ;
#5375=IFCCYLINDRICALSURFACE(#5371,0.006) ;
#5398=IFCCYLINDRICALSURFACE(#5394,0.006) ;
#5421=IFCCYLINDRICALSURFACE(#5417,0.006) ;
#5444=IFCCYLINDRICALSURFACE(#5440,0.006) ;
#5457=IFCCYLINDRICALSURFACE(#5453,0.006) ;
#5470=IFCCYLINDRICALSURFACE(#5466,0.006) ;
#5483=IFCCYLINDRICALSURFACE(#5479,0.006) ;
#5496=IFCCYLINDRICALSURFACE(#5492,0.006) ;
#5509=IFCCYLINDRICALSURFACE(#5505,0.006) ;
#5522=IFCCYLINDRICALSURFACE(#5518,0.006) ;
#5535=IFCCYLINDRICALSURFACE(#5531,0.006) ;
#5548=IFCCYLINDRICALSURFACE(#5544,0.006) ;
#5561=IFCCYLINDRICALSURFACE(#5557,0.006) ;
#5574=IFCCYLINDRICALSURFACE(#5570,0.006) ;
#5587=IFCCYLINDRICALSURFACE(#5583,0.006) ;
#5600=IFCCYLINDRICALSURFACE(#5596,0.006) ;
#5613=IFCCYLINDRICALSURFACE(#5609,0.006) ;
#5626=IFCCYLINDRICALSURFACE(#5622,0.006) ;
#5639=IFCCYLINDRICALSURFACE(#5635,0.006) ;
#5652=IFCCYLINDRICALSURFACE(#5648,0.006) ;
#5665=IFCCYLINDRICALSURFACE(#5661,0.006) ;
#174=IFCEDGELOOP((#175,#176,#177,#178)) ;
#221=IFCEDGELOOP((#222,#223,#224,#225)) ;
#264=IFCEDGELOOP((#265,#266,#267,#268)) ;
#296=IFCEDGELOOP((#297,#298,#299,#300)) ;
#319=IFCEDGELOOP((#320,#321,#322,#323)) ;
#360=IFCEDGELOOP((#361,#362,#363,#364)) ;
#401=IFCEDGELOOP((#402,#403,#404,#405)) ;
#442=IFCEDGELOOP((#443,#444,#445,#446)) ;
#483=IFCEDGELOOP((#484,#485,#486,#487)) ;
#515=IFCEDGELOOP((#516,#517,#518,#519)) ;
#556=IFCEDGELOOP((#557,#558,#559,#560)) ;
#597=IFCEDGELOOP((#598,#599,#600,#601)) ;
#629=IFCEDGELOOP((#630,#631,#632,#633)) ;
#654=IFCEDGELOOP((#655,#656,#657,#658)) ;
#679=IFCEDGELOOP((#680,#681,#682,#683)) ;
#704=IFCEDGELOOP((#705,#706,#707,#708)) ;
#747=IFCEDGELOOP((#748,#749,#750,#751)) ;
#790=IFCEDGELOOP((#791,#792,#793,#794)) ;
#815=IFCEDGELOOP((#816,#817,#818,#819)) ;
#858=IFCEDGELOOP((#859,#860,#861,#862)) ;
#899=IFCEDGELOOP((#900,#901,#902,#903)) ;
#933=IFCEDGELOOP((#934,#935,#936,#937)) ;
#965=IFCEDGELOOP((#966,#967,#968,#969)) ;
#990=IFCEDGELOOP((#991,#992,#993,#994)) ;
#1033=IFCEDGELOOP((#1034,#1035,#1036,#1037)) ;
#1076=IFCEDGELOOP((#1077,#1078,#1079,#1080)) ;
#1119=IFCEDGELOOP((#1120,#1121,#1122,#1123)) ;
#1226=IFCEDGELOOP((#1227,#1228,#1229,#1230,#1231,#1232,#1233,#1234,#1235,#1236,#1237,#1238,#1239,#1240,#1241,#1242,#1243,#1244,#1245,#1246,#1247,#1248,#1249,#1250,#1251,#1252,#1253,#1254,#1255,#1256,#1257,#1258,#1259)) ;
#1267=IFCEDGELOOP((#1268,#1269)) ;
#1277=IFCEDGELOOP((#1278,#1279)) ;
#1287=IFCEDGELOOP((#1288,#1289)) ;
#1291=IFCEDGELOOP((#1292,#1293,#1294,#1295)) ;
#1303=IFCEDGELOOP((#1304,#1305)) ;
#1408=IFCEDGELOOP((#1409,#1410,#1411,#1412,#1413,#1414,#1415,#1416,#1417,#1418,#1419,#1420,#1421,#1422,#1423,#1424,#1425,#1426,#1427,#1428,#1429,#1430,#1431,#1432,#1433,#1434,#1435,#1436,#1437,#1438,#1439,#1440,#1441)) ;
#1449=IFCEDGELOOP((#1450,#1451)) ;
#1459=IFCEDGELOOP((#1460,#1461)) ;
#1469=IFCEDGELOOP((#1470,#1471)) ;
#1473=IFCEDGELOOP((#1474,#1475,#1476,#1477)) ;
#1485=IFCEDGELOOP((#1486,#1487)) ;
#1501=IFCEDGELOOP((#1502,#1503,#1504,#1505)) ;
#1514=IFCEDGELOOP((#1515,#1516,#1517,#1518)) ;
#1527=IFCEDGELOOP((#1528,#1529,#1530,#1531)) ;
#1545=IFCEDGELOOP((#1546,#1547,#1548,#1549)) ;
#1568=IFCEDGELOOP((#1569,#1570,#1571,#1572)) ;
#1586=IFCEDGELOOP((#1587,#1588,#1589,#1590)) ;
#1604=IFCEDGELOOP((#1605,#1606,#1607,#1608)) ;
#1622=IFCEDGELOOP((#1623,#1624,#1625,#1626)) ;
#1640=IFCEDGELOOP((#1641,#1642,#1643,#1644)) ;
#1653=IFCEDGELOOP((#1654,#1655,#1656,#1657)) ;
#1666=IFCEDGELOOP((#1667,#1668,#1669,#1670)) ;
#1679=IFCEDGELOOP((#1680,#1681,#1682,#1683)) ;
#1692=IFCEDGELOOP((#1693,#1694,#1695,#1696)) ;
#1705=IFCEDGELOOP((#1706,#1707,#1708,#1709)) ;
#1718=IFCEDGELOOP((#1719,#1720,#1721,#1722)) ;
#1731=IFCEDGELOOP((#1732,#1733,#1734,#1735)) ;
#1744=IFCEDGELOOP((#1745,#1746,#1747,#1748)) ;
#1757=IFCEDGELOOP((#1758,#1759,#1760,#1761)) ;
#1909=IFCEDGELOOP((#1910,#1911,#1912,#1913)) ;
#1964=IFCEDGELOOP((#1965,#1966,#1967,#1968)) ;
#1987=IFCEDGELOOP((#1988,#1989,#1990,#1991)) ;
#2046=IFCEDGELOOP((#2047,#2048,#2049,#2050)) ;
#2087=IFCEDGELOOP((#2088,#2089,#2090,#2091)) ;
#2121=IFCEDGELOOP((#2122,#2123,#2124,#2125)) ;
#2164=IFCEDGELOOP((#2165,#2166,#2167,#2168)) ;
#2225=IFCEDGELOOP((#2226,#2227,#2228,#2229)) ;
#2280=IFCEDGELOOP((#2281,#2282,#2283,#2284)) ;
#2303=IFCEDGELOOP((#2304,#2305,#2306,#2307)) ;
#2362=IFCEDGELOOP((#2363,#2364,#2365,#2366)) ;
#2403=IFCEDGELOOP((#2404,#2405,#2406,#2407)) ;
#2464=IFCEDGELOOP((#2465,#2466,#2467,#2468)) ;
#2519=IFCEDGELOOP((#2520,#2521,#2522,#2523)) ;
#2565=IFCEDGELOOP((#2566,#2567,#2568,#2569,#2570,#2571)) ;
#2589=IFCEDGELOOP((#2590,#2591)) ;
#2609=IFCEDGELOOP((#2610,#2611)) ;
#2629=IFCEDGELOOP((#2630,#2631)) ;
#2649=IFCEDGELOOP((#2650,#2651)) ;
#2669=IFCEDGELOOP((#2670,#2671)) ;
#2689=IFCEDGELOOP((#2690,#2691)) ;
#2740=IFCEDGELOOP((#2741,#2742,#2743,#2744)) ;
#2799=IFCEDGELOOP((#2800,#2801,#2802,#2803)) ;
#2836=IFCEDGELOOP((#2837,#2838,#2839,#2840)) ;
#2868=IFCEDGELOOP((#2869,#2870,#2871,#2872)) ;
#2886=IFCEDGELOOP((#2887,#2888,#2889,#2890)) ;
#2904=IFCEDGELOOP((#2905,#2906,#2907,#2908)) ;
#2922=IFCEDGELOOP((#2923,#2924,#2925,#2926)) ;
#3013=IFCEDGELOOP((#3014,#3015,#3016,#3017)) ;
#3056=IFCEDGELOOP((#3057,#3058,#3059,#3060)) ;
#3105=IFCEDGELOOP((#3106,#3107,#3108,#3109)) ;
#3182=IFCEDGELOOP((#3183,#3184,#3185,#3186)) ;
#3247=IFCEDGELOOP((#3248,#3249,#3250,#3251)) ;
#3276=IFCEDGELOOP((#3277,#3278,#3279,#3280)) ;
#3305=IFCEDGELOOP((#3306,#3307,#3308,#3309)) ;
#3334=IFCEDGELOOP((#3335,#3336,#3337,#3338)) ;
#3352=IFCEDGELOOP((#3353,#3354,#3355,#3356)) ;
#3375=IFCEDGELOOP((#3376,#3377,#3378,#3379)) ;
#3393=IFCEDGELOOP((#3394,#3395,#3396,#3397)) ;
#3411=IFCEDGELOOP((#3412,#3413,#3414,#3415)) ;
#3429=IFCEDGELOOP((#3430,#3431,#3432,#3433)) ;
#3453=IFCEDGELOOP((#3454,#3455,#3456,#3457)) ;
#3471=IFCEDGELOOP((#3472,#3473,#3474,#3475)) ;
#3494=IFCEDGELOOP((#3495,#3496,#3497,#3498)) ;
#3507=IFCEDGELOOP((#3508,#3509,#3510,#3511)) ;
#3525=IFCEDGELOOP((#3526,#3527,#3528,#3529)) ;
#3574=IFCEDGELOOP((#3575,#3576,#3577,#3578)) ;
#3628=IFCEDGELOOP((#3629,#3630,#3631,#3632)) ;
#3660=IFCEDGELOOP((#3661,#3662,#3663,#3664)) ;
#3683=IFCEDGELOOP((#3684,#3685,#3686,#3687)) ;
#3715=IFCEDGELOOP((#3716,#3717,#3718,#3719)) ;
#3769=IFCEDGELOOP((#3770,#3771,#3772,#3773)) ;
#3787=IFCEDGELOOP((#3788,#3789,#3790,#3791)) ;
#3812=IFCEDGELOOP((#3813,#3814,#3815,#3816)) ;
#3825=IFCEDGELOOP((#3826,#3827,#3828,#3829)) ;
#3874=IFCEDGELOOP((#3875,#3876,#3877,#3878)) ;
#3887=IFCEDGELOOP((#3888,#3889,#3890,#3891)) ;
#3941=IFCEDGELOOP((#3942,#3943,#3944,#3945)) ;
#3966=IFCEDGELOOP((#3967,#3968,#3969,#3970)) ;
#3991=IFCEDGELOOP((#3992,#3993,#3994,#3995)) ;
#4009=IFCEDGELOOP((#4010,#4011,#4012,#4013)) ;
#4022=IFCEDGELOOP((#4023,#4024,#4025,#4026)) ;
#4054=IFCEDGELOOP((#4055,#4056,#4057,#4058)) ;
#4086=IFCEDGELOOP((#4087,#4088,#4089,#4090)) ;
#4109=IFCEDGELOOP((#4110,#4111,#4112,#4113)) ;
#4122=IFCEDGELOOP((#4123,#4124,#4125,#4126)) ;
#4135=IFCEDGELOOP((#4136,#4137,#4138,#4139)) ;
#4178=IFCEDGELOOP((#4179,#4180,#4181,#4182)) ;
#4221=IFCEDGELOOP((#4222,#4223,#4224,#4225)) ;
#4264=IFCEDGELOOP((#4265,#4266,#4267,#4268)) ;
#4307=IFCEDGELOOP((#4308,#4309,#4310,#4311)) ;
#4350=IFCEDGELOOP((#4351,#4352,#4353,#4354)) ;
#4393=IFCEDGELOOP((#4394,#4395,#4396,#4397)) ;
#4425=IFCEDGELOOP((#4426,#4427,#4428,#4429)) ;
#4450=IFCEDGELOOP((#4451,#4452,#4453,#4454)) ;
#4491=IFCEDGELOOP((#4492,#4493,#4494,#4495)) ;
#4523=IFCEDGELOOP((#4524,#4525,#4526,#4527)) ;
#4536=IFCEDGELOOP((#4537,#4538,#4539,#4540)) ;
#4558=IFCEDGELOOP((#4559,#4560)) ;
#4578=IFCEDGELOOP((#4579,#4580)) ;
#4598=IFCEDGELOOP((#4599,#4600)) ;
#4618=IFCEDGELOOP((#4619,#4620)) ;
#4638=IFCEDGELOOP((#4639,#4640)) ;
#4658=IFCEDGELOOP((#4659,#4660)) ;
#4669=IFCEDGELOOP((#4670,#4671,#4672,#4673)) ;
#4691=IFCEDGELOOP((#4692,#4693)) ;
#4711=IFCEDGELOOP((#4712,#4713)) ;
#4731=IFCEDGELOOP((#4732,#4733)) ;
#4751=IFCEDGELOOP((#4752,#4753)) ;
#4771=IFCEDGELOOP((#4772,#4773)) ;
#4791=IFCEDGELOOP((#4792,#4793)) ;
#4812=IFCEDGELOOP((#4813,#4814,#4815,#4816,#4817,#4818)) ;
#4826=IFCEDGELOOP((#4827,#4828)) ;
#4836=IFCEDGELOOP((#4837,#4838)) ;
#4846=IFCEDGELOOP((#4847,#4848)) ;
#4856=IFCEDGELOOP((#4857,#4858)) ;
#4866=IFCEDGELOOP((#4867,#4868)) ;
#4876=IFCEDGELOOP((#4877,#4878)) ;
#4897=IFCEDGELOOP((#4898,#4899,#4900,#4901,#4902,#4903)) ;
#4911=IFCEDGELOOP((#4912,#4913)) ;
#4921=IFCEDGELOOP((#4922,#4923)) ;
#4931=IFCEDGELOOP((#4932,#4933)) ;
#4941=IFCEDGELOOP((#4942,#4943)) ;
#4951=IFCEDGELOOP((#4952,#4953)) ;
#4961=IFCEDGELOOP((#4962,#4963)) ;
#4972=IFCEDGELOOP((#4973,#4974,#4975,#4976)) ;
#4985=IFCEDGELOOP((#4986,#4987,#4988,#4989)) ;
#5008=IFCEDGELOOP((#5009,#5010,#5011,#5012,#5013,#5014)) ;
#5032=IFCEDGELOOP((#5033,#5034)) ;
#5052=IFCEDGELOOP((#5053,#5054)) ;
#5072=IFCEDGELOOP((#5073,#5074)) ;
#5092=IFCEDGELOOP((#5093,#5094)) ;
#5112=IFCEDGELOOP((#5113,#5114)) ;
#5132=IFCEDGELOOP((#5133,#5134)) ;
#5143=IFCEDGELOOP((#5144,#5145,#5146,#5147)) ;
#5156=IFCEDGELOOP((#5157,#5158,#5159,#5160)) ;
#5179=IFCEDGELOOP((#5180,#5181,#5182,#5183)) ;
#5202=IFCEDGELOOP((#5203,#5204,#5205,#5206)) ;
#5225=IFCEDGELOOP((#5226,#5227,#5228,#5229)) ;
#5248=IFCEDGELOOP((#5249,#5250,#5251,#5252)) ;
#5271=IFCEDGELOOP((#5272,#5273,#5274,#5275)) ;
#5294=IFCEDGELOOP((#5295,#5296,#5297,#5298)) ;
#5317=IFCEDGELOOP((#5318,#5319,#5320,#5321)) ;
#5340=IFCEDGELOOP((#5341,#5342,#5343,#5344)) ;
#5363=IFCEDGELOOP((#5364,#5365,#5366,#5367)) ;
#5386=IFCEDGELOOP((#5387,#5388,#5389,#5390)) ;
#5409=IFCEDGELOOP((#5410,#5411,#5412,#5413)) ;
#5432=IFCEDGELOOP((#5433,#5434,#5435,#5436)) ;
#5445=IFCEDGELOOP((#5446,#5447,#5448,#5449)) ;
#5458=IFCEDGELOOP((#5459,#5460,#5461,#5462)) ;
#5471=IFCEDGELOOP((#5472,#5473,#5474,#5475)) ;
#5484=IFCEDGELOOP((#5485,#5486,#5487,#5488)) ;
#5497=IFCEDGELOOP((#5498,#5499,#5500,#5501)) ;
#5510=IFCEDGELOOP((#5511,#5512,#5513,#5514)) ;
#5523=IFCEDGELOOP((#5524,#5525,#5526,#5527)) ;
#5536=IFCEDGELOOP((#5537,#5538,#5539,#5540)) ;
#5549=IFCEDGELOOP((#5550,#5551,#5552,#5553)) ;
#5562=IFCEDGELOOP((#5563,#5564,#5565,#5566)) ;
#5575=IFCEDGELOOP((#5576,#5577,#5578,#5579)) ;
#5588=IFCEDGELOOP((#5589,#5590,#5591,#5592)) ;
#5601=IFCEDGELOOP((#5602,#5603,#5604,#5605)) ;
#5614=IFCEDGELOOP((#5615,#5616,#5617,#5618)) ;
#5627=IFCEDGELOOP((#5628,#5629,#5630,#5631)) ;
#5640=IFCEDGELOOP((#5641,#5642,#5643,#5644)) ;
#5653=IFCEDGELOOP((#5654,#5655,#5656,#5657)) ;
#5666=IFCEDGELOOP((#5667,#5668,#5669,#5670)) ;
#175=IFCORIENTEDEDGE(*,*,#153,.F.) ;
#176=IFCORIENTEDEDGE(*,*,#160,.T.) ;
#177=IFCORIENTEDEDGE(*,*,#168,.T.) ;
#178=IFCORIENTEDEDGE(*,*,#173,.T.) ;
#222=IFCORIENTEDEDGE(*,*,#199,.T.) ;
#223=IFCORIENTEDEDGE(*,*,#207,.T.) ;
#224=IFCORIENTEDEDGE(*,*,#214,.F.) ;
#225=IFCORIENTEDEDGE(*,*,#220,.F.) ;
#265=IFCORIENTEDEDGE(*,*,#242,.T.) ;
#266=IFCORIENTEDEDGE(*,*,#250,.T.) ;
#267=IFCORIENTEDEDGE(*,*,#257,.F.) ;
#268=IFCORIENTEDEDGE(*,*,#263,.F.) ;
#297=IFCORIENTEDEDGE(*,*,#285,.T.) ;
#298=IFCORIENTEDEDGE(*,*,#290,.T.) ;
#299=IFCORIENTEDEDGE(*,*,#199,.F.) ;
#300=IFCORIENTEDEDGE(*,*,#295,.F.) ;
#320=IFCORIENTEDEDGE(*,*,#242,.F.) ;
#321=IFCORIENTEDEDGE(*,*,#313,.F.) ;
#322=IFCORIENTEDEDGE(*,*,#214,.T.) ;
#323=IFCORIENTEDEDGE(*,*,#318,.T.) ;
#361=IFCORIENTEDEDGE(*,*,#340,.F.) ;
#362=IFCORIENTEDEDGE(*,*,#347,.F.) ;
#363=IFCORIENTEDEDGE(*,*,#354,.T.) ;
#364=IFCORIENTEDEDGE(*,*,#359,.T.) ;
#402=IFCORIENTEDEDGE(*,*,#381,.F.) ;
#403=IFCORIENTEDEDGE(*,*,#388,.T.) ;
#404=IFCORIENTEDEDGE(*,*,#395,.F.) ;
#405=IFCORIENTEDEDGE(*,*,#400,.F.) ;
#443=IFCORIENTEDEDGE(*,*,#422,.F.) ;
#444=IFCORIENTEDEDGE(*,*,#429,.F.) ;
#445=IFCORIENTEDEDGE(*,*,#436,.F.) ;
#446=IFCORIENTEDEDGE(*,*,#441,.T.) ;
#484=IFCORIENTEDEDGE(*,*,#463,.F.) ;
#485=IFCORIENTEDEDGE(*,*,#470,.F.) ;
#486=IFCORIENTEDEDGE(*,*,#477,.T.) ;
#487=IFCORIENTEDEDGE(*,*,#482,.T.) ;
#516=IFCORIENTEDEDGE(*,*,#160,.F.) ;
#517=IFCORIENTEDEDGE(*,*,#502,.F.) ;
#518=IFCORIENTEDEDGE(*,*,#509,.T.) ;
#519=IFCORIENTEDEDGE(*,*,#514,.T.) ;
#557=IFCORIENTEDEDGE(*,*,#536,.F.) ;
#558=IFCORIENTEDEDGE(*,*,#543,.F.) ;
#559=IFCORIENTEDEDGE(*,*,#550,.T.) ;
#560=IFCORIENTEDEDGE(*,*,#555,.T.) ;
#598=IFCORIENTEDEDGE(*,*,#577,.F.) ;
#599=IFCORIENTEDEDGE(*,*,#584,.F.) ;
#600=IFCORIENTEDEDGE(*,*,#591,.T.) ;
#601=IFCORIENTEDEDGE(*,*,#596,.T.) ;
#630=IFCORIENTEDEDGE(*,*,#618,.F.) ;
#631=IFCORIENTEDEDGE(*,*,#623,.F.) ;
#632=IFCORIENTEDEDGE(*,*,#257,.T.) ;
#633=IFCORIENTEDEDGE(*,*,#628,.T.) ;
#655=IFCORIENTEDEDGE(*,*,#577,.T.) ;
#656=IFCORIENTEDEDGE(*,*,#647,.T.) ;
#657=IFCORIENTEDEDGE(*,*,#550,.F.) ;
#658=IFCORIENTEDEDGE(*,*,#653,.F.) ;
#680=IFCORIENTEDEDGE(*,*,#618,.T.) ;
#681=IFCORIENTEDEDGE(*,*,#672,.T.) ;
#682=IFCORIENTEDEDGE(*,*,#591,.F.) ;
#683=IFCORIENTEDEDGE(*,*,#678,.F.) ;
#705=IFCORIENTEDEDGE(*,*,#536,.T.) ;
#706=IFCORIENTEDEDGE(*,*,#697,.T.) ;
#707=IFCORIENTEDEDGE(*,*,#477,.F.) ;
#708=IFCORIENTEDEDGE(*,*,#703,.F.) ;
#748=IFCORIENTEDEDGE(*,*,#726,.F.) ;
#749=IFCORIENTEDEDGE(*,*,#733,.T.) ;
#750=IFCORIENTEDEDGE(*,*,#741,.T.) ;
#751=IFCORIENTEDEDGE(*,*,#746,.T.) ;
#791=IFCORIENTEDEDGE(*,*,#769,.F.) ;
#792=IFCORIENTEDEDGE(*,*,#776,.T.) ;
#793=IFCORIENTEDEDGE(*,*,#784,.T.) ;
#794=IFCORIENTEDEDGE(*,*,#789,.T.) ;
#816=IFCORIENTEDEDGE(*,*,#808,.F.) ;
#817=IFCORIENTEDEDGE(*,*,#359,.F.) ;
#818=IFCORIENTEDEDGE(*,*,#814,.F.) ;
#819=IFCORIENTEDEDGE(*,*,#285,.F.) ;
#859=IFCORIENTEDEDGE(*,*,#837,.F.) ;
#860=IFCORIENTEDEDGE(*,*,#844,.F.) ;
#861=IFCORIENTEDEDGE(*,*,#852,.F.) ;
#862=IFCORIENTEDEDGE(*,*,#857,.T.) ;
#900=IFCORIENTEDEDGE(*,*,#879,.T.) ;
#901=IFCORIENTEDEDGE(*,*,#886,.F.) ;
#902=IFCORIENTEDEDGE(*,*,#893,.F.) ;
#903=IFCORIENTEDEDGE(*,*,#898,.F.) ;
#934=IFCORIENTEDEDGE(*,*,#893,.T.) ;
#935=IFCORIENTEDEDGE(*,*,#919,.F.) ;
#936=IFCORIENTEDEDGE(*,*,#926,.F.) ;
#937=IFCORIENTEDEDGE(*,*,#932,.F.) ;
#966=IFCORIENTEDEDGE(*,*,#926,.T.) ;
#967=IFCORIENTEDEDGE(*,*,#952,.F.) ;
#968=IFCORIENTEDEDGE(*,*,#959,.F.) ;
#969=IFCORIENTEDEDGE(*,*,#964,.F.) ;
#991=IFCORIENTEDEDGE(*,*,#959,.T.) ;
#992=IFCORIENTEDEDGE(*,*,#983,.F.) ;
#993=IFCORIENTEDEDGE(*,*,#879,.F.) ;
#994=IFCORIENTEDEDGE(*,*,#989,.F.) ;
#1034=IFCORIENTEDEDGE(*,*,#1012,.F.) ;
#1035=IFCORIENTEDEDGE(*,*,#1019,.F.) ;
#1036=IFCORIENTEDEDGE(*,*,#1027,.F.) ;
#1037=IFCORIENTEDEDGE(*,*,#1032,.T.) ;
#1077=IFCORIENTEDEDGE(*,*,#1055,.F.) ;
#1078=IFCORIENTEDEDGE(*,*,#1062,.F.) ;
#1079=IFCORIENTEDEDGE(*,*,#1070,.F.) ;
#1080=IFCORIENTEDEDGE(*,*,#1075,.T.) ;
#1120=IFCORIENTEDEDGE(*,*,#1098,.F.) ;
#1121=IFCORIENTEDEDGE(*,*,#1105,.F.) ;
#1122=IFCORIENTEDEDGE(*,*,#1113,.F.) ;
#1123=IFCORIENTEDEDGE(*,*,#1118,.T.) ;
#1227=IFCORIENTEDEDGE(*,*,#263,.T.) ;
#1228=IFCORIENTEDEDGE(*,*,#623,.T.) ;
#1229=IFCORIENTEDEDGE(*,*,#678,.T.) ;
#1230=IFCORIENTEDEDGE(*,*,#584,.T.) ;
#1231=IFCORIENTEDEDGE(*,*,#653,.T.) ;
#1232=IFCORIENTEDEDGE(*,*,#543,.T.) ;
#1233=IFCORIENTEDEDGE(*,*,#703,.T.) ;
#1234=IFCORIENTEDEDGE(*,*,#470,.T.) ;
#1235=IFCORIENTEDEDGE(*,*,#1137,.F.) ;
#1236=IFCORIENTEDEDGE(*,*,#429,.T.) ;
#1237=IFCORIENTEDEDGE(*,*,#1144,.T.) ;
#1238=IFCORIENTEDEDGE(*,*,#1151,.T.) ;
#1239=IFCORIENTEDEDGE(*,*,#1158,.T.) ;
#1240=IFCORIENTEDEDGE(*,*,#1166,.F.) ;
#1241=IFCORIENTEDEDGE(*,*,#1173,.T.) ;
#1242=IFCORIENTEDEDGE(*,*,#1179,.F.) ;
#1243=IFCORIENTEDEDGE(*,*,#400,.T.) ;
#1244=IFCORIENTEDEDGE(*,*,#1185,.F.) ;
#1245=IFCORIENTEDEDGE(*,*,#769,.T.) ;
#1246=IFCORIENTEDEDGE(*,*,#1191,.T.) ;
#1247=IFCORIENTEDEDGE(*,*,#502,.T.) ;
#1248=IFCORIENTEDEDGE(*,*,#153,.T.) ;
#1249=IFCORIENTEDEDGE(*,*,#1199,.T.) ;
#1250=IFCORIENTEDEDGE(*,*,#1204,.T.) ;
#1251=IFCORIENTEDEDGE(*,*,#726,.T.) ;
#1252=IFCORIENTEDEDGE(*,*,#1212,.T.) ;
#1253=IFCORIENTEDEDGE(*,*,#1219,.T.) ;
#1254=IFCORIENTEDEDGE(*,*,#1225,.F.) ;
#1255=IFCORIENTEDEDGE(*,*,#340,.T.) ;
#1256=IFCORIENTEDEDGE(*,*,#808,.T.) ;
#1257=IFCORIENTEDEDGE(*,*,#295,.T.) ;
#1258=IFCORIENTEDEDGE(*,*,#220,.T.) ;
#1259=IFCORIENTEDEDGE(*,*,#313,.T.) ;
#1268=IFCORIENTEDEDGE(*,*,#1027,.T.) ;
#1269=IFCORIENTEDEDGE(*,*,#1266,.T.) ;
#1278=IFCORIENTEDEDGE(*,*,#1070,.T.) ;
#1279=IFCORIENTEDEDGE(*,*,#1276,.T.) ;
#1288=IFCORIENTEDEDGE(*,*,#852,.T.) ;
#1289=IFCORIENTEDEDGE(*,*,#1286,.T.) ;
#1292=IFCORIENTEDEDGE(*,*,#898,.T.) ;
#1293=IFCORIENTEDEDGE(*,*,#932,.T.) ;
#1294=IFCORIENTEDEDGE(*,*,#964,.T.) ;
#1295=IFCORIENTEDEDGE(*,*,#989,.T.) ;
#1304=IFCORIENTEDEDGE(*,*,#1113,.T.) ;
#1305=IFCORIENTEDEDGE(*,*,#1302,.T.) ;
#1409=IFCORIENTEDEDGE(*,*,#290,.F.) ;
#1410=IFCORIENTEDEDGE(*,*,#814,.T.) ;
#1411=IFCORIENTEDEDGE(*,*,#354,.F.) ;
#1412=IFCORIENTEDEDGE(*,*,#1321,.F.) ;
#1413=IFCORIENTEDEDGE(*,*,#1328,.F.) ;
#1414=IFCORIENTEDEDGE(*,*,#1334,.F.) ;
#1415=IFCORIENTEDEDGE(*,*,#741,.F.) ;
#1416=IFCORIENTEDEDGE(*,*,#1341,.F.) ;
#1417=IFCORIENTEDEDGE(*,*,#1347,.F.) ;
#1418=IFCORIENTEDEDGE(*,*,#168,.F.) ;
#1419=IFCORIENTEDEDGE(*,*,#514,.F.) ;
#1420=IFCORIENTEDEDGE(*,*,#1353,.F.) ;
#1421=IFCORIENTEDEDGE(*,*,#784,.F.) ;
#1422=IFCORIENTEDEDGE(*,*,#1359,.F.) ;
#1423=IFCORIENTEDEDGE(*,*,#388,.F.) ;
#1424=IFCORIENTEDEDGE(*,*,#1367,.F.) ;
#1425=IFCORIENTEDEDGE(*,*,#1374,.F.) ;
#1426=IFCORIENTEDEDGE(*,*,#1382,.F.) ;
#1427=IFCORIENTEDEDGE(*,*,#1389,.F.) ;
#1428=IFCORIENTEDEDGE(*,*,#1396,.F.) ;
#1429=IFCORIENTEDEDGE(*,*,#1401,.F.) ;
#1430=IFCORIENTEDEDGE(*,*,#441,.F.) ;
#1431=IFCORIENTEDEDGE(*,*,#1407,.F.) ;
#1432=IFCORIENTEDEDGE(*,*,#482,.F.) ;
#1433=IFCORIENTEDEDGE(*,*,#697,.F.) ;
#1434=IFCORIENTEDEDGE(*,*,#555,.F.) ;
#1435=IFCORIENTEDEDGE(*,*,#647,.F.) ;
#1436=IFCORIENTEDEDGE(*,*,#596,.F.) ;
#1437=IFCORIENTEDEDGE(*,*,#672,.F.) ;
#1438=IFCORIENTEDEDGE(*,*,#628,.F.) ;
#1439=IFCORIENTEDEDGE(*,*,#250,.F.) ;
#1440=IFCORIENTEDEDGE(*,*,#318,.F.) ;
#1441=IFCORIENTEDEDGE(*,*,#207,.F.) ;
#1450=IFCORIENTEDEDGE(*,*,#1448,.T.) ;
#1451=IFCORIENTEDEDGE(*,*,#1012,.T.) ;
#1460=IFCORIENTEDEDGE(*,*,#1458,.T.) ;
#1461=IFCORIENTEDEDGE(*,*,#1055,.T.) ;
#1470=IFCORIENTEDEDGE(*,*,#1468,.T.) ;
#1471=IFCORIENTEDEDGE(*,*,#837,.T.) ;
#1474=IFCORIENTEDEDGE(*,*,#919,.T.) ;
#1475=IFCORIENTEDEDGE(*,*,#886,.T.) ;
#1476=IFCORIENTEDEDGE(*,*,#983,.T.) ;
#1477=IFCORIENTEDEDGE(*,*,#952,.T.) ;
#1486=IFCORIENTEDEDGE(*,*,#1484,.T.) ;
#1487=IFCORIENTEDEDGE(*,*,#1098,.T.) ;
#1502=IFCORIENTEDEDGE(*,*,#1500,.T.) ;
#1503=IFCORIENTEDEDGE(*,*,#1321,.T.) ;
#1504=IFCORIENTEDEDGE(*,*,#347,.T.) ;
#1505=IFCORIENTEDEDGE(*,*,#1225,.T.) ;
#1515=IFCORIENTEDEDGE(*,*,#463,.T.) ;
#1516=IFCORIENTEDEDGE(*,*,#1407,.T.) ;
#1517=IFCORIENTEDEDGE(*,*,#436,.T.) ;
#1518=IFCORIENTEDEDGE(*,*,#1137,.T.) ;
#1528=IFCORIENTEDEDGE(*,*,#395,.T.) ;
#1529=IFCORIENTEDEDGE(*,*,#1359,.T.) ;
#1530=IFCORIENTEDEDGE(*,*,#776,.F.) ;
#1531=IFCORIENTEDEDGE(*,*,#1185,.T.) ;
#1546=IFCORIENTEDEDGE(*,*,#1544,.T.) ;
#1547=IFCORIENTEDEDGE(*,*,#1367,.T.) ;
#1548=IFCORIENTEDEDGE(*,*,#381,.T.) ;
#1549=IFCORIENTEDEDGE(*,*,#1179,.T.) ;
#1569=IFCORIENTEDEDGE(*,*,#1562,.T.) ;
#1570=IFCORIENTEDEDGE(*,*,#1382,.T.) ;
#1571=IFCORIENTEDEDGE(*,*,#1567,.T.) ;
#1572=IFCORIENTEDEDGE(*,*,#1166,.T.) ;
#1587=IFCORIENTEDEDGE(*,*,#733,.F.) ;
#1588=IFCORIENTEDEDGE(*,*,#1204,.F.) ;
#1589=IFCORIENTEDEDGE(*,*,#1585,.T.) ;
#1590=IFCORIENTEDEDGE(*,*,#1341,.T.) ;
#1605=IFCORIENTEDEDGE(*,*,#1500,.F.) ;
#1606=IFCORIENTEDEDGE(*,*,#1219,.F.) ;
#1607=IFCORIENTEDEDGE(*,*,#1603,.T.) ;
#1608=IFCORIENTEDEDGE(*,*,#1328,.T.) ;
#1623=IFCORIENTEDEDGE(*,*,#1621,.F.) ;
#1624=IFCORIENTEDEDGE(*,*,#1144,.F.) ;
#1625=IFCORIENTEDEDGE(*,*,#422,.T.) ;
#1626=IFCORIENTEDEDGE(*,*,#1401,.T.) ;
#1641=IFCORIENTEDEDGE(*,*,#1639,.F.) ;
#1642=IFCORIENTEDEDGE(*,*,#1151,.F.) ;
#1643=IFCORIENTEDEDGE(*,*,#1621,.T.) ;
#1644=IFCORIENTEDEDGE(*,*,#1396,.T.) ;
#1654=IFCORIENTEDEDGE(*,*,#1639,.T.) ;
#1655=IFCORIENTEDEDGE(*,*,#1389,.T.) ;
#1656=IFCORIENTEDEDGE(*,*,#1562,.F.) ;
#1657=IFCORIENTEDEDGE(*,*,#1158,.F.) ;
#1667=IFCORIENTEDEDGE(*,*,#1567,.F.) ;
#1668=IFCORIENTEDEDGE(*,*,#1374,.T.) ;
#1669=IFCORIENTEDEDGE(*,*,#1544,.F.) ;
#1670=IFCORIENTEDEDGE(*,*,#1173,.F.) ;
#1680=IFCORIENTEDEDGE(*,*,#1105,.T.) ;
#1681=IFCORIENTEDEDGE(*,*,#1484,.F.) ;
#1682=IFCORIENTEDEDGE(*,*,#1118,.F.) ;
#1683=IFCORIENTEDEDGE(*,*,#1302,.F.) ;
#1693=IFCORIENTEDEDGE(*,*,#844,.T.) ;
#1694=IFCORIENTEDEDGE(*,*,#1468,.F.) ;
#1695=IFCORIENTEDEDGE(*,*,#857,.F.) ;
#1696=IFCORIENTEDEDGE(*,*,#1286,.F.) ;
#1706=IFCORIENTEDEDGE(*,*,#1062,.T.) ;
#1707=IFCORIENTEDEDGE(*,*,#1458,.F.) ;
#1708=IFCORIENTEDEDGE(*,*,#1075,.F.) ;
#1709=IFCORIENTEDEDGE(*,*,#1276,.F.) ;
#1719=IFCORIENTEDEDGE(*,*,#1019,.T.) ;
#1720=IFCORIENTEDEDGE(*,*,#1448,.F.) ;
#1721=IFCORIENTEDEDGE(*,*,#1032,.F.) ;
#1722=IFCORIENTEDEDGE(*,*,#1266,.F.) ;
#1732=IFCORIENTEDEDGE(*,*,#509,.F.) ;
#1733=IFCORIENTEDEDGE(*,*,#1191,.F.) ;
#1734=IFCORIENTEDEDGE(*,*,#789,.F.) ;
#1735=IFCORIENTEDEDGE(*,*,#1353,.T.) ;
#1745=IFCORIENTEDEDGE(*,*,#1603,.F.) ;
#1746=IFCORIENTEDEDGE(*,*,#1212,.F.) ;
#1747=IFCORIENTEDEDGE(*,*,#746,.F.) ;
#1748=IFCORIENTEDEDGE(*,*,#1334,.T.) ;
#1758=IFCORIENTEDEDGE(*,*,#1585,.F.) ;
#1759=IFCORIENTEDEDGE(*,*,#1199,.F.) ;
#1760=IFCORIENTEDEDGE(*,*,#173,.F.) ;
#1761=IFCORIENTEDEDGE(*,*,#1347,.T.) ;
#1910=IFCORIENTEDEDGE(*,*,#1870,.T.) ;
#1911=IFCORIENTEDEDGE(*,*,#1877,.F.) ;
#1912=IFCORIENTEDEDGE(*,*,#1903,.T.) ;
#1913=IFCORIENTEDEDGE(*,*,#1908,.T.) ;
#1965=IFCORIENTEDEDGE(*,*,#1943,.F.) ;
#1966=IFCORIENTEDEDGE(*,*,#1950,.F.) ;
#1967=IFCORIENTEDEDGE(*,*,#1958,.F.) ;
#1968=IFCORIENTEDEDGE(*,*,#1963,.F.) ;
#1988=IFCORIENTEDEDGE(*,*,#1870,.F.) ;
#1989=IFCORIENTEDEDGE(*,*,#1981,.F.) ;
#1990=IFCORIENTEDEDGE(*,*,#1958,.T.) ;
#1991=IFCORIENTEDEDGE(*,*,#1986,.T.) ;
#2047=IFCORIENTEDEDGE(*,*,#2040,.T.) ;
#2048=IFCORIENTEDEDGE(*,*,#1903,.F.) ;
#2049=IFCORIENTEDEDGE(*,*,#2045,.T.) ;
#2050=IFCORIENTEDEDGE(*,*,#1943,.T.) ;
#2088=IFCORIENTEDEDGE(*,*,#2067,.F.) ;
#2089=IFCORIENTEDEDGE(*,*,#2074,.F.) ;
#2090=IFCORIENTEDEDGE(*,*,#2081,.F.) ;
#2091=IFCORIENTEDEDGE(*,*,#2086,.T.) ;
#2122=IFCORIENTEDEDGE(*,*,#2108,.T.) ;
#2123=IFCORIENTEDEDGE(*,*,#2114,.F.) ;
#2124=IFCORIENTEDEDGE(*,*,#2040,.F.) ;
#2125=IFCORIENTEDEDGE(*,*,#2120,.T.) ;
#2165=IFCORIENTEDEDGE(*,*,#2142,.T.) ;
#2166=IFCORIENTEDEDGE(*,*,#2150,.F.) ;
#2167=IFCORIENTEDEDGE(*,*,#2157,.F.) ;
#2168=IFCORIENTEDEDGE(*,*,#2163,.T.) ;
#2226=IFCORIENTEDEDGE(*,*,#2186,.T.) ;
#2227=IFCORIENTEDEDGE(*,*,#2193,.F.) ;
#2228=IFCORIENTEDEDGE(*,*,#2219,.T.) ;
#2229=IFCORIENTEDEDGE(*,*,#2224,.T.) ;
#2281=IFCORIENTEDEDGE(*,*,#2259,.F.) ;
#2282=IFCORIENTEDEDGE(*,*,#2266,.F.) ;
#2283=IFCORIENTEDEDGE(*,*,#2274,.F.) ;
#2284=IFCORIENTEDEDGE(*,*,#2279,.F.) ;
#2304=IFCORIENTEDEDGE(*,*,#2186,.F.) ;
#2305=IFCORIENTEDEDGE(*,*,#2297,.F.) ;
#2306=IFCORIENTEDEDGE(*,*,#2274,.T.) ;
#2307=IFCORIENTEDEDGE(*,*,#2302,.T.) ;
#2363=IFCORIENTEDEDGE(*,*,#2356,.T.) ;
#2364=IFCORIENTEDEDGE(*,*,#2219,.F.) ;
#2365=IFCORIENTEDEDGE(*,*,#2361,.T.) ;
#2366=IFCORIENTEDEDGE(*,*,#2259,.T.) ;
#2404=IFCORIENTEDEDGE(*,*,#2383,.F.) ;
#2405=IFCORIENTEDEDGE(*,*,#2390,.F.) ;
#2406=IFCORIENTEDEDGE(*,*,#2397,.T.) ;
#2407=IFCORIENTEDEDGE(*,*,#2402,.T.) ;
#2465=IFCORIENTEDEDGE(*,*,#2443,.T.) ;
#2466=IFCORIENTEDEDGE(*,*,#2450,.F.) ;
#2467=IFCORIENTEDEDGE(*,*,#2458,.T.) ;
#2468=IFCORIENTEDEDGE(*,*,#2463,.T.) ;
#2520=IFCORIENTEDEDGE(*,*,#2486,.F.) ;
#2521=IFCORIENTEDEDGE(*,*,#2493,.F.) ;
#2522=IFCORIENTEDEDGE(*,*,#2513,.F.) ;
#2523=IFCORIENTEDEDGE(*,*,#2518,.F.) ;
#2566=IFCORIENTEDEDGE(*,*,#2538,.F.) ;
#2567=IFCORIENTEDEDGE(*,*,#2450,.T.) ;
#2568=IFCORIENTEDEDGE(*,*,#2545,.T.) ;
#2569=IFCORIENTEDEDGE(*,*,#2552,.F.) ;
#2570=IFCORIENTEDEDGE(*,*,#2559,.T.) ;
#2571=IFCORIENTEDEDGE(*,*,#2564,.T.) ;
#2590=IFCORIENTEDEDGE(*,*,#2582,.T.) ;
#2591=IFCORIENTEDEDGE(*,*,#2588,.T.) ;
#2610=IFCORIENTEDEDGE(*,*,#2602,.T.) ;
#2611=IFCORIENTEDEDGE(*,*,#2608,.T.) ;
#2630=IFCORIENTEDEDGE(*,*,#2622,.T.) ;
#2631=IFCORIENTEDEDGE(*,*,#2628,.T.) ;
#2650=IFCORIENTEDEDGE(*,*,#2642,.T.) ;
#2651=IFCORIENTEDEDGE(*,*,#2648,.T.) ;
#2670=IFCORIENTEDEDGE(*,*,#2662,.T.) ;
#2671=IFCORIENTEDEDGE(*,*,#2668,.T.) ;
#2690=IFCORIENTEDEDGE(*,*,#2682,.T.) ;
#2691=IFCORIENTEDEDGE(*,*,#2688,.T.) ;
#2741=IFCORIENTEDEDGE(*,*,#2709,.F.) ;
#2742=IFCORIENTEDEDGE(*,*,#2716,.F.) ;
#2743=IFCORIENTEDEDGE(*,*,#2734,.F.) ;
#2744=IFCORIENTEDEDGE(*,*,#2739,.F.) ;
#2800=IFCORIENTEDEDGE(*,*,#2778,.T.) ;
#2801=IFCORIENTEDEDGE(*,*,#2785,.F.) ;
#2802=IFCORIENTEDEDGE(*,*,#2793,.T.) ;
#2803=IFCORIENTEDEDGE(*,*,#2798,.T.) ;
#2837=IFCORIENTEDEDGE(*,*,#2818,.T.) ;
#2838=IFCORIENTEDEDGE(*,*,#2825,.T.) ;
#2839=IFCORIENTEDEDGE(*,*,#2830,.F.) ;
#2840=IFCORIENTEDEDGE(*,*,#2835,.T.) ;
#2869=IFCORIENTEDEDGE(*,*,#2855,.F.) ;
#2870=IFCORIENTEDEDGE(*,*,#2825,.F.) ;
#2871=IFCORIENTEDEDGE(*,*,#2862,.T.) ;
#2872=IFCORIENTEDEDGE(*,*,#2867,.T.) ;
#2887=IFCORIENTEDEDGE(*,*,#2830,.T.) ;
#2888=IFCORIENTEDEDGE(*,*,#2855,.T.) ;
#2889=IFCORIENTEDEDGE(*,*,#2885,.F.) ;
#2890=IFCORIENTEDEDGE(*,*,#2716,.T.) ;
#2905=IFCORIENTEDEDGE(*,*,#2862,.F.) ;
#2906=IFCORIENTEDEDGE(*,*,#2818,.F.) ;
#2907=IFCORIENTEDEDGE(*,*,#2785,.T.) ;
#2908=IFCORIENTEDEDGE(*,*,#2903,.T.) ;
#2923=IFCORIENTEDEDGE(*,*,#2867,.F.) ;
#2924=IFCORIENTEDEDGE(*,*,#2903,.F.) ;
#2925=IFCORIENTEDEDGE(*,*,#2921,.T.) ;
#2926=IFCORIENTEDEDGE(*,*,#2885,.T.) ;
#3014=IFCORIENTEDEDGE(*,*,#2157,.T.) ;
#3015=IFCORIENTEDEDGE(*,*,#2994,.F.) ;
#3016=IFCORIENTEDEDGE(*,*,#2067,.T.) ;
#3017=IFCORIENTEDEDGE(*,*,#3012,.T.) ;
#3057=IFCORIENTEDEDGE(*,*,#3012,.F.) ;
#3058=IFCORIENTEDEDGE(*,*,#3032,.F.) ;
#3059=IFCORIENTEDEDGE(*,*,#3050,.F.) ;
#3060=IFCORIENTEDEDGE(*,*,#3055,.F.) ;
#3106=IFCORIENTEDEDGE(*,*,#3094,.T.) ;
#3107=IFCORIENTEDEDGE(*,*,#3099,.F.) ;
#3108=IFCORIENTEDEDGE(*,*,#2994,.T.) ;
#3109=IFCORIENTEDEDGE(*,*,#3104,.T.) ;
#3183=IFCORIENTEDEDGE(*,*,#3143,.T.) ;
#3184=IFCORIENTEDEDGE(*,*,#3150,.F.) ;
#3185=IFCORIENTEDEDGE(*,*,#3176,.T.) ;
#3186=IFCORIENTEDEDGE(*,*,#3181,.T.) ;
#3248=IFCORIENTEDEDGE(*,*,#3216,.F.) ;
#3249=IFCORIENTEDEDGE(*,*,#3221,.F.) ;
#3250=IFCORIENTEDEDGE(*,*,#3241,.F.) ;
#3251=IFCORIENTEDEDGE(*,*,#3246,.F.) ;
#3277=IFCORIENTEDEDGE(*,*,#3264,.T.) ;
#3278=IFCORIENTEDEDGE(*,*,#3270,.T.) ;
#3279=IFCORIENTEDEDGE(*,*,#3275,.F.) ;
#3280=IFCORIENTEDEDGE(*,*,#2114,.T.) ;
#3306=IFCORIENTEDEDGE(*,*,#3293,.T.) ;
#3307=IFCORIENTEDEDGE(*,*,#3299,.T.) ;
#3308=IFCORIENTEDEDGE(*,*,#3304,.F.) ;
#3309=IFCORIENTEDEDGE(*,*,#2150,.T.) ;
#3335=IFCORIENTEDEDGE(*,*,#3270,.F.) ;
#3336=IFCORIENTEDEDGE(*,*,#3322,.F.) ;
#3337=IFCORIENTEDEDGE(*,*,#3328,.T.) ;
#3338=IFCORIENTEDEDGE(*,*,#3333,.T.) ;
#3353=IFCORIENTEDEDGE(*,*,#3275,.T.) ;
#3354=IFCORIENTEDEDGE(*,*,#2463,.F.) ;
#3355=IFCORIENTEDEDGE(*,*,#3351,.F.) ;
#3356=IFCORIENTEDEDGE(*,*,#1908,.F.) ;
#3376=IFCORIENTEDEDGE(*,*,#3351,.T.) ;
#3377=IFCORIENTEDEDGE(*,*,#3369,.F.) ;
#3378=IFCORIENTEDEDGE(*,*,#3374,.F.) ;
#3379=IFCORIENTEDEDGE(*,*,#1981,.T.) ;
#3394=IFCORIENTEDEDGE(*,*,#2518,.T.) ;
#3395=IFCORIENTEDEDGE(*,*,#3392,.F.) ;
#3396=IFCORIENTEDEDGE(*,*,#1963,.T.) ;
#3397=IFCORIENTEDEDGE(*,*,#3374,.T.) ;
#3412=IFCORIENTEDEDGE(*,*,#3328,.F.) ;
#3413=IFCORIENTEDEDGE(*,*,#3410,.F.) ;
#3414=IFCORIENTEDEDGE(*,*,#2120,.F.) ;
#3415=IFCORIENTEDEDGE(*,*,#3392,.T.) ;
#3430=IFCORIENTEDEDGE(*,*,#3246,.T.) ;
#3431=IFCORIENTEDEDGE(*,*,#3428,.F.) ;
#3432=IFCORIENTEDEDGE(*,*,#3055,.T.) ;
#3433=IFCORIENTEDEDGE(*,*,#3410,.T.) ;
#3454=IFCORIENTEDEDGE(*,*,#3447,.F.) ;
#3455=IFCORIENTEDEDGE(*,*,#3452,.F.) ;
#3456=IFCORIENTEDEDGE(*,*,#2163,.F.) ;
#3457=IFCORIENTEDEDGE(*,*,#3428,.T.) ;
#3472=IFCORIENTEDEDGE(*,*,#2279,.T.) ;
#3473=IFCORIENTEDEDGE(*,*,#3470,.F.) ;
#3474=IFCORIENTEDEDGE(*,*,#2739,.T.) ;
#3475=IFCORIENTEDEDGE(*,*,#3452,.T.) ;
#3495=IFCORIENTEDEDGE(*,*,#2297,.T.) ;
#3496=IFCORIENTEDEDGE(*,*,#3488,.F.) ;
#3497=IFCORIENTEDEDGE(*,*,#3493,.F.) ;
#3498=IFCORIENTEDEDGE(*,*,#3470,.T.) ;
#3508=IFCORIENTEDEDGE(*,*,#3488,.T.) ;
#3509=IFCORIENTEDEDGE(*,*,#2224,.F.) ;
#3510=IFCORIENTEDEDGE(*,*,#3293,.F.) ;
#3511=IFCORIENTEDEDGE(*,*,#2798,.F.) ;
#3526=IFCORIENTEDEDGE(*,*,#3524,.T.) ;
#3527=IFCORIENTEDEDGE(*,*,#3299,.F.) ;
#3528=IFCORIENTEDEDGE(*,*,#2356,.F.) ;
#3529=IFCORIENTEDEDGE(*,*,#3447,.T.) ;
#3575=IFCORIENTEDEDGE(*,*,#3143,.F.) ;
#3576=IFCORIENTEDEDGE(*,*,#3524,.F.) ;
#3577=IFCORIENTEDEDGE(*,*,#3241,.T.) ;
#3578=IFCORIENTEDEDGE(*,*,#2397,.F.) ;
#3629=IFCORIENTEDEDGE(*,*,#3322,.T.) ;
#3630=IFCORIENTEDEDGE(*,*,#3176,.F.) ;
#3631=IFCORIENTEDEDGE(*,*,#3627,.T.) ;
#3632=IFCORIENTEDEDGE(*,*,#3216,.T.) ;
#3661=IFCORIENTEDEDGE(*,*,#3647,.F.) ;
#3662=IFCORIENTEDEDGE(*,*,#3654,.T.) ;
#3663=IFCORIENTEDEDGE(*,*,#3659,.T.) ;
#3664=IFCORIENTEDEDGE(*,*,#2383,.T.) ;
#3684=IFCORIENTEDEDGE(*,*,#3627,.F.) ;
#3685=IFCORIENTEDEDGE(*,*,#3677,.F.) ;
#3686=IFCORIENTEDEDGE(*,*,#3654,.F.) ;
#3687=IFCORIENTEDEDGE(*,*,#3682,.T.) ;
#3716=IFCORIENTEDEDGE(*,*,#2361,.F.) ;
#3717=IFCORIENTEDEDGE(*,*,#3702,.F.) ;
#3718=IFCORIENTEDEDGE(*,*,#3709,.F.) ;
#3719=IFCORIENTEDEDGE(*,*,#3714,.T.) ;
#3770=IFCORIENTEDEDGE(*,*,#2443,.F.) ;
#3771=IFCORIENTEDEDGE(*,*,#3333,.F.) ;
#3772=IFCORIENTEDEDGE(*,*,#2513,.T.) ;
#3773=IFCORIENTEDEDGE(*,*,#3768,.F.) ;
#3788=IFCORIENTEDEDGE(*,*,#3369,.T.) ;
#3789=IFCORIENTEDEDGE(*,*,#2458,.F.) ;
#3790=IFCORIENTEDEDGE(*,*,#3786,.F.) ;
#3791=IFCORIENTEDEDGE(*,*,#2486,.T.) ;
#3813=IFCORIENTEDEDGE(*,*,#3806,.F.) ;
#3814=IFCORIENTEDEDGE(*,*,#2545,.F.) ;
#3815=IFCORIENTEDEDGE(*,*,#3768,.T.) ;
#3816=IFCORIENTEDEDGE(*,*,#3811,.T.) ;
#3826=IFCORIENTEDEDGE(*,*,#3304,.T.) ;
#3827=IFCORIENTEDEDGE(*,*,#3181,.F.) ;
#3828=IFCORIENTEDEDGE(*,*,#3264,.F.) ;
#3829=IFCORIENTEDEDGE(*,*,#3104,.F.) ;
#3875=IFCORIENTEDEDGE(*,*,#2778,.F.) ;
#3876=IFCORIENTEDEDGE(*,*,#2142,.F.) ;
#3877=IFCORIENTEDEDGE(*,*,#2734,.T.) ;
#3878=IFCORIENTEDEDGE(*,*,#2921,.F.) ;
#3888=IFCORIENTEDEDGE(*,*,#3493,.T.) ;
#3889=IFCORIENTEDEDGE(*,*,#2793,.F.) ;
#3890=IFCORIENTEDEDGE(*,*,#2835,.F.) ;
#3891=IFCORIENTEDEDGE(*,*,#2709,.T.) ;
#3942=IFCORIENTEDEDGE(*,*,#3094,.F.) ;
#3943=IFCORIENTEDEDGE(*,*,#2108,.F.) ;
#3944=IFCORIENTEDEDGE(*,*,#3050,.T.) ;
#3945=IFCORIENTEDEDGE(*,*,#3940,.F.) ;
#3967=IFCORIENTEDEDGE(*,*,#3099,.T.) ;
#3968=IFCORIENTEDEDGE(*,*,#3960,.T.) ;
#3969=IFCORIENTEDEDGE(*,*,#3965,.F.) ;
#3970=IFCORIENTEDEDGE(*,*,#2074,.T.) ;
#3992=IFCORIENTEDEDGE(*,*,#3985,.F.) ;
#3993=IFCORIENTEDEDGE(*,*,#3032,.T.) ;
#3994=IFCORIENTEDEDGE(*,*,#2086,.F.) ;
#3995=IFCORIENTEDEDGE(*,*,#3990,.T.) ;
#4010=IFCORIENTEDEDGE(*,*,#3965,.T.) ;
#4011=IFCORIENTEDEDGE(*,*,#4008,.T.) ;
#4012=IFCORIENTEDEDGE(*,*,#3990,.F.) ;
#4013=IFCORIENTEDEDGE(*,*,#2081,.T.) ;
#4023=IFCORIENTEDEDGE(*,*,#4008,.F.) ;
#4024=IFCORIENTEDEDGE(*,*,#3960,.F.) ;
#4025=IFCORIENTEDEDGE(*,*,#3940,.T.) ;
#4026=IFCORIENTEDEDGE(*,*,#3985,.T.) ;
#4055=IFCORIENTEDEDGE(*,*,#1877,.T.) ;
#4056=IFCORIENTEDEDGE(*,*,#4041,.F.) ;
#4057=IFCORIENTEDEDGE(*,*,#4048,.F.) ;
#4058=IFCORIENTEDEDGE(*,*,#4053,.T.) ;
#4087=IFCORIENTEDEDGE(*,*,#4073,.T.) ;
#4088=IFCORIENTEDEDGE(*,*,#1950,.T.) ;
#4089=IFCORIENTEDEDGE(*,*,#4080,.F.) ;
#4090=IFCORIENTEDEDGE(*,*,#4085,.T.) ;
#4110=IFCORIENTEDEDGE(*,*,#4048,.T.) ;
#4111=IFCORIENTEDEDGE(*,*,#4103,.T.) ;
#4112=IFCORIENTEDEDGE(*,*,#4085,.F.) ;
#4113=IFCORIENTEDEDGE(*,*,#4108,.T.) ;
#4123=IFCORIENTEDEDGE(*,*,#4073,.F.) ;
#4124=IFCORIENTEDEDGE(*,*,#4103,.F.) ;
#4125=IFCORIENTEDEDGE(*,*,#4041,.T.) ;
#4126=IFCORIENTEDEDGE(*,*,#1986,.F.) ;
#4136=IFCORIENTEDEDGE(*,*,#2045,.F.) ;
#4137=IFCORIENTEDEDGE(*,*,#4053,.F.) ;
#4138=IFCORIENTEDEDGE(*,*,#4108,.F.) ;
#4139=IFCORIENTEDEDGE(*,*,#4080,.T.) ;
#4179=IFCORIENTEDEDGE(*,*,#4157,.F.) ;
#4180=IFCORIENTEDEDGE(*,*,#4164,.F.) ;
#4181=IFCORIENTEDEDGE(*,*,#4172,.F.) ;
#4182=IFCORIENTEDEDGE(*,*,#4177,.T.) ;
#4222=IFCORIENTEDEDGE(*,*,#4200,.F.) ;
#4223=IFCORIENTEDEDGE(*,*,#4207,.F.) ;
#4224=IFCORIENTEDEDGE(*,*,#4215,.F.) ;
#4225=IFCORIENTEDEDGE(*,*,#4220,.T.) ;
#4265=IFCORIENTEDEDGE(*,*,#4243,.F.) ;
#4266=IFCORIENTEDEDGE(*,*,#4250,.F.) ;
#4267=IFCORIENTEDEDGE(*,*,#4258,.F.) ;
#4268=IFCORIENTEDEDGE(*,*,#4263,.T.) ;
#4308=IFCORIENTEDEDGE(*,*,#4286,.F.) ;
#4309=IFCORIENTEDEDGE(*,*,#4293,.F.) ;
#4310=IFCORIENTEDEDGE(*,*,#4301,.F.) ;
#4311=IFCORIENTEDEDGE(*,*,#4306,.T.) ;
#4351=IFCORIENTEDEDGE(*,*,#4329,.F.) ;
#4352=IFCORIENTEDEDGE(*,*,#4336,.F.) ;
#4353=IFCORIENTEDEDGE(*,*,#4344,.F.) ;
#4354=IFCORIENTEDEDGE(*,*,#4349,.T.) ;
#4394=IFCORIENTEDEDGE(*,*,#4372,.F.) ;
#4395=IFCORIENTEDEDGE(*,*,#4379,.F.) ;
#4396=IFCORIENTEDEDGE(*,*,#4387,.F.) ;
#4397=IFCORIENTEDEDGE(*,*,#4392,.T.) ;
#4426=IFCORIENTEDEDGE(*,*,#4412,.T.) ;
#4427=IFCORIENTEDEDGE(*,*,#2559,.F.) ;
#4428=IFCORIENTEDEDGE(*,*,#4419,.T.) ;
#4429=IFCORIENTEDEDGE(*,*,#4424,.F.) ;
#4451=IFCORIENTEDEDGE(*,*,#4444,.T.) ;
#4452=IFCORIENTEDEDGE(*,*,#2564,.F.) ;
#4453=IFCORIENTEDEDGE(*,*,#4412,.F.) ;
#4454=IFCORIENTEDEDGE(*,*,#4449,.F.) ;
#4492=IFCORIENTEDEDGE(*,*,#4471,.T.) ;
#4493=IFCORIENTEDEDGE(*,*,#4478,.F.) ;
#4494=IFCORIENTEDEDGE(*,*,#4485,.F.) ;
#4495=IFCORIENTEDEDGE(*,*,#4490,.F.) ;
#4524=IFCORIENTEDEDGE(*,*,#4485,.T.) ;
#4525=IFCORIENTEDEDGE(*,*,#4510,.F.) ;
#4526=IFCORIENTEDEDGE(*,*,#4517,.T.) ;
#4527=IFCORIENTEDEDGE(*,*,#4522,.F.) ;
#4537=IFCORIENTEDEDGE(*,*,#3659,.F.) ;
#4538=IFCORIENTEDEDGE(*,*,#3677,.T.) ;
#4539=IFCORIENTEDEDGE(*,*,#3150,.T.) ;
#4540=IFCORIENTEDEDGE(*,*,#2390,.T.) ;
#4559=IFCORIENTEDEDGE(*,*,#4551,.T.) ;
#4560=IFCORIENTEDEDGE(*,*,#4557,.T.) ;
#4579=IFCORIENTEDEDGE(*,*,#4571,.T.) ;
#4580=IFCORIENTEDEDGE(*,*,#4577,.T.) ;
#4599=IFCORIENTEDEDGE(*,*,#4591,.T.) ;
#4600=IFCORIENTEDEDGE(*,*,#4597,.T.) ;
#4619=IFCORIENTEDEDGE(*,*,#4611,.T.) ;
#4620=IFCORIENTEDEDGE(*,*,#4617,.T.) ;
#4639=IFCORIENTEDEDGE(*,*,#4631,.T.) ;
#4640=IFCORIENTEDEDGE(*,*,#4637,.T.) ;
#4659=IFCORIENTEDEDGE(*,*,#4651,.T.) ;
#4660=IFCORIENTEDEDGE(*,*,#4657,.T.) ;
#4670=IFCORIENTEDEDGE(*,*,#3682,.F.) ;
#4671=IFCORIENTEDEDGE(*,*,#3647,.T.) ;
#4672=IFCORIENTEDEDGE(*,*,#2402,.F.) ;
#4673=IFCORIENTEDEDGE(*,*,#3221,.T.) ;
#4692=IFCORIENTEDEDGE(*,*,#4684,.T.) ;
#4693=IFCORIENTEDEDGE(*,*,#4690,.T.) ;
#4712=IFCORIENTEDEDGE(*,*,#4704,.T.) ;
#4713=IFCORIENTEDEDGE(*,*,#4710,.T.) ;
#4732=IFCORIENTEDEDGE(*,*,#4724,.T.) ;
#4733=IFCORIENTEDEDGE(*,*,#4730,.T.) ;
#4752=IFCORIENTEDEDGE(*,*,#4744,.T.) ;
#4753=IFCORIENTEDEDGE(*,*,#4750,.T.) ;
#4772=IFCORIENTEDEDGE(*,*,#4764,.T.) ;
#4773=IFCORIENTEDEDGE(*,*,#4770,.T.) ;
#4792=IFCORIENTEDEDGE(*,*,#4784,.T.) ;
#4793=IFCORIENTEDEDGE(*,*,#4790,.T.) ;
#4813=IFCORIENTEDEDGE(*,*,#3702,.T.) ;
#4814=IFCORIENTEDEDGE(*,*,#2193,.T.) ;
#4815=IFCORIENTEDEDGE(*,*,#4806,.F.) ;
#4816=IFCORIENTEDEDGE(*,*,#4510,.T.) ;
#4817=IFCORIENTEDEDGE(*,*,#4478,.T.) ;
#4818=IFCORIENTEDEDGE(*,*,#4811,.F.) ;
#4827=IFCORIENTEDEDGE(*,*,#4825,.T.) ;
#4828=IFCORIENTEDEDGE(*,*,#4372,.T.) ;
#4837=IFCORIENTEDEDGE(*,*,#4835,.T.) ;
#4838=IFCORIENTEDEDGE(*,*,#4329,.T.) ;
#4847=IFCORIENTEDEDGE(*,*,#4845,.T.) ;
#4848=IFCORIENTEDEDGE(*,*,#4286,.T.) ;
#4857=IFCORIENTEDEDGE(*,*,#4855,.T.) ;
#4858=IFCORIENTEDEDGE(*,*,#4243,.T.) ;
#4867=IFCORIENTEDEDGE(*,*,#4865,.T.) ;
#4868=IFCORIENTEDEDGE(*,*,#4200,.T.) ;
#4877=IFCORIENTEDEDGE(*,*,#4875,.T.) ;
#4878=IFCORIENTEDEDGE(*,*,#4157,.T.) ;
#4898=IFCORIENTEDEDGE(*,*,#4522,.T.) ;
#4899=IFCORIENTEDEDGE(*,*,#4891,.T.) ;
#4900=IFCORIENTEDEDGE(*,*,#2266,.T.) ;
#4901=IFCORIENTEDEDGE(*,*,#3714,.F.) ;
#4902=IFCORIENTEDEDGE(*,*,#4896,.T.) ;
#4903=IFCORIENTEDEDGE(*,*,#4490,.T.) ;
#4912=IFCORIENTEDEDGE(*,*,#4387,.T.) ;
#4913=IFCORIENTEDEDGE(*,*,#4910,.T.) ;
#4922=IFCORIENTEDEDGE(*,*,#4344,.T.) ;
#4923=IFCORIENTEDEDGE(*,*,#4920,.T.) ;
#4932=IFCORIENTEDEDGE(*,*,#4301,.T.) ;
#4933=IFCORIENTEDEDGE(*,*,#4930,.T.) ;
#4942=IFCORIENTEDEDGE(*,*,#4258,.T.) ;
#4943=IFCORIENTEDEDGE(*,*,#4940,.T.) ;
#4952=IFCORIENTEDEDGE(*,*,#4215,.T.) ;
#4953=IFCORIENTEDEDGE(*,*,#4950,.T.) ;
#4962=IFCORIENTEDEDGE(*,*,#4172,.T.) ;
#4963=IFCORIENTEDEDGE(*,*,#4960,.T.) ;
#4973=IFCORIENTEDEDGE(*,*,#3709,.T.) ;
#4974=IFCORIENTEDEDGE(*,*,#4811,.T.) ;
#4975=IFCORIENTEDEDGE(*,*,#4471,.F.) ;
#4976=IFCORIENTEDEDGE(*,*,#4896,.F.) ;
#4986=IFCORIENTEDEDGE(*,*,#2302,.F.) ;
#4987=IFCORIENTEDEDGE(*,*,#4891,.F.) ;
#4988=IFCORIENTEDEDGE(*,*,#4517,.F.) ;
#4989=IFCORIENTEDEDGE(*,*,#4806,.T.) ;
#5009=IFCORIENTEDEDGE(*,*,#5002,.T.) ;
#5010=IFCORIENTEDEDGE(*,*,#3811,.F.) ;
#5011=IFCORIENTEDEDGE(*,*,#2493,.T.) ;
#5012=IFCORIENTEDEDGE(*,*,#5007,.T.) ;
#5013=IFCORIENTEDEDGE(*,*,#4449,.T.) ;
#5014=IFCORIENTEDEDGE(*,*,#4424,.T.) ;
#5033=IFCORIENTEDEDGE(*,*,#5025,.T.) ;
#5034=IFCORIENTEDEDGE(*,*,#5031,.T.) ;
#5053=IFCORIENTEDEDGE(*,*,#5045,.T.) ;
#5054=IFCORIENTEDEDGE(*,*,#5051,.T.) ;
#5073=IFCORIENTEDEDGE(*,*,#5065,.T.) ;
#5074=IFCORIENTEDEDGE(*,*,#5071,.T.) ;
#5093=IFCORIENTEDEDGE(*,*,#5085,.T.) ;
#5094=IFCORIENTEDEDGE(*,*,#5091,.T.) ;
#5113=IFCORIENTEDEDGE(*,*,#5105,.T.) ;
#5114=IFCORIENTEDEDGE(*,*,#5111,.T.) ;
#5133=IFCORIENTEDEDGE(*,*,#5125,.T.) ;
#5134=IFCORIENTEDEDGE(*,*,#5131,.T.) ;
#5144=IFCORIENTEDEDGE(*,*,#3806,.T.) ;
#5145=IFCORIENTEDEDGE(*,*,#5002,.F.) ;
#5146=IFCORIENTEDEDGE(*,*,#4419,.F.) ;
#5147=IFCORIENTEDEDGE(*,*,#2552,.T.) ;
#5157=IFCORIENTEDEDGE(*,*,#3786,.T.) ;
#5158=IFCORIENTEDEDGE(*,*,#2538,.T.) ;
#5159=IFCORIENTEDEDGE(*,*,#4444,.F.) ;
#5160=IFCORIENTEDEDGE(*,*,#5007,.F.) ;
#5180=IFCORIENTEDEDGE(*,*,#4657,.F.) ;
#5181=IFCORIENTEDEDGE(*,*,#5173,.F.) ;
#5182=IFCORIENTEDEDGE(*,*,#4784,.F.) ;
#5183=IFCORIENTEDEDGE(*,*,#5178,.T.) ;
#5203=IFCORIENTEDEDGE(*,*,#4637,.F.) ;
#5204=IFCORIENTEDEDGE(*,*,#5196,.F.) ;
#5205=IFCORIENTEDEDGE(*,*,#4764,.F.) ;
#5206=IFCORIENTEDEDGE(*,*,#5201,.T.) ;
#5226=IFCORIENTEDEDGE(*,*,#4617,.F.) ;
#5227=IFCORIENTEDEDGE(*,*,#5219,.F.) ;
#5228=IFCORIENTEDEDGE(*,*,#4744,.F.) ;
#5229=IFCORIENTEDEDGE(*,*,#5224,.T.) ;
#5249=IFCORIENTEDEDGE(*,*,#4597,.F.) ;
#5250=IFCORIENTEDEDGE(*,*,#5242,.F.) ;
#5251=IFCORIENTEDEDGE(*,*,#4724,.F.) ;
#5252=IFCORIENTEDEDGE(*,*,#5247,.T.) ;
#5272=IFCORIENTEDEDGE(*,*,#4577,.F.) ;
#5273=IFCORIENTEDEDGE(*,*,#5265,.F.) ;
#5274=IFCORIENTEDEDGE(*,*,#4704,.F.) ;
#5275=IFCORIENTEDEDGE(*,*,#5270,.T.) ;
#5295=IFCORIENTEDEDGE(*,*,#4557,.F.) ;
#5296=IFCORIENTEDEDGE(*,*,#5288,.F.) ;
#5297=IFCORIENTEDEDGE(*,*,#4684,.F.) ;
#5298=IFCORIENTEDEDGE(*,*,#5293,.T.) ;
#5318=IFCORIENTEDEDGE(*,*,#2688,.F.) ;
#5319=IFCORIENTEDEDGE(*,*,#5311,.F.) ;
#5320=IFCORIENTEDEDGE(*,*,#5125,.F.) ;
#5321=IFCORIENTEDEDGE(*,*,#5316,.T.) ;
#5341=IFCORIENTEDEDGE(*,*,#2668,.F.) ;
#5342=IFCORIENTEDEDGE(*,*,#5334,.F.) ;
#5343=IFCORIENTEDEDGE(*,*,#5105,.F.) ;
#5344=IFCORIENTEDEDGE(*,*,#5339,.T.) ;
#5364=IFCORIENTEDEDGE(*,*,#2648,.F.) ;
#5365=IFCORIENTEDEDGE(*,*,#5357,.F.) ;
#5366=IFCORIENTEDEDGE(*,*,#5085,.F.) ;
#5367=IFCORIENTEDEDGE(*,*,#5362,.T.) ;
#5387=IFCORIENTEDEDGE(*,*,#2628,.F.) ;
#5388=IFCORIENTEDEDGE(*,*,#5380,.F.) ;
#5389=IFCORIENTEDEDGE(*,*,#5065,.F.) ;
#5390=IFCORIENTEDEDGE(*,*,#5385,.T.) ;
#5410=IFCORIENTEDEDGE(*,*,#2608,.F.) ;
#5411=IFCORIENTEDEDGE(*,*,#5403,.F.) ;
#5412=IFCORIENTEDEDGE(*,*,#5045,.F.) ;
#5413=IFCORIENTEDEDGE(*,*,#5408,.T.) ;
#5433=IFCORIENTEDEDGE(*,*,#2588,.F.) ;
#5434=IFCORIENTEDEDGE(*,*,#5426,.F.) ;
#5435=IFCORIENTEDEDGE(*,*,#5025,.F.) ;
#5436=IFCORIENTEDEDGE(*,*,#5431,.T.) ;
#5446=IFCORIENTEDEDGE(*,*,#4164,.T.) ;
#5447=IFCORIENTEDEDGE(*,*,#4875,.F.) ;
#5448=IFCORIENTEDEDGE(*,*,#4177,.F.) ;
#5449=IFCORIENTEDEDGE(*,*,#4960,.F.) ;
#5459=IFCORIENTEDEDGE(*,*,#4207,.T.) ;
#5460=IFCORIENTEDEDGE(*,*,#4865,.F.) ;
#5461=IFCORIENTEDEDGE(*,*,#4220,.F.) ;
#5462=IFCORIENTEDEDGE(*,*,#4950,.F.) ;
#5472=IFCORIENTEDEDGE(*,*,#4250,.T.) ;
#5473=IFCORIENTEDEDGE(*,*,#4855,.F.) ;
#5474=IFCORIENTEDEDGE(*,*,#4263,.F.) ;
#5475=IFCORIENTEDEDGE(*,*,#4940,.F.) ;
#5485=IFCORIENTEDEDGE(*,*,#4293,.T.) ;
#5486=IFCORIENTEDEDGE(*,*,#4845,.F.) ;
#5487=IFCORIENTEDEDGE(*,*,#4306,.F.) ;
#5488=IFCORIENTEDEDGE(*,*,#4930,.F.) ;
#5498=IFCORIENTEDEDGE(*,*,#4336,.T.) ;
#5499=IFCORIENTEDEDGE(*,*,#4835,.F.) ;
#5500=IFCORIENTEDEDGE(*,*,#4349,.F.) ;
#5501=IFCORIENTEDEDGE(*,*,#4920,.F.) ;
#5511=IFCORIENTEDEDGE(*,*,#4379,.T.) ;
#5512=IFCORIENTEDEDGE(*,*,#4825,.F.) ;
#5513=IFCORIENTEDEDGE(*,*,#4392,.F.) ;
#5514=IFCORIENTEDEDGE(*,*,#4910,.F.) ;
#5524=IFCORIENTEDEDGE(*,*,#5173,.T.) ;
#5525=IFCORIENTEDEDGE(*,*,#4651,.F.) ;
#5526=IFCORIENTEDEDGE(*,*,#5178,.F.) ;
#5527=IFCORIENTEDEDGE(*,*,#4790,.F.) ;
#5537=IFCORIENTEDEDGE(*,*,#5196,.T.) ;
#5538=IFCORIENTEDEDGE(*,*,#4631,.F.) ;
#5539=IFCORIENTEDEDGE(*,*,#5201,.F.) ;
#5540=IFCORIENTEDEDGE(*,*,#4770,.F.) ;
#5550=IFCORIENTEDEDGE(*,*,#5219,.T.) ;
#5551=IFCORIENTEDEDGE(*,*,#4611,.F.) ;
#5552=IFCORIENTEDEDGE(*,*,#5224,.F.) ;
#5553=IFCORIENTEDEDGE(*,*,#4750,.F.) ;
#5563=IFCORIENTEDEDGE(*,*,#5242,.T.) ;
#5564=IFCORIENTEDEDGE(*,*,#4591,.F.) ;
#5565=IFCORIENTEDEDGE(*,*,#5247,.F.) ;
#5566=IFCORIENTEDEDGE(*,*,#4730,.F.) ;
#5576=IFCORIENTEDEDGE(*,*,#5265,.T.) ;
#5577=IFCORIENTEDEDGE(*,*,#4571,.F.) ;
#5578=IFCORIENTEDEDGE(*,*,#5270,.F.) ;
#5579=IFCORIENTEDEDGE(*,*,#4710,.F.) ;
#5589=IFCORIENTEDEDGE(*,*,#5288,.T.) ;
#5590=IFCORIENTEDEDGE(*,*,#4551,.F.) ;
#5591=IFCORIENTEDEDGE(*,*,#5293,.F.) ;
#5592=IFCORIENTEDEDGE(*,*,#4690,.F.) ;
#5602=IFCORIENTEDEDGE(*,*,#5311,.T.) ;
#5603=IFCORIENTEDEDGE(*,*,#2682,.F.) ;
#5604=IFCORIENTEDEDGE(*,*,#5316,.F.) ;
#5605=IFCORIENTEDEDGE(*,*,#5131,.F.) ;
#5615=IFCORIENTEDEDGE(*,*,#5334,.T.) ;
#5616=IFCORIENTEDEDGE(*,*,#2662,.F.) ;
#5617=IFCORIENTEDEDGE(*,*,#5339,.F.) ;
#5618=IFCORIENTEDEDGE(*,*,#5111,.F.) ;
#5628=IFCORIENTEDEDGE(*,*,#5357,.T.) ;
#5629=IFCORIENTEDEDGE(*,*,#2642,.F.) ;
#5630=IFCORIENTEDEDGE(*,*,#5362,.F.) ;
#5631=IFCORIENTEDEDGE(*,*,#5091,.F.) ;
#5641=IFCORIENTEDEDGE(*,*,#5380,.T.) ;
#5642=IFCORIENTEDEDGE(*,*,#2622,.F.) ;
#5643=IFCORIENTEDEDGE(*,*,#5385,.F.) ;
#5644=IFCORIENTEDEDGE(*,*,#5071,.F.) ;
#5654=IFCORIENTEDEDGE(*,*,#5403,.T.) ;
#5655=IFCORIENTEDEDGE(*,*,#2602,.F.) ;
#5656=IFCORIENTEDEDGE(*,*,#5408,.F.) ;
#5657=IFCORIENTEDEDGE(*,*,#5051,.F.) ;
#5667=IFCORIENTEDEDGE(*,*,#5426,.T.) ;
#5668=IFCORIENTEDEDGE(*,*,#2582,.F.) ;
#5669=IFCORIENTEDEDGE(*,*,#5431,.F.) ;
#5670=IFCORIENTEDEDGE(*,*,#5031,.F.) ;
#107=IFCELEMENTASSEMBLY('0fATBJPW1L1u_Kcn3mAiaH',#5,'KI-0001-U04',$,$,#135,$,$,$,$) ;
#179=IFCFACEOUTERBOUND(#174,.T.) ;
#226=IFCFACEOUTERBOUND(#221,.T.) ;
#269=IFCFACEOUTERBOUND(#264,.T.) ;
#301=IFCFACEOUTERBOUND(#296,.T.) ;
#324=IFCFACEOUTERBOUND(#319,.T.) ;
#365=IFCFACEOUTERBOUND(#360,.T.) ;
#406=IFCFACEOUTERBOUND(#401,.T.) ;
#447=IFCFACEOUTERBOUND(#442,.T.) ;
#488=IFCFACEOUTERBOUND(#483,.T.) ;
#520=IFCFACEOUTERBOUND(#515,.T.) ;
#561=IFCFACEOUTERBOUND(#556,.T.) ;
#602=IFCFACEOUTERBOUND(#597,.T.) ;
#634=IFCFACEOUTERBOUND(#629,.T.) ;
#659=IFCFACEOUTERBOUND(#654,.T.) ;
#684=IFCFACEOUTERBOUND(#679,.T.) ;
#709=IFCFACEOUTERBOUND(#704,.T.) ;
#752=IFCFACEOUTERBOUND(#747,.T.) ;
#795=IFCFACEOUTERBOUND(#790,.T.) ;
#820=IFCFACEOUTERBOUND(#815,.T.) ;
#863=IFCFACEOUTERBOUND(#858,.T.) ;
#904=IFCFACEOUTERBOUND(#899,.T.) ;
#938=IFCFACEOUTERBOUND(#933,.T.) ;
#970=IFCFACEOUTERBOUND(#965,.T.) ;
#995=IFCFACEOUTERBOUND(#990,.T.) ;
#1038=IFCFACEOUTERBOUND(#1033,.T.) ;
#1081=IFCFACEOUTERBOUND(#1076,.T.) ;
#1124=IFCFACEOUTERBOUND(#1119,.T.) ;
#1260=IFCFACEOUTERBOUND(#1226,.T.) ;
#1442=IFCFACEOUTERBOUND(#1408,.T.) ;
#1506=IFCFACEOUTERBOUND(#1501,.T.) ;
#1519=IFCFACEOUTERBOUND(#1514,.T.) ;
#1532=IFCFACEOUTERBOUND(#1527,.T.) ;
#1550=IFCFACEOUTERBOUND(#1545,.T.) ;
#1573=IFCFACEOUTERBOUND(#1568,.T.) ;
#1591=IFCFACEOUTERBOUND(#1586,.T.) ;
#1609=IFCFACEOUTERBOUND(#1604,.T.) ;
#1627=IFCFACEOUTERBOUND(#1622,.T.) ;
#1645=IFCFACEOUTERBOUND(#1640,.T.) ;
#1658=IFCFACEOUTERBOUND(#1653,.T.) ;
#1671=IFCFACEOUTERBOUND(#1666,.T.) ;
#1684=IFCFACEOUTERBOUND(#1679,.T.) ;
#1697=IFCFACEOUTERBOUND(#1692,.T.) ;
#1710=IFCFACEOUTERBOUND(#1705,.T.) ;
#1723=IFCFACEOUTERBOUND(#1718,.T.) ;
#1736=IFCFACEOUTERBOUND(#1731,.T.) ;
#1749=IFCFACEOUTERBOUND(#1744,.T.) ;
#1762=IFCFACEOUTERBOUND(#1757,.T.) ;
#1914=IFCFACEOUTERBOUND(#1909,.T.) ;
#1969=IFCFACEOUTERBOUND(#1964,.T.) ;
#1992=IFCFACEOUTERBOUND(#1987,.T.) ;
#2051=IFCFACEOUTERBOUND(#2046,.T.) ;
#2092=IFCFACEOUTERBOUND(#2087,.T.) ;
#2126=IFCFACEOUTERBOUND(#2121,.T.) ;
#2169=IFCFACEOUTERBOUND(#2164,.T.) ;
#2230=IFCFACEOUTERBOUND(#2225,.T.) ;
#2285=IFCFACEOUTERBOUND(#2280,.T.) ;
#2308=IFCFACEOUTERBOUND(#2303,.T.) ;
#2367=IFCFACEOUTERBOUND(#2362,.T.) ;
#2408=IFCFACEOUTERBOUND(#2403,.T.) ;
#2469=IFCFACEOUTERBOUND(#2464,.T.) ;
#2524=IFCFACEOUTERBOUND(#2519,.T.) ;
#2572=IFCFACEOUTERBOUND(#2565,.T.) ;
#2745=IFCFACEOUTERBOUND(#2740,.T.) ;
#2804=IFCFACEOUTERBOUND(#2799,.T.) ;
#2841=IFCFACEOUTERBOUND(#2836,.T.) ;
#2873=IFCFACEOUTERBOUND(#2868,.T.) ;
#2891=IFCFACEOUTERBOUND(#2886,.T.) ;
#2909=IFCFACEOUTERBOUND(#2904,.T.) ;
#2927=IFCFACEOUTERBOUND(#2922,.T.) ;
#3018=IFCFACEOUTERBOUND(#3013,.T.) ;
#3061=IFCFACEOUTERBOUND(#3056,.T.) ;
#3110=IFCFACEOUTERBOUND(#3105,.T.) ;
#3187=IFCFACEOUTERBOUND(#3182,.T.) ;
#3252=IFCFACEOUTERBOUND(#3247,.T.) ;
#3281=IFCFACEOUTERBOUND(#3276,.T.) ;
#3310=IFCFACEOUTERBOUND(#3305,.T.) ;
#3339=IFCFACEOUTERBOUND(#3334,.T.) ;
#3357=IFCFACEOUTERBOUND(#3352,.T.) ;
#3380=IFCFACEOUTERBOUND(#3375,.T.) ;
#3398=IFCFACEOUTERBOUND(#3393,.T.) ;
#3416=IFCFACEOUTERBOUND(#3411,.T.) ;
#3434=IFCFACEOUTERBOUND(#3429,.T.) ;
#3458=IFCFACEOUTERBOUND(#3453,.T.) ;
#3476=IFCFACEOUTERBOUND(#3471,.T.) ;
#3499=IFCFACEOUTERBOUND(#3494,.T.) ;
#3512=IFCFACEOUTERBOUND(#3507,.T.) ;
#3530=IFCFACEOUTERBOUND(#3525,.T.) ;
#3579=IFCFACEOUTERBOUND(#3574,.T.) ;
#3633=IFCFACEOUTERBOUND(#3628,.T.) ;
#3665=IFCFACEOUTERBOUND(#3660,.T.) ;
#3688=IFCFACEOUTERBOUND(#3683,.T.) ;
#3720=IFCFACEOUTERBOUND(#3715,.T.) ;
#3774=IFCFACEOUTERBOUND(#3769,.T.) ;
#3792=IFCFACEOUTERBOUND(#3787,.T.) ;
#3817=IFCFACEOUTERBOUND(#3812,.T.) ;
#3830=IFCFACEOUTERBOUND(#3825,.T.) ;
#3879=IFCFACEOUTERBOUND(#3874,.T.) ;
#3892=IFCFACEOUTERBOUND(#3887,.T.) ;
#3946=IFCFACEOUTERBOUND(#3941,.T.) ;
#3971=IFCFACEOUTERBOUND(#3966,.T.) ;
#3996=IFCFACEOUTERBOUND(#3991,.T.) ;
#4014=IFCFACEOUTERBOUND(#4009,.T.) ;
#4027=IFCFACEOUTERBOUND(#4022,.T.) ;
#4059=IFCFACEOUTERBOUND(#4054,.T.) ;
#4091=IFCFACEOUTERBOUND(#4086,.T.) ;
#4114=IFCFACEOUTERBOUND(#4109,.T.) ;
#4127=IFCFACEOUTERBOUND(#4122,.T.) ;
#4140=IFCFACEOUTERBOUND(#4135,.T.) ;
#4183=IFCFACEOUTERBOUND(#4178,.T.) ;
#4226=IFCFACEOUTERBOUND(#4221,.T.) ;
#4269=IFCFACEOUTERBOUND(#4264,.T.) ;
#4312=IFCFACEOUTERBOUND(#4307,.T.) ;
#4355=IFCFACEOUTERBOUND(#4350,.T.) ;
#4398=IFCFACEOUTERBOUND(#4393,.T.) ;
#4430=IFCFACEOUTERBOUND(#4425,.T.) ;
#4455=IFCFACEOUTERBOUND(#4450,.T.) ;
#4496=IFCFACEOUTERBOUND(#4491,.T.) ;
#4528=IFCFACEOUTERBOUND(#4523,.T.) ;
#4541=IFCFACEOUTERBOUND(#4536,.T.) ;
#4674=IFCFACEOUTERBOUND(#4669,.T.) ;
#4819=IFCFACEOUTERBOUND(#4812,.T.) ;
#4904=IFCFACEOUTERBOUND(#4897,.T.) ;
#4977=IFCFACEOUTERBOUND(#4972,.T.) ;
#4990=IFCFACEOUTERBOUND(#4985,.T.) ;
#5015=IFCFACEOUTERBOUND(#5008,.T.) ;
#5148=IFCFACEOUTERBOUND(#5143,.T.) ;
#5161=IFCFACEOUTERBOUND(#5156,.T.) ;
#5184=IFCFACEOUTERBOUND(#5179,.T.) ;
#5207=IFCFACEOUTERBOUND(#5202,.T.) ;
#5230=IFCFACEOUTERBOUND(#5225,.T.) ;
#5253=IFCFACEOUTERBOUND(#5248,.T.) ;
#5276=IFCFACEOUTERBOUND(#5271,.T.) ;
#5299=IFCFACEOUTERBOUND(#5294,.T.) ;
#5322=IFCFACEOUTERBOUND(#5317,.T.) ;
#5345=IFCFACEOUTERBOUND(#5340,.T.) ;
#5368=IFCFACEOUTERBOUND(#5363,.T.) ;
#5391=IFCFACEOUTERBOUND(#5386,.T.) ;
#5414=IFCFACEOUTERBOUND(#5409,.T.) ;
#5437=IFCFACEOUTERBOUND(#5432,.T.) ;
#5450=IFCFACEOUTERBOUND(#5445,.T.) ;
#5463=IFCFACEOUTERBOUND(#5458,.T.) ;
#5476=IFCFACEOUTERBOUND(#5471,.T.) ;
#5489=IFCFACEOUTERBOUND(#5484,.T.) ;
#5502=IFCFACEOUTERBOUND(#5497,.T.) ;
#5515=IFCFACEOUTERBOUND(#5510,.T.) ;
#5528=IFCFACEOUTERBOUND(#5523,.T.) ;
#5541=IFCFACEOUTERBOUND(#5536,.T.) ;
#5554=IFCFACEOUTERBOUND(#5549,.T.) ;
#5567=IFCFACEOUTERBOUND(#5562,.T.) ;
#5580=IFCFACEOUTERBOUND(#5575,.T.) ;
#5593=IFCFACEOUTERBOUND(#5588,.T.) ;
#5606=IFCFACEOUTERBOUND(#5601,.T.) ;
#5619=IFCFACEOUTERBOUND(#5614,.T.) ;
#5632=IFCFACEOUTERBOUND(#5627,.T.) ;
#5645=IFCFACEOUTERBOUND(#5640,.T.) ;
#5658=IFCFACEOUTERBOUND(#5653,.T.) ;
#5671=IFCFACEOUTERBOUND(#5666,.T.) ;
#154=IFCLINE(#155,#156) ;
#169=IFCLINE(#170,#171) ;
#191=IFCLINE(#192,#193) ;
#208=IFCLINE(#209,#210) ;
#234=IFCLINE(#235,#236) ;
#251=IFCLINE(#252,#253) ;
#277=IFCLINE(#278,#279) ;
#286=IFCLINE(#287,#288) ;
#291=IFCLINE(#292,#293) ;
#309=IFCLINE(#310,#311) ;
#314=IFCLINE(#315,#316) ;
#332=IFCLINE(#333,#334) ;
#341=IFCLINE(#342,#343) ;
#348=IFCLINE(#349,#350) ;
#355=IFCLINE(#356,#357) ;
#373=IFCLINE(#374,#375) ;
#382=IFCLINE(#383,#384) ;
#389=IFCLINE(#390,#391) ;
#396=IFCLINE(#397,#398) ;
#414=IFCLINE(#415,#416) ;
#423=IFCLINE(#424,#425) ;
#430=IFCLINE(#431,#432) ;
#437=IFCLINE(#438,#439) ;
#455=IFCLINE(#456,#457) ;
#464=IFCLINE(#465,#466) ;
#471=IFCLINE(#472,#473) ;
#478=IFCLINE(#479,#480) ;
#496=IFCLINE(#497,#498) ;
#503=IFCLINE(#504,#505) ;
#510=IFCLINE(#511,#512) ;
#528=IFCLINE(#529,#530) ;
#537=IFCLINE(#538,#539) ;
#544=IFCLINE(#545,#546) ;
#551=IFCLINE(#552,#553) ;
#569=IFCLINE(#570,#571) ;
#578=IFCLINE(#579,#580) ;
#585=IFCLINE(#586,#587) ;
#592=IFCLINE(#593,#594) ;
#610=IFCLINE(#611,#612) ;
#619=IFCLINE(#620,#621) ;
#624=IFCLINE(#625,#626) ;
#727=IFCLINE(#728,#729) ;
#742=IFCLINE(#743,#744) ;
#770=IFCLINE(#771,#772) ;
#785=IFCLINE(#786,#787) ;
#838=IFCLINE(#839,#840) ;
#853=IFCLINE(#854,#855) ;
#871=IFCLINE(#872,#873) ;
#880=IFCLINE(#881,#882) ;
#887=IFCLINE(#888,#889) ;
#894=IFCLINE(#895,#896) ;
#920=IFCLINE(#921,#922) ;
#946=IFCLINE(#947,#948) ;
#953=IFCLINE(#954,#955) ;
#960=IFCLINE(#961,#962) ;
#1013=IFCLINE(#1014,#1015) ;
#1028=IFCLINE(#1029,#1030) ;
#1056=IFCLINE(#1057,#1058) ;
#1071=IFCLINE(#1072,#1073) ;
#1099=IFCLINE(#1100,#1101) ;
#1114=IFCLINE(#1115,#1116) ;
#1138=IFCLINE(#1139,#1140) ;
#1145=IFCLINE(#1146,#1147) ;
#1152=IFCLINE(#1153,#1154) ;
#1167=IFCLINE(#1168,#1169) ;
#1200=IFCLINE(#1201,#1202) ;
#1213=IFCLINE(#1214,#1215) ;
#1322=IFCLINE(#1323,#1324) ;
#1335=IFCLINE(#1336,#1337) ;
#1368=IFCLINE(#1369,#1370) ;
#1383=IFCLINE(#1384,#1385) ;
#1390=IFCLINE(#1391,#1392) ;
#1397=IFCLINE(#1398,#1399) ;
#1496=IFCLINE(#1497,#1498) ;
#1540=IFCLINE(#1541,#1542) ;
#1558=IFCLINE(#1559,#1560) ;
#1563=IFCLINE(#1564,#1565) ;
#1581=IFCLINE(#1582,#1583) ;
#1599=IFCLINE(#1600,#1601) ;
#1617=IFCLINE(#1618,#1619) ;
#1635=IFCLINE(#1636,#1637) ;
#1871=IFCLINE(#1872,#1873) ;
#1904=IFCLINE(#1905,#1906) ;
#1944=IFCLINE(#1945,#1946) ;
#1959=IFCLINE(#1960,#1961) ;
#1977=IFCLINE(#1978,#1979) ;
#1982=IFCLINE(#1983,#1984) ;
#2036=IFCLINE(#2037,#2038) ;
#2041=IFCLINE(#2042,#2043) ;
#2059=IFCLINE(#2060,#2061) ;
#2068=IFCLINE(#2069,#2070) ;
#2075=IFCLINE(#2076,#2077) ;
#2082=IFCLINE(#2083,#2084) ;
#2100=IFCLINE(#2101,#2102) ;
#2134=IFCLINE(#2135,#2136) ;
#2151=IFCLINE(#2152,#2153) ;
#2187=IFCLINE(#2188,#2189) ;
#2220=IFCLINE(#2221,#2222) ;
#2260=IFCLINE(#2261,#2262) ;
#2275=IFCLINE(#2276,#2277) ;
#2293=IFCLINE(#2294,#2295) ;
#2298=IFCLINE(#2299,#2300) ;
#2352=IFCLINE(#2353,#2354) ;
#2357=IFCLINE(#2358,#2359) ;
#2375=IFCLINE(#2376,#2377) ;
#2384=IFCLINE(#2385,#2386) ;
#2391=IFCLINE(#2392,#2393) ;
#2398=IFCLINE(#2399,#2400) ;
#2444=IFCLINE(#2445,#2446) ;
#2459=IFCLINE(#2460,#2461) ;
#2487=IFCLINE(#2488,#2489) ;
#2514=IFCLINE(#2515,#2516) ;
#2532=IFCLINE(#2533,#2534) ;
#2539=IFCLINE(#2540,#2541) ;
#2546=IFCLINE(#2547,#2548) ;
#2553=IFCLINE(#2554,#2555) ;
#2560=IFCLINE(#2561,#2562) ;
#2710=IFCLINE(#2711,#2712) ;
#2735=IFCLINE(#2736,#2737) ;
#2779=IFCLINE(#2780,#2781) ;
#2794=IFCLINE(#2795,#2796) ;
#2812=IFCLINE(#2813,#2814) ;
#2819=IFCLINE(#2820,#2821) ;
#2826=IFCLINE(#2827,#2828) ;
#2831=IFCLINE(#2832,#2833) ;
#2849=IFCLINE(#2850,#2851) ;
#2856=IFCLINE(#2857,#2858) ;
#2863=IFCLINE(#2864,#2865) ;
#2881=IFCLINE(#2882,#2883) ;
#2899=IFCLINE(#2900,#2901) ;
#2917=IFCLINE(#2918,#2919) ;
#3026=IFCLINE(#3027,#3028) ;
#3051=IFCLINE(#3052,#3053) ;
#3095=IFCLINE(#3096,#3097) ;
#3100=IFCLINE(#3101,#3102) ;
#3144=IFCLINE(#3145,#3146) ;
#3177=IFCLINE(#3178,#3179) ;
#3217=IFCLINE(#3218,#3219) ;
#3242=IFCLINE(#3243,#3244) ;
#3260=IFCLINE(#3261,#3262) ;
#3271=IFCLINE(#3272,#3273) ;
#3289=IFCLINE(#3290,#3291) ;
#3300=IFCLINE(#3301,#3302) ;
#3318=IFCLINE(#3319,#3320) ;
#3329=IFCLINE(#3330,#3331) ;
#3347=IFCLINE(#3348,#3349) ;
#3365=IFCLINE(#3366,#3367) ;
#3370=IFCLINE(#3371,#3372) ;
#3388=IFCLINE(#3389,#3390) ;
#3406=IFCLINE(#3407,#3408) ;
#3424=IFCLINE(#3425,#3426) ;
#3448=IFCLINE(#3449,#3450) ;
#3466=IFCLINE(#3467,#3468) ;
#3484=IFCLINE(#3485,#3486) ;
#3489=IFCLINE(#3490,#3491) ;
#3520=IFCLINE(#3521,#3522) ;
#3623=IFCLINE(#3624,#3625) ;
#3641=IFCLINE(#3642,#3643) ;
#3648=IFCLINE(#3649,#3650) ;
#3655=IFCLINE(#3656,#3657) ;
#3673=IFCLINE(#3674,#3675) ;
#3678=IFCLINE(#3679,#3680) ;
#3696=IFCLINE(#3697,#3698) ;
#3703=IFCLINE(#3704,#3705) ;
#3710=IFCLINE(#3711,#3712) ;
#3764=IFCLINE(#3765,#3766) ;
#3782=IFCLINE(#3783,#3784) ;
#3800=IFCLINE(#3801,#3802) ;
#3807=IFCLINE(#3808,#3809) ;
#3936=IFCLINE(#3937,#3938) ;
#3954=IFCLINE(#3955,#3956) ;
#3961=IFCLINE(#3962,#3963) ;
#3979=IFCLINE(#3980,#3981) ;
#3986=IFCLINE(#3987,#3988) ;
#4004=IFCLINE(#4005,#4006) ;
#4035=IFCLINE(#4036,#4037) ;
#4042=IFCLINE(#4043,#4044) ;
#4049=IFCLINE(#4050,#4051) ;
#4067=IFCLINE(#4068,#4069) ;
#4074=IFCLINE(#4075,#4076) ;
#4081=IFCLINE(#4082,#4083) ;
#4099=IFCLINE(#4100,#4101) ;
#4104=IFCLINE(#4105,#4106) ;
#4158=IFCLINE(#4159,#4160) ;
#4173=IFCLINE(#4174,#4175) ;
#4201=IFCLINE(#4202,#4203) ;
#4216=IFCLINE(#4217,#4218) ;
#4244=IFCLINE(#4245,#4246) ;
#4259=IFCLINE(#4260,#4261) ;
#4287=IFCLINE(#4288,#4289) ;
#4302=IFCLINE(#4303,#4304) ;
#4330=IFCLINE(#4331,#4332) ;
#4345=IFCLINE(#4346,#4347) ;
#4373=IFCLINE(#4374,#4375) ;
#4388=IFCLINE(#4389,#4390) ;
#4406=IFCLINE(#4407,#4408) ;
#4413=IFCLINE(#4414,#4415) ;
#4420=IFCLINE(#4421,#4422) ;
#4438=IFCLINE(#4439,#4440) ;
#4445=IFCLINE(#4446,#4447) ;
#4463=IFCLINE(#4464,#4465) ;
#4472=IFCLINE(#4473,#4474) ;
#4479=IFCLINE(#4480,#4481) ;
#4486=IFCLINE(#4487,#4488) ;
#4504=IFCLINE(#4505,#4506) ;
#4511=IFCLINE(#4512,#4513) ;
#4518=IFCLINE(#4519,#4520) ;
#4802=IFCLINE(#4803,#4804) ;
#4807=IFCLINE(#4808,#4809) ;
#4887=IFCLINE(#4888,#4889) ;
#4892=IFCLINE(#4893,#4894) ;
#4998=IFCLINE(#4999,#5000) ;
#5003=IFCLINE(#5004,#5005) ;
#5169=IFCLINE(#5170,#5171) ;
#5174=IFCLINE(#5175,#5176) ;
#5192=IFCLINE(#5193,#5194) ;
#5197=IFCLINE(#5198,#5199) ;
#5215=IFCLINE(#5216,#5217) ;
#5220=IFCLINE(#5221,#5222) ;
#5238=IFCLINE(#5239,#5240) ;
#5243=IFCLINE(#5244,#5245) ;
#5261=IFCLINE(#5262,#5263) ;
#5266=IFCLINE(#5267,#5268) ;
#5284=IFCLINE(#5285,#5286) ;
#5289=IFCLINE(#5290,#5291) ;
#5307=IFCLINE(#5308,#5309) ;
#5312=IFCLINE(#5313,#5314) ;
#5330=IFCLINE(#5331,#5332) ;
#5335=IFCLINE(#5336,#5337) ;
#5353=IFCLINE(#5354,#5355) ;
#5358=IFCLINE(#5359,#5360) ;
#5376=IFCLINE(#5377,#5378) ;
#5381=IFCLINE(#5382,#5383) ;
#5399=IFCLINE(#5400,#5401) ;
#5404=IFCLINE(#5405,#5406) ;
#5422=IFCLINE(#5423,#5424) ;
#5427=IFCLINE(#5428,#5429) ;
#135=IFCLOCALPLACEMENT($,#14) ;
#1797=IFCLOCALPLACEMENT(#135,#1800) ;
#1829=IFCLOCALPLACEMENT(#135,#1850) ;
#5687=IFCLOCALPLACEMENT(#135,#5689) ;
#1831=IFCMAPPEDITEM(#1837,#1832) ;
#1844=IFCMAPPEDITEM(#1837,#1845) ;
#19=IFCPROJECT('0iMIXx7z8LZ504crwZMByP',#5,'Project','Default Project',$,$,$,(#18),#6) ;
#21=IFCPROPERTYSET('0iO7nqAs9HY_LKINtqSE02',#5,'SOLIDWORKS Custom Properties',$,(#22,#23,#24,#25,#26,#27,#28,#29,#30,#31,#32,#33,#34,#35,#36,#37,#38,#39,#40,#41)) ;
#43=IFCPROPERTYSET('0iPb1iDl8DYNebzXj52G9i',#5,'PSet_Mass_Property',$,(#44,#45,#46)) ;
#50=IFCPROPERTYSET('0iT7XUJXC5XgL6KLddEKK_',#5,'SOLIDWORKS Custom Properties',$,(#51,#52,#53,#54,#55,#56,#57,#58,#59,#60,#61,#62,#63,#64,#65,#66,#67,#68,#69,#70)) ;
#72=IFCPROPERTYSET('0iUanNMQD1XJeN$tSuKcOd',#5,'PSet_Mass_Property',$,(#73,#74,#75)) ;
#78=IFCPROPERTYSET('0iX4fCAlnRWnaG0oQnTXW5',#5,'SOLIDWORKS Custom Properties',$,(#79,#80,#81,#82,#83,#84,#85,#86,#87,#88,#89,#90,#91,#92,#93,#94,#95,#96,#97,#98)) ;
#100=IFCPROPERTYSET('0iYXv5DemNWgzWi4G23pfk',#5,'PSet_Mass_Property',$,(#101,#102,#103)) ;
#108=IFCPROPERTYSET('0MA3xyEwjIAAvervfm64bi',#5,'SOLIDWORKS Custom Properties',$,(#109,#110,#111,#112,#113,#114,#115,#116,#117,#118,#119,#120,#121,#122,#123,#124,#125,#126,#127,#128)) ;
#130=IFCPROPERTYSET('0ict0p4tLjVYCgOX7CImqr',#5,'PSet_Mass_Property',$,(#131,#132,#133)) ;
#1773=IFCPROPERTYSET('2d6SN77MbVKPmZciqxc$at',#5,'SOLIDWORKS Custom Properties',$,(#1774,#1775,#1776,#1777,#1778,#1779,#1780,#1781,#1782,#1783,#1784,#1785,#1786,#1787,#1788,#1789,#1790,#1791,#1792,#1793,#1794,#1795)) ;
#1805=IFCPROPERTYSET('2YrT6Df7LN$ueqExq2uwBv',#5,'SOLIDWORKS Custom Properties',$,(#1806,#1807,#1808,#1809,#1810,#1811,#1812,#1813,#1814,#1815,#1816,#1817,#1818,#1819,#1820,#1821,#1822,#1823,#1824,#1825,#1826,#1827)) ;
#5678=IFCPROPERTYSET('257RD2DHrPkeUE5DX3IWCO',#5,'SOLIDWORKS Custom Properties',$,(#5679,#5680,#5681,#5682,#5683,#5684,#5685)) ;
#22=IFCPROPERTYSINGLEVALUE('ApprovedBy',$,IFCLABEL(' '),$) ;
#23=IFCPROPERTYSINGLEVALUE('ApprovedOn',$,IFCLABEL(' '),$) ;
#24=IFCPROPERTYSINGLEVALUE('Author',$,IFCLABEL('J.S'),$) ;
#25=IFCPROPERTYSINGLEVALUE('CheckedBy',$,IFCLABEL(' '),$) ;
#26=IFCPROPERTYSINGLEVALUE('CheckedOn',$,IFCLABEL(' '),$) ;
#27=IFCPROPERTYSINGLEVALUE('DESCRIPTION',$,IFCLABEL(''),$) ;
#28=IFCPROPERTYSINGLEVALUE('FINISH',$,IFCLABEL(''),$) ;
#29=IFCPROPERTYSINGLEVALUE('FileModifiedBy',$,IFCLABEL(' '),$) ;
#30=IFCPROPERTYSINGLEVALUE('GA',$,IFCLABEL('No'),$) ;
#31=IFCPROPERTYSINGLEVALUE('ModifiedBy',$,IFCLABEL(' '),$) ;
#32=IFCPROPERTYSINGLEVALUE('ModifiedOn',$,IFCLABEL(' '),$) ;
#33=IFCPROPERTYSINGLEVALUE('Number',$,IFCLABEL('U - 01 - 300~600'),$) ;
#34=IFCPROPERTYSINGLEVALUE('OriginationDate',$,IFCLABEL('28/07/2025'),$) ;
#35=IFCPROPERTYSINGLEVALUE('Project Name',$,IFCLABEL('Design Projects'),$) ;
#36=IFCPROPERTYSINGLEVALUE('RevCreatedBy',$,IFCLABEL('J.S'),$) ;
#37=IFCPROPERTYSINGLEVALUE('RevCreationDate',$,IFCLABEL('28/07/2025'),$) ;
#38=IFCPROPERTYSINGLEVALUE('Revision',$,IFCLABEL('M01'),$) ;
#39=IFCPROPERTYSINGLEVALUE('TAC NUMBER',$,IFCLABEL('C05+C05'),$) ;
#40=IFCPROPERTYSINGLEVALUE('TIMBER MATERIAL',$,IFCLABEL(''),$) ;
#41=IFCPROPERTYSINGLEVALUE('WEIGHT',$,IFCLABEL('21.55'),$) ;
#44=IFCPROPERTYSINGLEVALUE('Area Measure',$,IFCLABEL('1.8653040719740224'),$) ;
#45=IFCPROPERTYSINGLEVALUE('Mass Measure',$,IFCLABEL('21.5493131582799684'),$) ;
#46=IFCPROPERTYSINGLEVALUE('Volume Measure',$,IFCLABEL('0.0027627324561897'),$) ;
#51=IFCPROPERTYSINGLEVALUE('ApprovedBy',$,IFCLABEL(' '),$) ;
#52=IFCPROPERTYSINGLEVALUE('ApprovedOn',$,IFCLABEL(' '),$) ;
#53=IFCPROPERTYSINGLEVALUE('Author',$,IFCLABEL('J.S'),$) ;
#54=IFCPROPERTYSINGLEVALUE('CheckedBy',$,IFCLABEL(' '),$) ;
#55=IFCPROPERTYSINGLEVALUE('CheckedOn',$,IFCLABEL(' '),$) ;
#56=IFCPROPERTYSINGLEVALUE('DESCRIPTION',$,IFCLABEL(''),$) ;
#57=IFCPROPERTYSINGLEVALUE('FINISH',$,IFCLABEL(''),$) ;
#58=IFCPROPERTYSINGLEVALUE('FileModifiedBy',$,IFCLABEL(' '),$) ;
#59=IFCPROPERTYSINGLEVALUE('GA',$,IFCLABEL('No'),$) ;
#60=IFCPROPERTYSINGLEVALUE('ModifiedBy',$,IFCLABEL(' '),$) ;
#61=IFCPROPERTYSINGLEVALUE('ModifiedOn',$,IFCLABEL(' '),$) ;
#62=IFCPROPERTYSINGLEVALUE('Number',$,IFCLABEL('U - 01 - 300~600'),$) ;
#63=IFCPROPERTYSINGLEVALUE('OriginationDate',$,IFCLABEL('28/07/2025'),$) ;
#64=IFCPROPERTYSINGLEVALUE('Project Name',$,IFCLABEL('Design Projects'),$) ;
#65=IFCPROPERTYSINGLEVALUE('RevCreatedBy',$,IFCLABEL('J.S'),$) ;
#66=IFCPROPERTYSINGLEVALUE('RevCreationDate',$,IFCLABEL('28/07/2025'),$) ;
#67=IFCPROPERTYSINGLEVALUE('Revision',$,IFCLABEL('M01'),$) ;
#68=IFCPROPERTYSINGLEVALUE('TAC NUMBER',$,IFCLABEL('C05+C05'),$) ;
#69=IFCPROPERTYSINGLEVALUE('TIMBER MATERIAL',$,IFCLABEL(''),$) ;
#70=IFCPROPERTYSINGLEVALUE('WEIGHT',$,IFCLABEL('21.55'),$) ;
#73=IFCPROPERTYSINGLEVALUE('Area Measure',$,IFCLABEL('1.8653040719740224'),$) ;
#74=IFCPROPERTYSINGLEVALUE('Mass Measure',$,IFCLABEL('21.5493131582799684'),$) ;
#75=IFCPROPERTYSINGLEVALUE('Volume Measure',$,IFCLABEL('0.0027627324561897'),$) ;
#79=IFCPROPERTYSINGLEVALUE('ApprovedBy',$,IFCLABEL(' '),$) ;
#80=IFCPROPERTYSINGLEVALUE('ApprovedOn',$,IFCLABEL(' '),$) ;
#81=IFCPROPERTYSINGLEVALUE('Author',$,IFCLABEL('J.S'),$) ;
#82=IFCPROPERTYSINGLEVALUE('CheckedBy',$,IFCLABEL(' '),$) ;
#83=IFCPROPERTYSINGLEVALUE('CheckedOn',$,IFCLABEL(' '),$) ;
#84=IFCPROPERTYSINGLEVALUE('DESCRIPTION',$,IFCLABEL(''),$) ;
#85=IFCPROPERTYSINGLEVALUE('FINISH',$,IFCLABEL(''),$) ;
#86=IFCPROPERTYSINGLEVALUE('FileModifiedBy',$,IFCLABEL(' '),$) ;
#87=IFCPROPERTYSINGLEVALUE('GA',$,IFCLABEL('No'),$) ;
#88=IFCPROPERTYSINGLEVALUE('ModifiedBy',$,IFCLABEL(' '),$) ;
#89=IFCPROPERTYSINGLEVALUE('ModifiedOn',$,IFCLABEL(' '),$) ;
#90=IFCPROPERTYSINGLEVALUE('Number',$,IFCLABEL('U - 01 - 300~600'),$) ;
#91=IFCPROPERTYSINGLEVALUE('OriginationDate',$,IFCLABEL('28/07/2025'),$) ;
#92=IFCPROPERTYSINGLEVALUE('Project Name',$,IFCLABEL('Design Projects'),$) ;
#93=IFCPROPERTYSINGLEVALUE('RevCreatedBy',$,IFCLABEL('J.S'),$) ;
#94=IFCPROPERTYSINGLEVALUE('RevCreationDate',$,IFCLABEL('28/07/2025'),$) ;
#95=IFCPROPERTYSINGLEVALUE('Revision',$,IFCLABEL('M01'),$) ;
#96=IFCPROPERTYSINGLEVALUE('TAC NUMBER',$,IFCLABEL('C05+C05'),$) ;
#97=IFCPROPERTYSINGLEVALUE('TIMBER MATERIAL',$,IFCLABEL(''),$) ;
#98=IFCPROPERTYSINGLEVALUE('WEIGHT',$,IFCLABEL('21.55'),$) ;
#101=IFCPROPERTYSINGLEVALUE('Area Measure',$,IFCLABEL('1.8653040719740224'),$) ;
#102=IFCPROPERTYSINGLEVALUE('Mass Measure',$,IFCLABEL('21.5493131582799684'),$) ;
#103=IFCPROPERTYSINGLEVALUE('Volume Measure',$,IFCLABEL('0.0027627324561897'),$) ;
#109=IFCPROPERTYSINGLEVALUE('ApprovedBy',$,IFCLABEL(' '),$) ;
#110=IFCPROPERTYSINGLEVALUE('ApprovedOn',$,IFCLABEL(' '),$) ;
#111=IFCPROPERTYSINGLEVALUE('Author',$,IFCLABEL('J.S'),$) ;
#112=IFCPROPERTYSINGLEVALUE('CheckedBy',$,IFCLABEL(' '),$) ;
#113=IFCPROPERTYSINGLEVALUE('CheckedOn',$,IFCLABEL(' '),$) ;
#114=IFCPROPERTYSINGLEVALUE('DESCRIPTION',$,IFCLABEL(''),$) ;
#115=IFCPROPERTYSINGLEVALUE('FINISH',$,IFCLABEL(''),$) ;
#116=IFCPROPERTYSINGLEVALUE('FileModifiedBy',$,IFCLABEL(' '),$) ;
#117=IFCPROPERTYSINGLEVALUE('GA',$,IFCLABEL('No'),$) ;
#118=IFCPROPERTYSINGLEVALUE('ModifiedBy',$,IFCLABEL(' '),$) ;
#119=IFCPROPERTYSINGLEVALUE('ModifiedOn',$,IFCLABEL(' '),$) ;
#120=IFCPROPERTYSINGLEVALUE('Number',$,IFCLABEL('U - 01 - 300~600'),$) ;
#121=IFCPROPERTYSINGLEVALUE('OriginationDate',$,IFCLABEL('28/07/2025'),$) ;
#122=IFCPROPERTYSINGLEVALUE('Project Name',$,IFCLABEL('Design Projects'),$) ;
#123=IFCPROPERTYSINGLEVALUE('RevCreatedBy',$,IFCLABEL('J.S'),$) ;
#124=IFCPROPERTYSINGLEVALUE('RevCreationDate',$,IFCLABEL('28/07/2025'),$) ;
#125=IFCPROPERTYSINGLEVALUE('Revision',$,IFCLABEL('M01'),$) ;
#126=IFCPROPERTYSINGLEVALUE('TAC NUMBER',$,IFCLABEL('C05+C05'),$) ;
#127=IFCPROPERTYSINGLEVALUE('TIMBER MATERIAL',$,IFCLABEL(''),$) ;
#128=IFCPROPERTYSINGLEVALUE('WEIGHT',$,IFCLABEL('21.55'),$) ;
#131=IFCPROPERTYSINGLEVALUE('Area Measure',$,IFCLABEL('1.8653040719740224'),$) ;
#132=IFCPROPERTYSINGLEVALUE('Mass Measure',$,IFCLABEL('21.5493131582799684'),$) ;
#133=IFCPROPERTYSINGLEVALUE('Volume Measure',$,IFCLABEL('0.0027627324561897'),$) ;
#1774=IFCPROPERTYSINGLEVALUE('ApprovedBy',$,IFCLABEL(' '),$) ;
#1775=IFCPROPERTYSINGLEVALUE('ApprovedOn',$,IFCLABEL(' '),$) ;
#1776=IFCPROPERTYSINGLEVALUE('Author',$,IFCLABEL('J.S'),$) ;
#1777=IFCPROPERTYSINGLEVALUE('CheckedBy',$,IFCLABEL(' '),$) ;
#1778=IFCPROPERTYSINGLEVALUE('CheckedOn',$,IFCLABEL(' '),$) ;
#1779=IFCPROPERTYSINGLEVALUE('Client',$,IFCLABEL(''),$) ;
#1780=IFCPROPERTYSINGLEVALUE('DESCRIPTION',$,IFCLABEL('KI-0000-GS01'),$) ;
#1781=IFCPROPERTYSINGLEVALUE('FileModifiedBy',$,IFCLABEL(' '),$) ;
#1782=IFCPROPERTYSINGLEVALUE('Finish',$,IFCLABEL('Unchecked'),$) ;
#1783=IFCPROPERTYSINGLEVALUE('GA',$,IFCLABEL('No'),$) ;
#1784=IFCPROPERTYSINGLEVALUE('Job Number',$,IFCLABEL(''),$) ;
#1785=IFCPROPERTYSINGLEVALUE('Job Title',$,IFCLABEL(''),$) ;
#1786=IFCPROPERTYSINGLEVALUE('ModifiedBy',$,IFCLABEL(' '),$) ;
#1787=IFCPROPERTYSINGLEVALUE('ModifiedOn',$,IFCLABEL(' '),$) ;
#1788=IFCPROPERTYSINGLEVALUE('Number',$,IFCLABEL('S-GS01 - 300 - 600'),$) ;
#1789=IFCPROPERTYSINGLEVALUE('OriginationDate',$,IFCLABEL('28/07/2025'),$) ;
#1790=IFCPROPERTYSINGLEVALUE('Project Name',$,IFCLABEL('Design Projects'),$) ;
#1791=IFCPROPERTYSINGLEVALUE('QTY. TO BE MANUFACTURED',$,IFCLABEL(''),$) ;
#1792=IFCPROPERTYSINGLEVALUE('RevCreatedBy',$,IFCLABEL('J.S'),$) ;
#1793=IFCPROPERTYSINGLEVALUE('RevCreationDate',$,IFCLABEL('28/07/2025'),$) ;
#1794=IFCPROPERTYSINGLEVALUE('Revision',$,IFCLABEL('M01'),$) ;
#1795=IFCPROPERTYSINGLEVALUE('WEIGHT',$,IFCLABEL('0.90'),$) ;
#1806=IFCPROPERTYSINGLEVALUE('ApprovedBy',$,IFCLABEL(' '),$) ;
#1807=IFCPROPERTYSINGLEVALUE('ApprovedOn',$,IFCLABEL(' '),$) ;
#1808=IFCPROPERTYSINGLEVALUE('Author',$,IFCLABEL('J.S'),$) ;
#1809=IFCPROPERTYSINGLEVALUE('CheckedBy',$,IFCLABEL(' '),$) ;
#1810=IFCPROPERTYSINGLEVALUE('CheckedOn',$,IFCLABEL(' '),$) ;
#1811=IFCPROPERTYSINGLEVALUE('Client',$,IFCLABEL(''),$) ;
#1812=IFCPROPERTYSINGLEVALUE('DESCRIPTION',$,IFCLABEL('KI-0000-GS01'),$) ;
#1813=IFCPROPERTYSINGLEVALUE('FileModifiedBy',$,IFCLABEL(' '),$) ;
#1814=IFCPROPERTYSINGLEVALUE('Finish',$,IFCLABEL('Unchecked'),$) ;
#1815=IFCPROPERTYSINGLEVALUE('GA',$,IFCLABEL('No'),$) ;
#1816=IFCPROPERTYSINGLEVALUE('Job Number',$,IFCLABEL(''),$) ;
#1817=IFCPROPERTYSINGLEVALUE('Job Title',$,IFCLABEL(''),$) ;
#1818=IFCPROPERTYSINGLEVALUE('ModifiedBy',$,IFCLABEL(' '),$) ;
#1819=IFCPROPERTYSINGLEVALUE('ModifiedOn',$,IFCLABEL(' '),$) ;
#1820=IFCPROPERTYSINGLEVALUE('Number',$,IFCLABEL('S-GS01 - 300 - 600'),$) ;
#1821=IFCPROPERTYSINGLEVALUE('OriginationDate',$,IFCLABEL('28/07/2025'),$) ;
#1822=IFCPROPERTYSINGLEVALUE('Project Name',$,IFCLABEL('Design Projects'),$) ;
#1823=IFCPROPERTYSINGLEVALUE('QTY. TO BE MANUFACTURED',$,IFCLABEL(''),$) ;
#1824=IFCPROPERTYSINGLEVALUE('RevCreatedBy',$,IFCLABEL('J.S'),$) ;
#1825=IFCPROPERTYSINGLEVALUE('RevCreationDate',$,IFCLABEL('28/07/2025'),$) ;
#1826=IFCPROPERTYSINGLEVALUE('Revision',$,IFCLABEL('M01'),$) ;
#1827=IFCPROPERTYSINGLEVALUE('WEIGHT',$,IFCLABEL('0.90'),$) ;
#5679=IFCPROPERTYSINGLEVALUE('Client',$,IFCLABEL(''),$) ;
#5680=IFCPROPERTYSINGLEVALUE('DESCRIPTION',$,IFCLABEL('SHEET^KI-0001-U04'),$) ;
#5681=IFCPROPERTYSINGLEVALUE('Finish',$,IFCLABEL('Unchecked'),$) ;
#5682=IFCPROPERTYSINGLEVALUE('Job Number',$,IFCLABEL(''),$) ;
#5683=IFCPROPERTYSINGLEVALUE('Job Title',$,IFCLABEL(''),$) ;
#5684=IFCPROPERTYSINGLEVALUE('QTY. TO BE MANUFACTURED',$,IFCLABEL(''),$) ;
#5685=IFCPROPERTYSINGLEVALUE('WEIGHT',$,IFCLABEL('19.74'),$) ;
#48=IFCRELAGGREGATES('0iRIHbGeD9Y0zsf3gM8IDL',#5,'IFCPROJECT_Container','Container for children of IFCPROJECT',#19,(#20)) ;
#105=IFCRELAGGREGATES('0iaN8_GXrJW4GnNcDJ9rjN',#5,'IFCSITE_Container','Container for children of IFCSITE',#20,(#49)) ;
#106=IFCRELAGGREGATES('0ib1mw1_KnW8vPj79xC_nB',#5,'IFCBUILDING_Container','Container for children of IFCBUILDING',#49,(#77)) ;
#1799=IFCRELAGGREGATES('0ig1WbAfPbV4vBlKvkV507',#5,'IFCELEMENTASSEMBLY_Container','Container for children of IFCELEMENTASSEMBLY',#107,(#1772,#1804,#5677)) ;
#136=IFCRELCONTAINEDINSPATIALSTRUCTURE('0ieKGi7mKfVRbw3p0TP2yU',#5,'IFCBUILDINGSTOREY_Container','Container for children of IFCBUILDINGSTOREY',(#107),#77) ;
#42=IFCRELDEFINESBYPROPERTIES('0iOoPmSIelYZ1ze0mSVN5t',#5,'SOLIDWORKS Custom Properties',$,(#20),#21) ;
#47=IFCRELDEFINESBYPROPERTIES('0iQdffVBjhYSLDJIjj5P9W',#5,'PSet_Mass_Property',$,(#20),#43) ;
#71=IFCRELDEFINESBYPROPERTIES('0iTo9Q4zjZXkzkg6WFHjKo',#5,'SOLIDWORKS Custom Properties',$,(#49),#50) ;
#76=IFCRELDEFINESBYPROPERTIES('0iVNPJ7smVX8G$LGTWNlSR',#5,'PSet_Mass_Property',$,(#49),#72) ;
#99=IFCRELDEFINESBYPROPERTIES('0iXtH8SCGvWcGuMZNP0gbv',#5,'SOLIDWORKS Custom Properties',$,(#77),#78) ;
#104=IFCRELDEFINESBYPROPERTIES('0iZaX1V5HrWVa81rGg6yfY',#5,'PSet_Mass_Property',$,(#77),#100) ;
#129=IFCRELDEFINESBYPROPERTIES('0ibqOtJQqFVza12mAaFtr0',#5,'SOLIDWORKS Custom Properties',$,(#107),#108) ;
#134=IFCRELDEFINESBYPROPERTIES('0idXelMJrBVcvIkI3rLvuf',#5,'PSet_Mass_Property',$,(#107),#130) ;
#1796=IFCRELDEFINESBYPROPERTIES('0ifMuePCu7V0CZPZz5SByI',#5,'SOLIDWORKS Custom Properties',$,(#1772),#1773) ;
#1828=IFCRELDEFINESBYPROPERTIES('0igq8XS5v3UvXp55wM2E5x',#5,'SOLIDWORKS Custom Properties',$,(#1804),#1805) ;
#5686=IFCRELDEFINESBYPROPERTIES('0ihcmTDYOXUkCRQcs$579m',#5,'SOLIDWORKS Custom Properties',$,(#5677),#5678) ;
#7=IFCSIUNIT(*,.LENGTHUNIT.,.MILLI.,.METRE.) ;
#8=IFCSIUNIT(*,.AREAUNIT.,$,.SQUARE_METRE.) ;
#9=IFCSIUNIT(*,.VOLUMEUNIT.,$,.CUBIC_METRE.) ;
#10=IFCSIUNIT(*,.PLANEANGLEUNIT.,$,.RADIAN.) ;
#137=IFCSHAPEREPRESENTATION(#18,'Body','AdvancedBrep',(#1770)) ;
#1830=IFCSHAPEREPRESENTATION(#18,'Body','MappedRepresentation',(#1831)) ;
#1843=IFCSHAPEREPRESENTATION(#18,'Body','MappedRepresentation',(#1844)) ;
#1854=IFCSHAPEREPRESENTATION(#18,'Body','AdvancedBrep',(#5675)) ;
#20=IFCSITE('0iNL9tPPfpYviiyctCP4yE',#5,'default Site',$,$,$,$,$,.ELEMENT.,$,$,$,$,$) ;
#182=IFCSURFACESTYLERENDERING(#181,0.,$,$,$,$,$,$,.NOTDEFINED.) ;
#1766=IFCSURFACESTYLERENDERING(#1765,0.,$,$,$,$,$,$,.NOTDEFINED.) ;
ENDSEC;
END-ISO-10303-21;
