ISO-10303-21;
HEADER;
FILE_DESCRIPTION(('ViewDefinition[ReferenceView]'),'2;1');

FILE_NAME('D:\\Dropbox (Personal)\\Projects\\Kinley\\Remodels\\IFC PARTS\\06.176.L (IFC v2.IFC','2026-05-20T15:25:26+00:00',$,$,'3DEXPERIENCE PlatformUnofficial Packaging Version','3DEXPERIENCE Platform IFC4',$);

FILE_SCHEMA(('IFC4'));

ENDSEC;
DATA;
#5=IFCOWNERHISTORY(#3,#4,$,.NOTDEFINED.,$,$,$,1779290726) ;
#3=IFCPERSONANDORGANIZATION(#2,#1,$) ;
#2=IFCPERSON($,'FamilyName',$,$,$,$,$,$) ;
#1=IFCORGANIZATION($,'Name of Organization',$,$,$) ;
#4=IFCAPPLICATION(#1,'0.1','CATIA Data Exchange','CATIA') ;
#13=IFCMEASUREWITHUNIT(IFCLENGTHMEASURE(1000.),#7) ;
#12=IFCDIMENSIONALEXPONENTS(1,$,$,$,$,$,$) ;
#15=IFCCARTESIANPOINT((0.,0.,0.)) ;
#33=IFCCARTESIANPOINT((-1.72475,0.27475,0.99)) ;
#37=IFCCARTESIANPOINT((-0.03475,0.51475,0.99)) ;
#40=IFCCARTESIANPOINT((-0.03475,0.51475,0.99)) ;
#42=IFCCARTESIANPOINT((-1.71475,0.51475,0.99)) ;
#46=IFCCARTESIANPOINT((-0.03475,0.03475,0.99)) ;
#49=IFCCARTESIANPOINT((-0.03475,0.03475,0.99)) ;
#53=IFCCARTESIANPOINT((-1.71475,0.03475,0.99)) ;
#56=IFCCARTESIANPOINT((-1.71475,0.03475,0.99)) ;
#60=IFCCARTESIANPOINT((-1.71475,0.51475,0.99)) ;
#71=IFCCARTESIANPOINT((-0.03555,0.51395,0.99)) ;
#74=IFCCARTESIANPOINT((-0.03555,0.51395,0.99)) ;
#76=IFCCARTESIANPOINT((-1.71395,0.51395,0.99)) ;
#80=IFCCARTESIANPOINT((-1.71395,0.51395,0.99)) ;
#83=IFCCARTESIANPOINT((-1.71395,0.03555,0.99)) ;
#87=IFCCARTESIANPOINT((-1.71395,0.03555,0.99)) ;
#90=IFCCARTESIANPOINT((-0.03555,0.03555,0.99)) ;
#94=IFCCARTESIANPOINT((-0.03555,0.03555,0.99)) ;
#112=IFCCARTESIANPOINT((-0.02075,-0.02525,0.975)) ;
#116=IFCCARTESIANPOINT((-0.02075,0.02075,0.975)) ;
#119=IFCCARTESIANPOINT((-0.02075,0.02075,0.975)) ;
#121=IFCCARTESIANPOINT((-0.02075,0.52875,0.975)) ;
#125=IFCCARTESIANPOINT((-0.02475,0.52475,0.975)) ;
#128=IFCCARTESIANPOINT((-0.02475,0.52475,0.975)) ;
#132=IFCCARTESIANPOINT((-0.02475,0.02475,0.975)) ;
#135=IFCCARTESIANPOINT((-0.02475,0.02475,0.975)) ;
#139=IFCCARTESIANPOINT((-0.02475,0.02475,0.975)) ;
#153=IFCCARTESIANPOINT((-0.02475,-0.02525,0.9962)) ;
#157=IFCCARTESIANPOINT((-0.02475,0.52475,0.9962)) ;
#160=IFCCARTESIANPOINT((-0.02475,0.52475,0.9962)) ;
#164=IFCCARTESIANPOINT((-0.02475,0.02475,0.9962)) ;
#167=IFCCARTESIANPOINT((-0.02475,0.02475,0.9962)) ;
#171=IFCCARTESIANPOINT((-0.02475,0.02475,0.9962)) ;
#185=IFCCARTESIANPOINT((-1.77475,-0.02145,0.04)) ;
#189=IFCCARTESIANPOINT((-1.7495,-1.66533453694E-16,0.04)) ;
#192=IFCCARTESIANPOINT((-1.7495,-1.66533453694E-16,0.04)) ;
#194=IFCCARTESIANPOINT((-1.77095,-0.02145,0.04)) ;
#198=IFCCARTESIANPOINT((-1.77095,-0.02145,0.04)) ;
#201=IFCCARTESIANPOINT((-1.178675,-0.02145,0.04)) ;
#205=IFCCARTESIANPOINT((-1.178675,-0.02145,0.04)) ;
#208=IFCCARTESIANPOINT((-1.170825,-0.02145,0.04)) ;
#212=IFCCARTESIANPOINT((-1.170825,-0.02145,0.04)) ;
#215=IFCCARTESIANPOINT((-0.578675,-0.02145,0.04)) ;
#219=IFCCARTESIANPOINT((-0.578675,-0.02145,0.04)) ;
#222=IFCCARTESIANPOINT((-0.570825,-0.02145,0.04)) ;
#226=IFCCARTESIANPOINT((-0.570825,-0.02145,0.04)) ;
#229=IFCCARTESIANPOINT((0.02145,-0.02145,0.04)) ;
#233=IFCCARTESIANPOINT((0.,-1.66533453694E-16,0.04)) ;
#236=IFCCARTESIANPOINT((0.,-1.66533453694E-16,0.04)) ;
#240=IFCCARTESIANPOINT((0.,-1.66533453694E-16,0.04)) ;
#258=IFCCARTESIANPOINT((-1.77475,0.52875,0.975)) ;
#262=IFCCARTESIANPOINT((-1.72875,0.52875,0.975)) ;
#265=IFCCARTESIANPOINT((-1.72875,0.52875,0.975)) ;
#269=IFCCARTESIANPOINT((-1.72475,0.52475,0.975)) ;
#272=IFCCARTESIANPOINT((-1.72475,0.52475,0.975)) ;
#276=IFCCARTESIANPOINT((-1.72475,0.52475,0.975)) ;
#289=IFCCARTESIANPOINT((0.02145,-0.02525,0.0438)) ;
#295=IFCCARTESIANPOINT((0.02145,-0.02145,0.0438)) ;
#298=IFCCARTESIANPOINT((0.02525,-0.02145,0.0438)) ;
#302=IFCCARTESIANPOINT((0.02525,-0.02145,0.0438)) ;
#305=IFCCARTESIANPOINT((0.02525,0.270825,0.0438)) ;
#310=IFCCARTESIANPOINT((0.02145,0.270825,0.0438)) ;
#313=IFCCARTESIANPOINT((0.02145,0.270825,0.04)) ;
#317=IFCCARTESIANPOINT((0.02145,-0.02145,0.04)) ;
#330=IFCCARTESIANPOINT((0.02145,-0.02525,0.9962)) ;
#336=IFCCARTESIANPOINT((0.02145,-0.02145,0.9962)) ;
#339=IFCCARTESIANPOINT((0.02145,-0.02145,1.)) ;
#341=IFCCARTESIANPOINT((0.02525,-0.02145,0.9962)) ;
#345=IFCCARTESIANPOINT((0.02145,-0.02145,1.)) ;
#348=IFCCARTESIANPOINT((0.02145,0.270825,1.)) ;
#353=IFCCARTESIANPOINT((0.02145,0.270825,0.9962)) ;
#356=IFCCARTESIANPOINT((0.02525,0.270825,0.9962)) ;
#360=IFCCARTESIANPOINT((0.02525,-0.02145,0.9962)) ;
#373=IFCCARTESIANPOINT((0.02145,-0.02525,0.0438)) ;
#379=IFCCARTESIANPOINT((0.02145,0.57095,0.0438)) ;
#382=IFCCARTESIANPOINT((0.02145,0.57095,0.04)) ;
#384=IFCCARTESIANPOINT((0.02525,0.57095,0.0438)) ;
#388=IFCCARTESIANPOINT((0.02145,0.278675,0.04)) ;
#391=IFCCARTESIANPOINT((0.02145,0.278675,0.04)) ;
#396=IFCCARTESIANPOINT((0.02145,0.278675,0.0438)) ;
#399=IFCCARTESIANPOINT((0.02525,0.278675,0.0438)) ;
#403=IFCCARTESIANPOINT((0.02525,0.278675,0.0438)) ;
#417=IFCCARTESIANPOINT((-1.77475,0.57475,0.0438)) ;
#421=IFCCARTESIANPOINT((-1.170825,0.57475,0.0438)) ;
#424=IFCCARTESIANPOINT((-1.170825,0.57475,0.0438)) ;
#426=IFCCARTESIANPOINT((-1.170825,0.57475,0.9962)) ;
#430=IFCCARTESIANPOINT((-1.170825,0.57475,0.0438)) ;
#433=IFCCARTESIANPOINT((-0.578675,0.57475,0.0438)) ;
#437=IFCCARTESIANPOINT((-0.578675,0.57475,0.9962)) ;
#440=IFCCARTESIANPOINT((-0.578675,0.57475,0.9962)) ;
#444=IFCCARTESIANPOINT((-1.170825,0.57475,0.9962)) ;
#458=IFCCARTESIANPOINT((0.02525,-0.02525,0.0438)) ;
#462=IFCCARTESIANPOINT((0.02525,0.57095,0.9962)) ;
#465=IFCCARTESIANPOINT((0.02525,0.57095,0.9962)) ;
#469=IFCCARTESIANPOINT((0.02525,0.278675,0.9962)) ;
#472=IFCCARTESIANPOINT((0.02525,0.278675,0.9962)) ;
#476=IFCCARTESIANPOINT((0.02525,0.278675,0.9962)) ;
#489=IFCCARTESIANPOINT((0.02145,0.278675,0.0438)) ;
#495=IFCCARTESIANPOINT((0.02145,0.278675,0.0438)) ;
#498=IFCCARTESIANPOINT((0.02145,0.274875,0.0438)) ;
#503=IFCCARTESIANPOINT((0.02145,0.278675,0.0438)) ;
#515=IFCCARTESIANPOINT((0.02145,0.278675,0.0438)) ;
#520=IFCCARTESIANPOINT((0.02145,0.274875,0.9962)) ;
#523=IFCCARTESIANPOINT((0.02145,0.274875,0.9962)) ;
#528=IFCCARTESIANPOINT((0.02145,0.278675,0.9962)) ;
#541=IFCCARTESIANPOINT((0.02145,0.270825,0.9962)) ;
#547=IFCCARTESIANPOINT((0.02145,0.270825,0.9962)) ;
#550=IFCCARTESIANPOINT((0.02145,0.274625,0.9962)) ;
#555=IFCCARTESIANPOINT((0.02145,0.270825,0.9962)) ;
#567=IFCCARTESIANPOINT((0.02145,0.270825,0.0438)) ;
#572=IFCCARTESIANPOINT((0.02145,0.274625,0.0438)) ;
#575=IFCCARTESIANPOINT((0.02145,0.274625,0.0438)) ;
#580=IFCCARTESIANPOINT((0.02145,0.270825,0.0438)) ;
#585=IFCCARTESIANPOINT((0.02525,0.270825,0.0438)) ;
#598=IFCCARTESIANPOINT((0.02145,0.270825,0.0438)) ;
#604=IFCCARTESIANPOINT((0.02145,0.270825,0.0438)) ;
#616=IFCCARTESIANPOINT((-1.77095,0.270825,0.9962)) ;
#622=IFCCARTESIANPOINT((-1.77095,0.270825,0.9962)) ;
#625=IFCCARTESIANPOINT((-1.77475,0.270825,0.9962)) ;
#627=IFCCARTESIANPOINT((-1.77095,0.274625,0.9962)) ;
#632=IFCCARTESIANPOINT((-1.77095,0.270825,0.9962)) ;
#635=IFCCARTESIANPOINT((-1.77095,0.270825,1.)) ;
#640=IFCCARTESIANPOINT((-1.77095,0.270825,0.9962)) ;
#652=IFCCARTESIANPOINT((-1.77095,0.270825,1.)) ;
#657=IFCCARTESIANPOINT((-1.77475,0.270825,0.0438)) ;
#660=IFCCARTESIANPOINT((-1.77475,0.270825,0.0438)) ;
#665=IFCCARTESIANPOINT((-1.77095,0.270825,0.0438)) ;
#668=IFCCARTESIANPOINT((-1.77095,0.274625,0.0438)) ;
#672=IFCCARTESIANPOINT((-1.77095,0.274625,0.0438)) ;
#685=IFCCARTESIANPOINT((-1.77095,0.270825,0.0438)) ;
#691=IFCCARTESIANPOINT((-1.77095,0.270825,0.0438)) ;
#694=IFCCARTESIANPOINT((-1.77095,0.270825,0.04)) ;
#699=IFCCARTESIANPOINT((-1.77095,0.270825,0.0438)) ;
#711=IFCCARTESIANPOINT((-1.77095,0.278675,0.9962)) ;
#717=IFCCARTESIANPOINT((-1.77095,0.278675,0.9962)) ;
#720=IFCCARTESIANPOINT((-1.77095,0.274875,0.9962)) ;
#722=IFCCARTESIANPOINT((-1.77475,0.278675,0.9962)) ;
#727=IFCCARTESIANPOINT((-1.77095,0.278675,0.9962)) ;
#730=IFCCARTESIANPOINT((-1.77095,0.278675,1.)) ;
#735=IFCCARTESIANPOINT((-1.77095,0.278675,0.9962)) ;
#747=IFCCARTESIANPOINT((-1.77095,0.278675,1.)) ;
#752=IFCCARTESIANPOINT((-1.77095,0.274875,0.9962)) ;
#755=IFCCARTESIANPOINT((-1.77095,0.274875,0.0438)) ;
#760=IFCCARTESIANPOINT((-1.77095,0.278675,0.0438)) ;
#763=IFCCARTESIANPOINT((-1.77475,0.278675,0.0438)) ;
#767=IFCCARTESIANPOINT((-1.77475,0.278675,0.9962)) ;
#780=IFCCARTESIANPOINT((-1.77095,0.278675,0.0438)) ;
#786=IFCCARTESIANPOINT((-1.77095,0.278675,0.0438)) ;
#789=IFCCARTESIANPOINT((-1.77095,0.278675,0.04)) ;
#794=IFCCARTESIANPOINT((-1.77095,0.278675,0.0438)) ;
#806=IFCCARTESIANPOINT((-1.170825,0.57095,0.9962)) ;
#812=IFCCARTESIANPOINT((-1.170825,0.57095,0.9962)) ;
#815=IFCCARTESIANPOINT((-1.174625,0.57095,0.9962)) ;
#820=IFCCARTESIANPOINT((-1.170825,0.57095,0.9962)) ;
#823=IFCCARTESIANPOINT((-1.170825,0.57095,1.)) ;
#828=IFCCARTESIANPOINT((-1.170825,0.57095,0.9962)) ;
#840=IFCCARTESIANPOINT((-1.170825,0.57095,0.0438)) ;
#845=IFCCARTESIANPOINT((-1.174625,0.57095,0.0438)) ;
#848=IFCCARTESIANPOINT((-1.174625,0.57095,0.0438)) ;
#853=IFCCARTESIANPOINT((-1.170825,0.57095,0.0438)) ;
#866=IFCCARTESIANPOINT((-1.170825,0.57095,0.0438)) ;
#872=IFCCARTESIANPOINT((-1.170825,0.57095,0.0438)) ;
#875=IFCCARTESIANPOINT((-1.170825,0.57095,0.04)) ;
#880=IFCCARTESIANPOINT((-1.170825,0.57095,0.0438)) ;
#892=IFCCARTESIANPOINT((-1.178675,0.57095,0.9962)) ;
#898=IFCCARTESIANPOINT((-1.178675,0.57095,0.9962)) ;
#901=IFCCARTESIANPOINT((-1.178675,0.57475,0.9962)) ;
#903=IFCCARTESIANPOINT((-1.174875,0.57095,0.9962)) ;
#908=IFCCARTESIANPOINT((-1.178675,0.57095,0.9962)) ;
#911=IFCCARTESIANPOINT((-1.178675,0.57095,1.)) ;
#916=IFCCARTESIANPOINT((-1.178675,0.57095,0.9962)) ;
#928=IFCCARTESIANPOINT((-1.178675,0.57095,0.0438)) ;
#933=IFCCARTESIANPOINT((-1.174875,0.57095,0.9962)) ;
#936=IFCCARTESIANPOINT((-1.174875,0.57095,0.0438)) ;
#940=IFCCARTESIANPOINT((-1.178675,0.57475,0.9962)) ;
#943=IFCCARTESIANPOINT((-1.178675,0.57475,0.0438)) ;
#948=IFCCARTESIANPOINT((-1.178675,0.57095,0.0438)) ;
#961=IFCCARTESIANPOINT((-1.178675,0.57095,0.0438)) ;
#967=IFCCARTESIANPOINT((-1.178675,0.57095,0.0438)) ;
#970=IFCCARTESIANPOINT((-1.178675,0.57095,0.04)) ;
#975=IFCCARTESIANPOINT((-1.178675,0.57095,0.0438)) ;
#987=IFCCARTESIANPOINT((-0.570825,0.57095,0.9962)) ;
#993=IFCCARTESIANPOINT((-0.570825,0.57095,0.9962)) ;
#996=IFCCARTESIANPOINT((-0.574625,0.57095,0.9962)) ;
#998=IFCCARTESIANPOINT((-0.570825,0.57475,0.9962)) ;
#1003=IFCCARTESIANPOINT((-0.570825,0.57095,0.9962)) ;
#1006=IFCCARTESIANPOINT((-0.570825,0.57095,1.)) ;
#1011=IFCCARTESIANPOINT((-0.570825,0.57095,0.9962)) ;
#1023=IFCCARTESIANPOINT((-0.570825,0.57095,0.0438)) ;
#1028=IFCCARTESIANPOINT((-0.574625,0.57095,0.0438)) ;
#1031=IFCCARTESIANPOINT((-0.574625,0.57095,0.0438)) ;
#1036=IFCCARTESIANPOINT((-0.570825,0.57095,0.0438)) ;
#1039=IFCCARTESIANPOINT((-0.570825,0.57475,0.0438)) ;
#1043=IFCCARTESIANPOINT((-0.570825,0.57475,0.0438)) ;
#1056=IFCCARTESIANPOINT((-0.570825,0.57095,0.0438)) ;
#1062=IFCCARTESIANPOINT((-0.570825,0.57095,0.0438)) ;
#1065=IFCCARTESIANPOINT((-0.570825,0.57095,0.04)) ;
#1070=IFCCARTESIANPOINT((-0.570825,0.57095,0.0438)) ;
#1082=IFCCARTESIANPOINT((-0.578675,0.57095,0.9962)) ;
#1088=IFCCARTESIANPOINT((-0.578675,0.57095,0.9962)) ;
#1091=IFCCARTESIANPOINT((-0.574875,0.57095,0.9962)) ;
#1096=IFCCARTESIANPOINT((-0.578675,0.57095,0.9962)) ;
#1099=IFCCARTESIANPOINT((-0.578675,0.57095,1.)) ;
#1104=IFCCARTESIANPOINT((-0.578675,0.57095,0.9962)) ;
#1116=IFCCARTESIANPOINT((-0.578675,0.57095,0.0438)) ;
#1121=IFCCARTESIANPOINT((-0.574875,0.57095,0.9962)) ;
#1124=IFCCARTESIANPOINT((-0.574875,0.57095,0.0438)) ;
#1129=IFCCARTESIANPOINT((-0.578675,0.57095,0.0438)) ;
#1142=IFCCARTESIANPOINT((-0.578675,0.57095,0.0438)) ;
#1148=IFCCARTESIANPOINT((-0.578675,0.57095,0.0438)) ;
#1151=IFCCARTESIANPOINT((-0.578675,0.57095,0.04)) ;
#1156=IFCCARTESIANPOINT((-0.578675,0.57095,0.0438)) ;
#1168=IFCCARTESIANPOINT((-1.170825,-0.02145,0.9962)) ;
#1174=IFCCARTESIANPOINT((-1.170825,-0.02145,0.9962)) ;
#1177=IFCCARTESIANPOINT((-1.170825,-0.02525,0.9962)) ;
#1179=IFCCARTESIANPOINT((-1.174625,-0.02145,0.9962)) ;
#1184=IFCCARTESIANPOINT((-1.170825,-0.02145,0.9962)) ;
#1187=IFCCARTESIANPOINT((-1.170825,-0.02145,1.)) ;
#1192=IFCCARTESIANPOINT((-1.170825,-0.02145,0.9962)) ;
#1204=IFCCARTESIANPOINT((-1.170825,-0.02145,1.)) ;
#1209=IFCCARTESIANPOINT((-1.170825,-0.02525,0.0438)) ;
#1212=IFCCARTESIANPOINT((-1.170825,-0.02525,0.0438)) ;
#1217=IFCCARTESIANPOINT((-1.170825,-0.02145,0.0438)) ;
#1220=IFCCARTESIANPOINT((-1.174625,-0.02145,0.0438)) ;
#1224=IFCCARTESIANPOINT((-1.174625,-0.02145,0.0438)) ;
#1237=IFCCARTESIANPOINT((-1.170825,-0.02145,0.0438)) ;
#1243=IFCCARTESIANPOINT((-1.170825,-0.02145,0.0438)) ;
#1249=IFCCARTESIANPOINT((-1.170825,-0.02145,0.0438)) ;
#1261=IFCCARTESIANPOINT((-1.178675,-0.02145,0.9962)) ;
#1267=IFCCARTESIANPOINT((-1.178675,-0.02145,0.9962)) ;
#1270=IFCCARTESIANPOINT((-1.174875,-0.02145,0.9962)) ;
#1272=IFCCARTESIANPOINT((-1.178675,-0.02525,0.9962)) ;
#1277=IFCCARTESIANPOINT((-1.178675,-0.02145,0.9962)) ;
#1280=IFCCARTESIANPOINT((-1.178675,-0.02145,1.)) ;
#1285=IFCCARTESIANPOINT((-1.178675,-0.02145,0.9962)) ;
#1297=IFCCARTESIANPOINT((-1.178675,-0.02145,1.)) ;
#1302=IFCCARTESIANPOINT((-1.174875,-0.02145,0.9962)) ;
#1305=IFCCARTESIANPOINT((-1.174875,-0.02145,0.0438)) ;
#1310=IFCCARTESIANPOINT((-1.178675,-0.02145,0.0438)) ;
#1313=IFCCARTESIANPOINT((-1.178675,-0.02525,0.0438)) ;
#1317=IFCCARTESIANPOINT((-1.178675,-0.02525,0.9962)) ;
#1330=IFCCARTESIANPOINT((-1.178675,-0.02145,0.0438)) ;
#1336=IFCCARTESIANPOINT((-1.178675,-0.02145,0.0438)) ;
#1342=IFCCARTESIANPOINT((-1.178675,-0.02145,0.0438)) ;
#1354=IFCCARTESIANPOINT((-0.570825,-0.02145,0.9962)) ;
#1360=IFCCARTESIANPOINT((-0.570825,-0.02145,0.9962)) ;
#1363=IFCCARTESIANPOINT((-0.570825,-0.02525,0.9962)) ;
#1365=IFCCARTESIANPOINT((-0.574625,-0.02145,0.9962)) ;
#1370=IFCCARTESIANPOINT((-0.570825,-0.02145,0.9962)) ;
#1373=IFCCARTESIANPOINT((-0.570825,-0.02145,1.)) ;
#1378=IFCCARTESIANPOINT((-0.570825,-0.02145,0.9962)) ;
#1390=IFCCARTESIANPOINT((-0.570825,-0.02145,0.04)) ;
#1395=IFCCARTESIANPOINT((-0.570825,-0.02525,0.0438)) ;
#1398=IFCCARTESIANPOINT((-0.570825,-0.02525,0.0438)) ;
#1403=IFCCARTESIANPOINT((-0.570825,-0.02145,0.0438)) ;
#1406=IFCCARTESIANPOINT((-0.574625,-0.02145,0.0438)) ;
#1410=IFCCARTESIANPOINT((-0.574625,-0.02145,0.0438)) ;
#1423=IFCCARTESIANPOINT((-0.570825,-0.02145,0.0438)) ;
#1429=IFCCARTESIANPOINT((-0.570825,-0.02145,0.0438)) ;
#1435=IFCCARTESIANPOINT((-0.570825,-0.02145,0.0438)) ;
#1447=IFCCARTESIANPOINT((-0.578675,-0.02145,0.9962)) ;
#1453=IFCCARTESIANPOINT((-0.578675,-0.02145,0.9962)) ;
#1456=IFCCARTESIANPOINT((-0.574875,-0.02145,0.9962)) ;
#1458=IFCCARTESIANPOINT((-0.578675,-0.02525,0.9962)) ;
#1463=IFCCARTESIANPOINT((-0.578675,-0.02145,0.9962)) ;
#1466=IFCCARTESIANPOINT((-0.578675,-0.02145,1.)) ;
#1471=IFCCARTESIANPOINT((-0.578675,-0.02145,0.9962)) ;
#1483=IFCCARTESIANPOINT((-0.578675,-0.02145,0.04)) ;
#1488=IFCCARTESIANPOINT((-0.574875,-0.02145,0.9962)) ;
#1491=IFCCARTESIANPOINT((-0.574875,-0.02145,0.0438)) ;
#1496=IFCCARTESIANPOINT((-0.578675,-0.02145,0.0438)) ;
#1499=IFCCARTESIANPOINT((-0.578675,-0.02525,0.0438)) ;
#1503=IFCCARTESIANPOINT((-0.578675,-0.02525,0.9962)) ;
#1516=IFCCARTESIANPOINT((-0.578675,-0.02145,0.0438)) ;
#1522=IFCCARTESIANPOINT((-0.578675,-0.02145,0.0438)) ;
#1528=IFCCARTESIANPOINT((-0.578675,-0.02145,0.0438)) ;
#1540=IFCCARTESIANPOINT((-1.7495,-1.66533453694E-16,0.035)) ;
#1546=IFCCARTESIANPOINT((-1.7495,-1.11022302463E-16,0.035)) ;
#1549=IFCCARTESIANPOINT((-1.7495,-0.005,0.035)) ;
#1551=IFCCARTESIANPOINT((-1.7545,-1.11022302463E-16,0.035)) ;
#1556=IFCCARTESIANPOINT((-1.7495,-1.66533453694E-16,0.035)) ;
#1562=IFCCARTESIANPOINT((-1.7495,-1.66533453694E-16,0.035)) ;
#1574=IFCCARTESIANPOINT((-1.7495,-1.11022302463E-16,0.035)) ;
#1579=IFCCARTESIANPOINT((-1.7495,-0.005,0.005)) ;
#1582=IFCCARTESIANPOINT((-1.7495,-0.005,0.005)) ;
#1587=IFCCARTESIANPOINT((-1.7495,-1.11022302463E-16,0.005)) ;
#1590=IFCCARTESIANPOINT((-1.7545,-1.11022302463E-16,0.005)) ;
#1594=IFCCARTESIANPOINT((-1.7545,-1.11022302463E-16,0.005)) ;
#1607=IFCCARTESIANPOINT((-1.7495,-1.11022302463E-16,0.005)) ;
#1613=IFCCARTESIANPOINT((-1.7495,-1.11022302463E-16,0.005)) ;
#1616=IFCCARTESIANPOINT((-1.7495,-1.11022302463E-16,-6.93889390391E-18)) ;
#1621=IFCCARTESIANPOINT((-1.7495,-1.11022302463E-16,0.005)) ;
#1633=IFCCARTESIANPOINT((0.,-2.22044604925E-16,0.005)) ;
#1639=IFCCARTESIANPOINT((0.,-2.22044604925E-16,0.005)) ;
#1642=IFCCARTESIANPOINT((0.,-0.005,0.005)) ;
#1644=IFCCARTESIANPOINT((0.005,-2.22044604925E-16,0.005)) ;
#1649=IFCCARTESIANPOINT((0.,-2.22044604925E-16,0.005)) ;
#1652=IFCCARTESIANPOINT((0.,0.,0.)) ;
#1657=IFCCARTESIANPOINT((0.,-2.22044604925E-16,0.005)) ;
#1669=IFCCARTESIANPOINT((0.,-2.22044604925E-16,0.035)) ;
#1674=IFCCARTESIANPOINT((0.,-0.005,0.035)) ;
#1677=IFCCARTESIANPOINT((0.,-0.005,0.035)) ;
#1682=IFCCARTESIANPOINT((0.,-2.22044604925E-16,0.035)) ;
#1685=IFCCARTESIANPOINT((0.005,-2.22044604925E-16,0.035)) ;
#1689=IFCCARTESIANPOINT((0.005,-2.22044604925E-16,0.035)) ;
#1702=IFCCARTESIANPOINT((0.,-2.77555756156E-16,0.035)) ;
#1708=IFCCARTESIANPOINT((0.,-2.77555756156E-16,0.035)) ;
#1714=IFCCARTESIANPOINT((0.,-2.77555756156E-16,0.035)) ;
#1726=IFCCARTESIANPOINT((-1.7495,0.5495,0.035)) ;
#1732=IFCCARTESIANPOINT((-1.7495,0.5495,0.035)) ;
#1735=IFCCARTESIANPOINT((-1.7545,0.5495,0.035)) ;
#1737=IFCCARTESIANPOINT((-1.7495,0.5545,0.035)) ;
#1742=IFCCARTESIANPOINT((-1.7495,0.5495,0.035)) ;
#1745=IFCCARTESIANPOINT((-1.7495,0.5495,0.04)) ;
#1750=IFCCARTESIANPOINT((-1.7495,0.5495,0.035)) ;
#1762=IFCCARTESIANPOINT((-1.7495,0.5495,0.035)) ;
#1767=IFCCARTESIANPOINT((-1.7545,0.5495,0.005)) ;
#1770=IFCCARTESIANPOINT((-1.7545,0.5495,0.005)) ;
#1775=IFCCARTESIANPOINT((-1.7495,0.5495,0.005)) ;
#1778=IFCCARTESIANPOINT((-1.7495,0.5545,0.005)) ;
#1782=IFCCARTESIANPOINT((-1.7495,0.5545,0.005)) ;
#1795=IFCCARTESIANPOINT((-1.7495,0.5495,0.005)) ;
#1801=IFCCARTESIANPOINT((-1.7495,0.5495,0.005)) ;
#1804=IFCCARTESIANPOINT((-1.7495,0.5495,1.00613961607E-15)) ;
#1809=IFCCARTESIANPOINT((-1.7495,0.5495,0.005)) ;
#1821=IFCCARTESIANPOINT((0.,0.5495,0.005)) ;
#1827=IFCCARTESIANPOINT((0.,0.5495,0.005)) ;
#1830=IFCCARTESIANPOINT((0.005,0.5495,0.005)) ;
#1832=IFCCARTESIANPOINT((0.,0.5545,0.005)) ;
#1837=IFCCARTESIANPOINT((0.,0.5495,0.005)) ;
#1840=IFCCARTESIANPOINT((0.,0.5495,1.01307850997E-15)) ;
#1845=IFCCARTESIANPOINT((0.,0.5495,0.005)) ;
#1857=IFCCARTESIANPOINT((0.,0.5495,0.035)) ;
#1862=IFCCARTESIANPOINT((0.005,0.5495,0.035)) ;
#1865=IFCCARTESIANPOINT((0.005,0.5495,0.035)) ;
#1870=IFCCARTESIANPOINT((0.,0.5495,0.035)) ;
#1873=IFCCARTESIANPOINT((0.,0.5545,0.035)) ;
#1877=IFCCARTESIANPOINT((0.,0.5545,0.035)) ;
#1890=IFCCARTESIANPOINT((0.,0.5495,0.035)) ;
#1896=IFCCARTESIANPOINT((0.,0.5495,0.035)) ;
#1899=IFCCARTESIANPOINT((0.,0.5495,0.04)) ;
#1904=IFCCARTESIANPOINT((0.,0.5495,0.035)) ;
#1916=IFCCARTESIANPOINT((0.02145,-0.02145,0.0438)) ;
#1922=IFCCARTESIANPOINT((0.02145,-0.02145,0.0438)) ;
#1925=IFCCARTESIANPOINT((0.02145,-0.02525,0.0438)) ;
#1930=IFCCARTESIANPOINT((0.02145,-0.02145,0.0438)) ;
#1942=IFCCARTESIANPOINT((0.02145,-0.02145,0.0438)) ;
#1947=IFCCARTESIANPOINT((0.02145,-0.02525,0.9962)) ;
#1950=IFCCARTESIANPOINT((0.02145,-0.02525,0.9962)) ;
#1955=IFCCARTESIANPOINT((0.02145,-0.02145,0.9962)) ;
#1960=IFCCARTESIANPOINT((0.02525,-0.02145,0.9962)) ;
#1973=IFCCARTESIANPOINT((0.02145,-0.02145,0.9962)) ;
#1979=IFCCARTESIANPOINT((0.02145,-0.02145,0.9962)) ;
#1991=IFCCARTESIANPOINT((-1.77095,-0.02145,0.0438)) ;
#1997=IFCCARTESIANPOINT((-1.77095,-0.02145,0.0438)) ;
#2000=IFCCARTESIANPOINT((-1.77475,-0.02145,0.0438)) ;
#2002=IFCCARTESIANPOINT((-1.77095,-0.02525,0.0438)) ;
#2007=IFCCARTESIANPOINT((-1.77095,-0.02145,0.0438)) ;
#2013=IFCCARTESIANPOINT((-1.77095,-0.02145,0.0438)) ;
#2025=IFCCARTESIANPOINT((-1.77095,-0.02145,0.0438)) ;
#2030=IFCCARTESIANPOINT((-1.77475,-0.02145,0.9962)) ;
#2033=IFCCARTESIANPOINT((-1.77475,-0.02145,0.9962)) ;
#2038=IFCCARTESIANPOINT((-1.77095,-0.02145,0.9962)) ;
#2041=IFCCARTESIANPOINT((-1.77095,-0.02525,0.9962)) ;
#2045=IFCCARTESIANPOINT((-1.77095,-0.02525,0.9962)) ;
#2058=IFCCARTESIANPOINT((-1.77095,-0.02145,0.9962)) ;
#2064=IFCCARTESIANPOINT((-1.77095,-0.02145,0.9962)) ;
#2067=IFCCARTESIANPOINT((-1.77095,-0.02145,1.)) ;
#2072=IFCCARTESIANPOINT((-1.77095,-0.02145,0.9962)) ;
#2084=IFCCARTESIANPOINT((-1.77095,0.57095,0.0438)) ;
#2090=IFCCARTESIANPOINT((-1.77095,0.57095,0.0438)) ;
#2093=IFCCARTESIANPOINT((-1.77095,0.57475,0.0438)) ;
#2095=IFCCARTESIANPOINT((-1.77475,0.57095,0.0438)) ;
#2100=IFCCARTESIANPOINT((-1.77095,0.57095,0.0438)) ;
#2103=IFCCARTESIANPOINT((-1.77095,0.57095,0.04)) ;
#2108=IFCCARTESIANPOINT((-1.77095,0.57095,0.0438)) ;
#2120=IFCCARTESIANPOINT((-1.77095,0.57095,0.0438)) ;
#2125=IFCCARTESIANPOINT((-1.77095,0.57475,0.9962)) ;
#2128=IFCCARTESIANPOINT((-1.77095,0.57475,0.9962)) ;
#2133=IFCCARTESIANPOINT((-1.77095,0.57095,0.9962)) ;
#2136=IFCCARTESIANPOINT((-1.77475,0.57095,0.9962)) ;
#2140=IFCCARTESIANPOINT((-1.77475,0.57095,0.9962)) ;
#2153=IFCCARTESIANPOINT((-1.77095,0.57095,0.9962)) ;
#2159=IFCCARTESIANPOINT((-1.77095,0.57095,0.9962)) ;
#2162=IFCCARTESIANPOINT((-1.77095,0.57095,1.)) ;
#2167=IFCCARTESIANPOINT((-1.77095,0.57095,0.9962)) ;
#2179=IFCCARTESIANPOINT((0.02145,0.57095,0.0438)) ;
#2185=IFCCARTESIANPOINT((0.02145,0.57095,0.0438)) ;
#2188=IFCCARTESIANPOINT((0.02145,0.57475,0.0438)) ;
#2193=IFCCARTESIANPOINT((0.02145,0.57095,0.0438)) ;
#2205=IFCCARTESIANPOINT((0.02145,0.57095,0.0438)) ;
#2211=IFCCARTESIANPOINT((0.02145,0.57095,0.9962)) ;
#2214=IFCCARTESIANPOINT((0.02145,0.57475,0.9962)) ;
#2218=IFCCARTESIANPOINT((0.02145,0.57475,0.9962)) ;
#2231=IFCCARTESIANPOINT((0.02145,0.57095,0.9962)) ;
#2237=IFCCARTESIANPOINT((0.02145,0.57095,0.9962)) ;
#2240=IFCCARTESIANPOINT((0.02145,0.57095,1.)) ;
#2245=IFCCARTESIANPOINT((0.02145,0.57095,0.9962)) ;
#2258=IFCCARTESIANPOINT((-0.02075,-0.02525,0.9942)) ;
#2262=IFCCARTESIANPOINT((-0.02075,0.02075,0.9942)) ;
#2265=IFCCARTESIANPOINT((-0.02075,0.02075,0.9942)) ;
#2267=IFCCARTESIANPOINT((-0.02075,0.52875,0.9942)) ;
#2271=IFCCARTESIANPOINT((-0.02075,0.52875,0.975)) ;
#2276=IFCCARTESIANPOINT((-0.02075,0.02075,0.975)) ;
#2290=IFCCARTESIANPOINT((0.02145,-0.02525,1.)) ;
#2294=IFCCARTESIANPOINT((-0.02095,0.02095,1.)) ;
#2297=IFCCARTESIANPOINT((-0.02095,0.02095,1.)) ;
#2299=IFCCARTESIANPOINT((-0.02095,0.52855,1.)) ;
#2303=IFCCARTESIANPOINT((0.02145,0.57095,1.)) ;
#2308=IFCCARTESIANPOINT((0.02145,0.278675,1.)) ;
#2311=IFCCARTESIANPOINT((0.02145,0.278675,1.)) ;
#2315=IFCCARTESIANPOINT((0.02145,0.270825,1.)) ;
#2320=IFCCARTESIANPOINT((0.02145,-0.02145,1.)) ;
#2335=IFCCARTESIANPOINT((-0.02095,-0.02525,0.9962)) ;
#2341=IFCCARTESIANPOINT((-0.02095,0.52855,0.9962)) ;
#2347=IFCCARTESIANPOINT((-0.02095,0.02095,0.9962)) ;
#2361=IFCCARTESIANPOINT((-1.72475,-0.02145,0.04)) ;
#2365=IFCCARTESIANPOINT((-0.578675,-0.02145,1.)) ;
#2383=IFCCARTESIANPOINT((-1.72475,-0.02145,0.04)) ;
#2387=IFCCARTESIANPOINT((-1.178675,-0.02145,1.)) ;
#2405=IFCCARTESIANPOINT((-1.77095,0.27475,0.04)) ;
#2409=IFCCARTESIANPOINT((-1.77095,0.278675,0.04)) ;
#2414=IFCCARTESIANPOINT((-1.77095,0.278675,1.)) ;
#2432=IFCCARTESIANPOINT((-1.72475,0.27475,0.003)) ;
#2436=IFCCARTESIANPOINT((-1.71395,0.51395,0.003)) ;
#2439=IFCCARTESIANPOINT((-1.71395,0.51395,0.003)) ;
#2441=IFCCARTESIANPOINT((-0.03555,0.51395,0.003)) ;
#2445=IFCCARTESIANPOINT((-0.03555,0.51395,0.003)) ;
#2448=IFCCARTESIANPOINT((-0.03555,0.03555,0.003)) ;
#2452=IFCCARTESIANPOINT((-0.03555,0.03555,0.003)) ;
#2455=IFCCARTESIANPOINT((-1.71395,0.03555,0.003)) ;
#2459=IFCCARTESIANPOINT((-1.71395,0.03555,0.003)) ;
#2472=IFCCARTESIANPOINT((0.,-0.009075,0.005)) ;
#2477=IFCCARTESIANPOINT((0.005,-2.22044604925E-16,0.005)) ;
#2482=IFCCARTESIANPOINT((0.,0.,0.)) ;
#2496=IFCCARTESIANPOINT((0.005,-0.009075,0.035)) ;
#2500=IFCCARTESIANPOINT((0.005,-2.22044604925E-16,0.035)) ;
#2513=IFCCARTESIANPOINT((0.,-0.009075,0.035)) ;
#2518=IFCCARTESIANPOINT((0.,-1.66533453694E-16,0.04)) ;
#2532=IFCCARTESIANPOINT((-0.025,-0.009075,0.04)) ;
#2536=IFCCARTESIANPOINT((-0.025,0.025,0.04)) ;
#2539=IFCCARTESIANPOINT((-0.025,0.025,0.04)) ;
#2541=IFCCARTESIANPOINT((-0.025,0.5245,0.04)) ;
#2545=IFCCARTESIANPOINT((-0.025,0.5245,0.04)) ;
#2548=IFCCARTESIANPOINT((-0.02095,0.52855,0.04)) ;
#2552=IFCCARTESIANPOINT((-0.02095,0.02095,0.04)) ;
#2555=IFCCARTESIANPOINT((-0.02095,0.02095,0.04)) ;
#2559=IFCCARTESIANPOINT((-0.025,0.025,0.04)) ;
#2573=IFCCARTESIANPOINT((-0.025,-0.009075,0.037)) ;
#2577=IFCCARTESIANPOINT((-0.025,0.5245,0.037)) ;
#2580=IFCCARTESIANPOINT((-0.025,0.5245,0.037)) ;
#2584=IFCCARTESIANPOINT((-0.025,0.025,0.037)) ;
#2587=IFCCARTESIANPOINT((-0.025,0.025,0.037)) ;
#2591=IFCCARTESIANPOINT((-0.025,0.025,0.037)) ;
#2605=IFCCARTESIANPOINT((0.,-0.009075,0.037)) ;
#2609=IFCCARTESIANPOINT((0.,0.5495,0.037)) ;
#2612=IFCCARTESIANPOINT((0.,0.5495,0.037)) ;
#2616=IFCCARTESIANPOINT((0.,-5.55111512313E-17,0.037)) ;
#2619=IFCCARTESIANPOINT((0.,-5.55111512313E-17,0.037)) ;
#2623=IFCCARTESIANPOINT((0.,-5.55111512313E-17,0.037)) ;
#2636=IFCCARTESIANPOINT((0.,-0.009075,0.035)) ;
#2642=IFCCARTESIANPOINT((0.,0.5495,0.035)) ;
#2645=IFCCARTESIANPOINT((0.002,0.5515,0.035)) ;
#2650=IFCCARTESIANPOINT((2.22044604925E-16,-2.22044604925E-16,0.035)) ;
#2653=IFCCARTESIANPOINT((0.002,-0.002,0.035)) ;
#2657=IFCCARTESIANPOINT((0.002,-0.002,0.035)) ;
#2671=IFCCARTESIANPOINT((0.002,-0.009075,0.005)) ;
#2675=IFCCARTESIANPOINT((0.002,0.5515,0.005)) ;
#2678=IFCCARTESIANPOINT((0.002,0.5515,0.005)) ;
#2682=IFCCARTESIANPOINT((0.002,-0.002,0.005)) ;
#2685=IFCCARTESIANPOINT((0.002,-0.002,0.005)) ;
#2689=IFCCARTESIANPOINT((0.002,-0.002,0.005)) ;
#2702=IFCCARTESIANPOINT((0.,-0.009075,0.005)) ;
#2708=IFCCARTESIANPOINT((0.,0.5495,0.005)) ;
#2711=IFCCARTESIANPOINT((0.,0.5495,0.003)) ;
#2716=IFCCARTESIANPOINT((2.22044604925E-16,-1.66533453694E-16,0.005)) ;
#2719=IFCCARTESIANPOINT((0.,-5.55111512313E-17,0.003)) ;
#2723=IFCCARTESIANPOINT((0.,-5.55111512313E-17,0.003)) ;
#2737=IFCCARTESIANPOINT((-0.03475,-0.009075,0.003)) ;
#2741=IFCCARTESIANPOINT((-0.03475,0.51475,0.003)) ;
#2744=IFCCARTESIANPOINT((-0.03475,0.51475,0.003)) ;
#2748=IFCCARTESIANPOINT((-0.03475,0.03475,0.003)) ;
#2751=IFCCARTESIANPOINT((-0.03475,0.03475,0.003)) ;
#2755=IFCCARTESIANPOINT((-0.03475,0.03475,0.003)) ;
#2769=IFCCARTESIANPOINT((-1.71395,0.03555,-1.04083408559E-16)) ;
#2773=IFCCARTESIANPOINT((-1.71395,0.03555,0.003)) ;
#2778=IFCCARTESIANPOINT((-1.71395,0.51395,0.003)) ;
#2792=IFCCARTESIANPOINT((-1.71395,0.51395,7.84095011142E-16)) ;
#2796=IFCCARTESIANPOINT((-0.03555,0.51395,0.003)) ;
#2810=IFCCARTESIANPOINT((-0.03555,0.03555,-1.04083408559E-16)) ;
#2814=IFCCARTESIANPOINT((-0.03555,0.03555,0.003)) ;
#2828=IFCCARTESIANPOINT((-1.71395,0.03555,-1.04083408559E-16)) ;
#2841=IFCCARTESIANPOINT((-1.71475,0.51475,7.84095011142E-16)) ;
#2845=IFCCARTESIANPOINT((-1.71475,0.51475,0.003)) ;
#2848=IFCCARTESIANPOINT((-1.71475,0.51475,0.003)) ;
#2852=IFCCARTESIANPOINT((-1.71475,0.51475,0.003)) ;
#2857=IFCCARTESIANPOINT((-0.03475,0.51475,0.003)) ;
#2871=IFCCARTESIANPOINT((-0.03475,0.03475,-1.04083408559E-16)) ;
#2875=IFCCARTESIANPOINT((-0.03475,0.03475,0.003)) ;
#2889=IFCCARTESIANPOINT((-1.71475,0.03475,-1.04083408559E-16)) ;
#2893=IFCCARTESIANPOINT((-1.71475,0.03475,0.003)) ;
#2896=IFCCARTESIANPOINT((-1.71475,0.03475,0.003)) ;
#2900=IFCCARTESIANPOINT((-0.03475,0.03475,0.003)) ;
#2914=IFCCARTESIANPOINT((-1.71475,0.03475,-1.04083408559E-16)) ;
#2918=IFCCARTESIANPOINT((-1.71475,0.03475,0.003)) ;
#2932=IFCCARTESIANPOINT((-0.87475,0.025,0.037)) ;
#2936=IFCCARTESIANPOINT((-1.7245,0.025,0.04)) ;
#2939=IFCCARTESIANPOINT((-1.7245,0.025,0.04)) ;
#2941=IFCCARTESIANPOINT((-1.7245,0.025,0.037)) ;
#2945=IFCCARTESIANPOINT((-0.025,0.025,0.037)) ;
#2950=IFCCARTESIANPOINT((-0.025,0.025,0.04)) ;
#2964=IFCCARTESIANPOINT((-0.87475,0.025,0.04)) ;
#2968=IFCCARTESIANPOINT((-1.72855,0.02095,0.04)) ;
#2971=IFCCARTESIANPOINT((-1.72855,0.02095,0.04)) ;
#2975=IFCCARTESIANPOINT((-1.72855,0.02095,0.04)) ;
#2988=IFCCARTESIANPOINT((-0.87475,-2.22044604925E-16,0.035)) ;
#2993=IFCCARTESIANPOINT((0.,-0.005,0.035)) ;
#3007=IFCCARTESIANPOINT((-0.87475,-0.005,0.035)) ;
#3011=IFCCARTESIANPOINT((0.,-0.005,0.005)) ;
#3024=IFCCARTESIANPOINT((-0.87475,-1.66533453694E-16,0.005)) ;
#3029=IFCCARTESIANPOINT((0.,0.,0.)) ;
#3043=IFCCARTESIANPOINT((-0.87475,0.03475,0.003)) ;
#3047=IFCCARTESIANPOINT((-1.7495,-1.11022302463E-16,0.003)) ;
#3050=IFCCARTESIANPOINT((-1.7495,-1.11022302463E-16,0.003)) ;
#3054=IFCCARTESIANPOINT((0.,-5.55111512313E-17,0.003)) ;
#3067=IFCCARTESIANPOINT((-0.87475,-1.66533453694E-16,0.005)) ;
#3073=IFCCARTESIANPOINT((-1.7495,-1.11022302463E-16,0.005)) ;
#3076=IFCCARTESIANPOINT((-1.7515,-0.002,0.005)) ;
#3080=IFCCARTESIANPOINT((0.002,-0.002,0.005)) ;
#3094=IFCCARTESIANPOINT((-0.87475,-0.002,0.005)) ;
#3098=IFCCARTESIANPOINT((-1.7515,-0.002,0.035)) ;
#3101=IFCCARTESIANPOINT((-1.7515,-0.002,0.035)) ;
#3105=IFCCARTESIANPOINT((0.002,-0.002,0.035)) ;
#3118=IFCCARTESIANPOINT((-0.87475,-2.22044604925E-16,0.035)) ;
#3124=IFCCARTESIANPOINT((-1.7495,-1.66533453694E-16,0.035)) ;
#3127=IFCCARTESIANPOINT((-1.7495,-1.66533453694E-16,0.037)) ;
#3131=IFCCARTESIANPOINT((0.,-5.55111512313E-17,0.037)) ;
#3145=IFCCARTESIANPOINT((-0.87475,-2.22044604925E-16,0.037)) ;
#3149=IFCCARTESIANPOINT((-1.7245,0.025,0.037)) ;
#3163=IFCCARTESIANPOINT((-1.7245,-0.009075,0.037)) ;
#3167=IFCCARTESIANPOINT((-1.7245,0.5245,0.04)) ;
#3170=IFCCARTESIANPOINT((-1.7245,0.5245,0.04)) ;
#3172=IFCCARTESIANPOINT((-1.7245,0.5245,0.037)) ;
#3176=IFCCARTESIANPOINT((-1.7245,0.025,0.037)) ;
#3181=IFCCARTESIANPOINT((-1.7245,0.025,0.04)) ;
#3195=IFCCARTESIANPOINT((-1.7245,-0.009075,0.04)) ;
#3199=IFCCARTESIANPOINT((-1.72855,0.52855,0.04)) ;
#3202=IFCCARTESIANPOINT((-1.72855,0.52855,0.04)) ;
#3206=IFCCARTESIANPOINT((-1.72855,0.52855,0.04)) ;
#3219=IFCCARTESIANPOINT((-1.7495,-0.009075,0.035)) ;
#3224=IFCCARTESIANPOINT((-1.7545,-1.11022302463E-16,0.035)) ;
#3229=IFCCARTESIANPOINT((-1.7495,-1.66533453694E-16,0.04)) ;
#3243=IFCCARTESIANPOINT((-1.7545,-0.009075,0.035)) ;
#3247=IFCCARTESIANPOINT((-1.7545,-1.11022302463E-16,0.005)) ;
#3260=IFCCARTESIANPOINT((-1.7495,-0.009075,0.005)) ;
#3265=IFCCARTESIANPOINT((-1.7495,-1.11022302463E-16,-6.93889390391E-18)) ;
#3279=IFCCARTESIANPOINT((-1.71475,-0.009075,0.003)) ;
#3283=IFCCARTESIANPOINT((-1.7495,0.5495,0.003)) ;
#3286=IFCCARTESIANPOINT((-1.7495,0.5495,0.003)) ;
#3290=IFCCARTESIANPOINT((-1.7495,-1.11022302463E-16,0.003)) ;
#3303=IFCCARTESIANPOINT((-1.7495,-0.009075,0.005)) ;
#3309=IFCCARTESIANPOINT((-1.7495,0.5495,0.005)) ;
#3312=IFCCARTESIANPOINT((-1.7515,0.5515,0.005)) ;
#3316=IFCCARTESIANPOINT((-1.7515,-0.002,0.005)) ;
#3330=IFCCARTESIANPOINT((-1.7515,-0.009075,0.005)) ;
#3334=IFCCARTESIANPOINT((-1.7515,0.5515,0.035)) ;
#3337=IFCCARTESIANPOINT((-1.7515,0.5515,0.035)) ;
#3341=IFCCARTESIANPOINT((-1.7515,-0.002,0.035)) ;
#3354=IFCCARTESIANPOINT((-1.7495,-0.009075,0.035)) ;
#3360=IFCCARTESIANPOINT((-1.7495,0.5495,0.035)) ;
#3363=IFCCARTESIANPOINT((-1.7495,0.5495,0.037)) ;
#3367=IFCCARTESIANPOINT((-1.7495,-1.66533453694E-16,0.037)) ;
#3381=IFCCARTESIANPOINT((-1.7495,-0.009075,0.037)) ;
#3385=IFCCARTESIANPOINT((-1.7245,0.5245,0.037)) ;
#3399=IFCCARTESIANPOINT((-1.758575,0.5245,0.037)) ;
#3403=IFCCARTESIANPOINT((-1.7245,0.5245,0.04)) ;
#3408=IFCCARTESIANPOINT((-1.7245,0.5245,0.037)) ;
#3422=IFCCARTESIANPOINT((-1.758575,0.5245,0.04)) ;
#3426=IFCCARTESIANPOINT((-1.72855,0.52855,0.04)) ;
#3439=IFCCARTESIANPOINT((-1.758575,0.5495,0.035)) ;
#3444=IFCCARTESIANPOINT((-1.7495,0.5545,0.035)) ;
#3449=IFCCARTESIANPOINT((-1.7495,0.5495,0.04)) ;
#3463=IFCCARTESIANPOINT((-1.758575,0.5545,0.035)) ;
#3467=IFCCARTESIANPOINT((-1.7495,0.5545,0.005)) ;
#3480=IFCCARTESIANPOINT((-1.758575,0.5495,0.005)) ;
#3485=IFCCARTESIANPOINT((-1.7495,0.5495,1.00613961607E-15)) ;
#3499=IFCCARTESIANPOINT((-1.758575,0.5495,1.02001740387E-15)) ;
#3512=IFCCARTESIANPOINT((-1.758575,0.51475,0.003)) ;
#3516=IFCCARTESIANPOINT((-1.7495,0.5495,0.003)) ;
#3529=IFCCARTESIANPOINT((-1.758575,0.5495,0.005)) ;
#3534=IFCCARTESIANPOINT((-1.7515,0.5515,0.005)) ;
#3548=IFCCARTESIANPOINT((-1.758575,0.5515,0.005)) ;
#3552=IFCCARTESIANPOINT((-1.7515,0.5515,0.035)) ;
#3565=IFCCARTESIANPOINT((-1.758575,0.5495,0.035)) ;
#3570=IFCCARTESIANPOINT((-1.7495,0.5495,0.037)) ;
#3584=IFCCARTESIANPOINT((-1.758575,0.5495,0.037)) ;
#3596=IFCCARTESIANPOINT((-1.77475,0.57095,0.0438)) ;
#3601=IFCCARTESIANPOINT((-1.170825,0.57095,0.04)) ;
#3615=IFCCARTESIANPOINT((-1.77475,0.57095,0.04)) ;
#3619=IFCCARTESIANPOINT((-0.570825,0.57095,0.04)) ;
#3624=IFCCARTESIANPOINT((-0.578675,0.57095,0.04)) ;
#3629=IFCCARTESIANPOINT((-1.178675,0.57095,0.04)) ;
#3634=IFCCARTESIANPOINT((-1.77095,0.57095,0.04)) ;
#3639=IFCCARTESIANPOINT((-1.7495,0.5495,0.04)) ;
#3644=IFCCARTESIANPOINT((0.,0.5495,0.04)) ;
#3661=IFCCARTESIANPOINT((-1.77475,0.52855,0.0438)) ;
#3667=IFCCARTESIANPOINT((-0.02095,0.52855,0.0438)) ;
#3670=IFCCARTESIANPOINT((-0.02475,0.52475,0.0438)) ;
#3675=IFCCARTESIANPOINT((-1.72855,0.52855,0.0438)) ;
#3678=IFCCARTESIANPOINT((-1.72475,0.52475,0.0438)) ;
#3682=IFCCARTESIANPOINT((-1.72475,0.52475,0.0438)) ;
#3696=IFCCARTESIANPOINT((-1.77475,0.52475,0.0438)) ;
#3700=IFCCARTESIANPOINT((-0.02475,0.52475,0.065)) ;
#3703=IFCCARTESIANPOINT((-0.02475,0.52475,0.065)) ;
#3707=IFCCARTESIANPOINT((-1.72475,0.52475,0.065)) ;
#3710=IFCCARTESIANPOINT((-1.72475,0.52475,0.065)) ;
#3714=IFCCARTESIANPOINT((-1.72475,0.52475,0.065)) ;
#3728=IFCCARTESIANPOINT((-1.77475,0.52475,0.065)) ;
#3732=IFCCARTESIANPOINT((-0.02075,0.52875,0.065)) ;
#3735=IFCCARTESIANPOINT((-0.02075,0.52875,0.065)) ;
#3739=IFCCARTESIANPOINT((-1.72875,0.52875,0.065)) ;
#3742=IFCCARTESIANPOINT((-1.72875,0.52875,0.065)) ;
#3746=IFCCARTESIANPOINT((-1.72875,0.52875,0.065)) ;
#3760=IFCCARTESIANPOINT((-1.77475,0.52875,0.065)) ;
#3764=IFCCARTESIANPOINT((-0.02075,0.52875,0.0458)) ;
#3767=IFCCARTESIANPOINT((-0.02075,0.52875,0.0458)) ;
#3771=IFCCARTESIANPOINT((-1.72875,0.52875,0.0458)) ;
#3774=IFCCARTESIANPOINT((-1.72875,0.52875,0.0458)) ;
#3778=IFCCARTESIANPOINT((-1.72875,0.52875,0.0458)) ;
#3791=IFCCARTESIANPOINT((-1.77475,0.53055,0.0458)) ;
#3797=IFCCARTESIANPOINT((-0.01895,0.53055,0.0458)) ;
#3800=IFCCARTESIANPOINT((-0.01895,0.53055,0.044)) ;
#3805=IFCCARTESIANPOINT((-1.73055,0.53055,0.0458)) ;
#3808=IFCCARTESIANPOINT((-1.73055,0.53055,0.044)) ;
#3812=IFCCARTESIANPOINT((-1.73055,0.53055,0.044)) ;
#3826=IFCCARTESIANPOINT((-1.77475,0.53055,0.044)) ;
#3830=IFCCARTESIANPOINT((0.01945,0.56895,0.044)) ;
#3833=IFCCARTESIANPOINT((0.01945,0.56895,0.044)) ;
#3837=IFCCARTESIANPOINT((-1.76895,0.56895,0.044)) ;
#3840=IFCCARTESIANPOINT((-1.76895,0.56895,0.044)) ;
#3844=IFCCARTESIANPOINT((-1.76895,0.56895,0.044)) ;
#3857=IFCCARTESIANPOINT((-1.77475,0.56895,0.0458)) ;
#3863=IFCCARTESIANPOINT((0.01945,0.56895,0.0458)) ;
#3866=IFCCARTESIANPOINT((0.02125,0.57075,0.0458)) ;
#3871=IFCCARTESIANPOINT((-1.76895,0.56895,0.0458)) ;
#3874=IFCCARTESIANPOINT((-1.77075,0.57075,0.0458)) ;
#3878=IFCCARTESIANPOINT((-1.77075,0.57075,0.0458)) ;
#3892=IFCCARTESIANPOINT((-1.77475,0.57075,0.0458)) ;
#3896=IFCCARTESIANPOINT((0.02125,0.57075,0.9942)) ;
#3899=IFCCARTESIANPOINT((0.02125,0.57075,0.9942)) ;
#3903=IFCCARTESIANPOINT((-1.77075,0.57075,0.9942)) ;
#3906=IFCCARTESIANPOINT((-1.77075,0.57075,0.9942)) ;
#3910=IFCCARTESIANPOINT((-1.77075,0.57075,0.9942)) ;
#3923=IFCCARTESIANPOINT((-1.77475,0.56895,0.9942)) ;
#3929=IFCCARTESIANPOINT((0.01945,0.56895,0.9942)) ;
#3932=IFCCARTESIANPOINT((0.01945,0.56895,0.996)) ;
#3937=IFCCARTESIANPOINT((-1.76895,0.56895,0.9942)) ;
#3940=IFCCARTESIANPOINT((-1.76895,0.56895,0.996)) ;
#3944=IFCCARTESIANPOINT((-1.76895,0.56895,0.996)) ;
#3958=IFCCARTESIANPOINT((-1.77475,0.56895,0.996)) ;
#3962=IFCCARTESIANPOINT((-0.01895,0.53055,0.996)) ;
#3965=IFCCARTESIANPOINT((-0.01895,0.53055,0.996)) ;
#3969=IFCCARTESIANPOINT((-1.73055,0.53055,0.996)) ;
#3972=IFCCARTESIANPOINT((-1.73055,0.53055,0.996)) ;
#3976=IFCCARTESIANPOINT((-1.73055,0.53055,0.996)) ;
#3989=IFCCARTESIANPOINT((-1.77475,0.53055,0.9942)) ;
#3995=IFCCARTESIANPOINT((-0.01895,0.53055,0.9942)) ;
#4001=IFCCARTESIANPOINT((-1.73055,0.53055,0.9942)) ;
#4004=IFCCARTESIANPOINT((-1.72875,0.52875,0.9942)) ;
#4008=IFCCARTESIANPOINT((-1.72875,0.52875,0.9942)) ;
#4022=IFCCARTESIANPOINT((-1.77475,0.52475,0.9962)) ;
#4026=IFCCARTESIANPOINT((-1.72475,0.52475,0.9962)) ;
#4029=IFCCARTESIANPOINT((-1.72475,0.52475,0.9962)) ;
#4033=IFCCARTESIANPOINT((-1.72475,0.52475,0.9962)) ;
#4046=IFCCARTESIANPOINT((-1.77475,0.52855,0.9962)) ;
#4052=IFCCARTESIANPOINT((-1.72855,0.52855,0.9962)) ;
#4055=IFCCARTESIANPOINT((-1.72855,0.52855,1.)) ;
#4059=IFCCARTESIANPOINT((-1.72855,0.52855,1.)) ;
#4073=IFCCARTESIANPOINT((-1.77475,0.57095,1.)) ;
#4077=IFCCARTESIANPOINT((-1.178675,0.57095,1.)) ;
#4082=IFCCARTESIANPOINT((-1.170825,0.57095,1.)) ;
#4087=IFCCARTESIANPOINT((-0.578675,0.57095,1.)) ;
#4092=IFCCARTESIANPOINT((-0.570825,0.57095,1.)) ;
#4097=IFCCARTESIANPOINT((-1.77095,0.57095,1.)) ;
#4102=IFCCARTESIANPOINT((-1.77095,0.57095,1.)) ;
#4119=IFCCARTESIANPOINT((-1.77475,0.57095,0.9962)) ;
#4133=IFCCARTESIANPOINT((-1.77475,0.52875,0.9942)) ;
#4137=IFCCARTESIANPOINT((-1.72875,0.52875,0.975)) ;
#4151=IFCCARTESIANPOINT((-1.77475,0.27475,0.0438)) ;
#4155=IFCCARTESIANPOINT((-1.77475,0.57095,0.9962)) ;
#4160=IFCCARTESIANPOINT((-1.77475,0.57095,0.0438)) ;
#4173=IFCCARTESIANPOINT((-1.77095,0.27475,0.0438)) ;
#4178=IFCCARTESIANPOINT((-1.77095,0.57095,0.04)) ;
#4192=IFCCARTESIANPOINT((-1.77095,0.27475,0.04)) ;
#4196=IFCCARTESIANPOINT((-1.77095,0.270825,0.04)) ;
#4211=IFCCARTESIANPOINT((-1.72855,0.27475,0.0438)) ;
#4217=IFCCARTESIANPOINT((-1.72855,0.02095,0.0438)) ;
#4220=IFCCARTESIANPOINT((-1.72475,0.02475,0.0438)) ;
#4224=IFCCARTESIANPOINT((-1.72475,0.52475,0.0438)) ;
#4238=IFCCARTESIANPOINT((-1.72475,0.27475,0.0438)) ;
#4242=IFCCARTESIANPOINT((-1.72475,0.02475,0.065)) ;
#4245=IFCCARTESIANPOINT((-1.72475,0.02475,0.065)) ;
#4249=IFCCARTESIANPOINT((-1.72475,0.52475,0.065)) ;
#4263=IFCCARTESIANPOINT((-1.72475,0.27475,0.065)) ;
#4267=IFCCARTESIANPOINT((-1.72875,0.02075,0.065)) ;
#4270=IFCCARTESIANPOINT((-1.72875,0.02075,0.065)) ;
#4274=IFCCARTESIANPOINT((-1.72875,0.52875,0.065)) ;
#4288=IFCCARTESIANPOINT((-1.72875,0.27475,0.065)) ;
#4292=IFCCARTESIANPOINT((-1.72875,0.02075,0.0458)) ;
#4295=IFCCARTESIANPOINT((-1.72875,0.02075,0.0458)) ;
#4299=IFCCARTESIANPOINT((-1.72875,0.52875,0.0458)) ;
#4312=IFCCARTESIANPOINT((-1.73055,0.27475,0.0458)) ;
#4318=IFCCARTESIANPOINT((-1.73055,0.01895,0.0458)) ;
#4321=IFCCARTESIANPOINT((-1.73055,0.01895,0.044)) ;
#4325=IFCCARTESIANPOINT((-1.73055,0.53055,0.044)) ;
#4339=IFCCARTESIANPOINT((-1.73055,0.27475,0.044)) ;
#4343=IFCCARTESIANPOINT((-1.76895,-0.01945,0.044)) ;
#4346=IFCCARTESIANPOINT((-1.76895,-0.01945,0.044)) ;
#4350=IFCCARTESIANPOINT((-1.76895,0.56895,0.044)) ;
#4363=IFCCARTESIANPOINT((-1.76895,0.27475,0.0458)) ;
#4369=IFCCARTESIANPOINT((-1.76895,-0.01945,0.0458)) ;
#4372=IFCCARTESIANPOINT((-1.77075,-0.02125,0.0458)) ;
#4376=IFCCARTESIANPOINT((-1.77075,0.57075,0.0458)) ;
#4390=IFCCARTESIANPOINT((-1.77075,0.27475,0.0458)) ;
#4394=IFCCARTESIANPOINT((-1.77075,-0.02125,0.9942)) ;
#4397=IFCCARTESIANPOINT((-1.77075,-0.02125,0.9942)) ;
#4401=IFCCARTESIANPOINT((-1.77075,0.57075,0.9942)) ;
#4414=IFCCARTESIANPOINT((-1.76895,0.27475,0.9942)) ;
#4420=IFCCARTESIANPOINT((-1.76895,-0.01945,0.9942)) ;
#4423=IFCCARTESIANPOINT((-1.76895,-0.01945,0.996)) ;
#4427=IFCCARTESIANPOINT((-1.76895,0.56895,0.996)) ;
#4441=IFCCARTESIANPOINT((-1.76895,0.27475,0.996)) ;
#4445=IFCCARTESIANPOINT((-1.73055,0.01895,0.996)) ;
#4448=IFCCARTESIANPOINT((-1.73055,0.01895,0.996)) ;
#4452=IFCCARTESIANPOINT((-1.73055,0.53055,0.996)) ;
#4465=IFCCARTESIANPOINT((-1.73055,0.27475,0.9942)) ;
#4471=IFCCARTESIANPOINT((-1.73055,0.01895,0.9942)) ;
#4474=IFCCARTESIANPOINT((-1.72875,0.02075,0.9942)) ;
#4478=IFCCARTESIANPOINT((-1.72875,0.52875,0.9942)) ;
#4492=IFCCARTESIANPOINT((-1.72875,0.27475,0.975)) ;
#4496=IFCCARTESIANPOINT((-1.72875,0.52875,0.975)) ;
#4499=IFCCARTESIANPOINT((-1.72875,0.02075,0.975)) ;
#4503=IFCCARTESIANPOINT((-1.72475,0.02475,0.975)) ;
#4506=IFCCARTESIANPOINT((-1.72475,0.02475,0.975)) ;
#4510=IFCCARTESIANPOINT((-1.72475,0.52475,0.975)) ;
#4524=IFCCARTESIANPOINT((-1.72475,0.27475,0.9962)) ;
#4528=IFCCARTESIANPOINT((-1.72475,0.02475,0.9962)) ;
#4531=IFCCARTESIANPOINT((-1.72475,0.02475,0.9962)) ;
#4535=IFCCARTESIANPOINT((-1.72475,0.52475,0.9962)) ;
#4548=IFCCARTESIANPOINT((-1.72855,0.27475,0.9962)) ;
#4554=IFCCARTESIANPOINT((-1.72855,0.02095,0.9962)) ;
#4557=IFCCARTESIANPOINT((-1.72855,0.02095,1.)) ;
#4561=IFCCARTESIANPOINT((-1.72855,0.52855,1.)) ;
#4575=IFCCARTESIANPOINT((-1.77095,0.27475,1.)) ;
#4579=IFCCARTESIANPOINT((-1.77095,-0.02145,1.)) ;
#4584=IFCCARTESIANPOINT((-1.77095,0.270825,1.)) ;
#4589=IFCCARTESIANPOINT((-1.77095,0.57095,1.)) ;
#4604=IFCCARTESIANPOINT((-1.77095,0.27475,0.9962)) ;
#4618=IFCCARTESIANPOINT((-1.72875,0.27475,0.9942)) ;
#4622=IFCCARTESIANPOINT((-1.72875,0.02075,0.975)) ;
#4636=IFCCARTESIANPOINT((-1.77475,-0.02525,0.0438)) ;
#4640=IFCCARTESIANPOINT((-0.570825,-0.02525,0.0438)) ;
#4645=IFCCARTESIANPOINT((-0.570825,-0.02525,0.9962)) ;
#4658=IFCCARTESIANPOINT((-1.77475,-0.02145,0.0438)) ;
#4671=IFCCARTESIANPOINT((-1.77475,0.02095,0.0438)) ;
#4677=IFCCARTESIANPOINT((-0.02095,0.02095,0.0438)) ;
#4680=IFCCARTESIANPOINT((-0.02475,0.02475,0.0438)) ;
#4684=IFCCARTESIANPOINT((-1.72475,0.02475,0.0438)) ;
#4698=IFCCARTESIANPOINT((-1.77475,0.02475,0.0438)) ;
#4702=IFCCARTESIANPOINT((-0.02475,0.02475,0.065)) ;
#4705=IFCCARTESIANPOINT((-0.02475,0.02475,0.065)) ;
#4709=IFCCARTESIANPOINT((-1.72475,0.02475,0.065)) ;
#4723=IFCCARTESIANPOINT((-1.77475,0.02475,0.065)) ;
#4727=IFCCARTESIANPOINT((-0.02075,0.02075,0.065)) ;
#4730=IFCCARTESIANPOINT((-0.02075,0.02075,0.065)) ;
#4734=IFCCARTESIANPOINT((-1.72875,0.02075,0.065)) ;
#4748=IFCCARTESIANPOINT((-1.77475,0.02075,0.065)) ;
#4752=IFCCARTESIANPOINT((-0.02075,0.02075,0.0458)) ;
#4755=IFCCARTESIANPOINT((-0.02075,0.02075,0.0458)) ;
#4759=IFCCARTESIANPOINT((-1.72875,0.02075,0.0458)) ;
#4772=IFCCARTESIANPOINT((-1.77475,0.01895,0.0458)) ;
#4778=IFCCARTESIANPOINT((-0.01895,0.01895,0.0458)) ;
#4781=IFCCARTESIANPOINT((-0.01895,0.01895,0.044)) ;
#4785=IFCCARTESIANPOINT((-1.73055,0.01895,0.044)) ;
#4799=IFCCARTESIANPOINT((-1.77475,0.01895,0.044)) ;
#4803=IFCCARTESIANPOINT((0.01945,-0.01945,0.044)) ;
#4806=IFCCARTESIANPOINT((0.01945,-0.01945,0.044)) ;
#4810=IFCCARTESIANPOINT((-1.76895,-0.01945,0.044)) ;
#4823=IFCCARTESIANPOINT((-1.77475,-0.01945,0.0458)) ;
#4829=IFCCARTESIANPOINT((0.01945,-0.01945,0.0458)) ;
#4832=IFCCARTESIANPOINT((0.02125,-0.02125,0.0458)) ;
#4836=IFCCARTESIANPOINT((-1.77075,-0.02125,0.0458)) ;
#4850=IFCCARTESIANPOINT((-1.77475,-0.02125,0.0458)) ;
#4854=IFCCARTESIANPOINT((0.02125,-0.02125,0.9942)) ;
#4857=IFCCARTESIANPOINT((0.02125,-0.02125,0.9942)) ;
#4861=IFCCARTESIANPOINT((-1.77075,-0.02125,0.9942)) ;
#4874=IFCCARTESIANPOINT((-1.77475,-0.01945,0.9942)) ;
#4880=IFCCARTESIANPOINT((0.01945,-0.01945,0.9942)) ;
#4883=IFCCARTESIANPOINT((0.01945,-0.01945,0.996)) ;
#4887=IFCCARTESIANPOINT((-1.76895,-0.01945,0.996)) ;
#4901=IFCCARTESIANPOINT((-1.77475,-0.01945,0.996)) ;
#4905=IFCCARTESIANPOINT((-0.01895,0.01895,0.996)) ;
#4908=IFCCARTESIANPOINT((-0.01895,0.01895,0.996)) ;
#4912=IFCCARTESIANPOINT((-1.73055,0.01895,0.996)) ;
#4925=IFCCARTESIANPOINT((-1.77475,0.01895,0.9942)) ;
#4931=IFCCARTESIANPOINT((-0.01895,0.01895,0.9942)) ;
#4936=IFCCARTESIANPOINT((-1.72875,0.02075,0.9942)) ;
#4950=IFCCARTESIANPOINT((-1.77475,0.02075,0.975)) ;
#4954=IFCCARTESIANPOINT((-1.72875,0.02075,0.975)) ;
#4959=IFCCARTESIANPOINT((-1.72475,0.02475,0.975)) ;
#4973=IFCCARTESIANPOINT((-1.77475,0.02475,0.9962)) ;
#4977=IFCCARTESIANPOINT((-1.72475,0.02475,0.9962)) ;
#4990=IFCCARTESIANPOINT((-1.77475,0.02095,0.9962)) ;
#4995=IFCCARTESIANPOINT((-1.72855,0.02095,1.)) ;
#5009=IFCCARTESIANPOINT((-1.77475,-0.02145,1.)) ;
#5013=IFCCARTESIANPOINT((-0.570825,-0.02145,1.)) ;
#5018=IFCCARTESIANPOINT((-1.170825,-0.02145,1.)) ;
#5023=IFCCARTESIANPOINT((-1.77095,-0.02145,1.)) ;
#5040=IFCCARTESIANPOINT((-1.77475,-0.02145,0.9962)) ;
#5054=IFCCARTESIANPOINT((-1.77475,0.02075,0.9942)) ;
#5067=IFCCARTESIANPOINT((0.02525,-0.02525,0.0438)) ;
#5079=IFCCARTESIANPOINT((0.02145,-0.02525,0.9962)) ;
#5085=IFCCARTESIANPOINT((0.02145,0.278675,0.9962)) ;
#5099=IFCCARTESIANPOINT((-1.77475,0.57475,0.0438)) ;
#5103=IFCCARTESIANPOINT((-0.570825,0.57475,0.9962)) ;
#5108=IFCCARTESIANPOINT((-0.570825,0.57475,0.0438)) ;
#5121=IFCCARTESIANPOINT((-1.77475,0.57095,0.9962)) ;
#5134=IFCCARTESIANPOINT((-1.77475,0.57095,0.9962)) ;
#5139=IFCCARTESIANPOINT((-1.77095,0.57475,0.9962)) ;
#5153=IFCCARTESIANPOINT((-1.77475,0.57475,0.0438)) ;
#5157=IFCCARTESIANPOINT((-1.77095,0.57475,0.0438)) ;
#5170=IFCCARTESIANPOINT((-1.77475,0.57095,0.0438)) ;
#5183=IFCCARTESIANPOINT((-1.77475,0.57095,0.0438)) ;
#5197=IFCCARTESIANPOINT((-1.77475,-0.02525,0.0438)) ;
#5201=IFCCARTESIANPOINT((-1.170825,-0.02525,0.9962)) ;
#5206=IFCCARTESIANPOINT((-1.170825,-0.02525,0.0438)) ;
#5219=IFCCARTESIANPOINT((-1.77475,-0.02145,0.9962)) ;
#5233=IFCCARTESIANPOINT((-1.77475,-0.02525,0.0438)) ;
#5237=IFCCARTESIANPOINT((-1.77095,-0.02525,0.9962)) ;
#5242=IFCCARTESIANPOINT((-1.77095,-0.02525,0.0438)) ;
#5255=IFCCARTESIANPOINT((-1.77095,0.27475,0.0438)) ;
#5260=IFCCARTESIANPOINT((-1.77475,0.270825,0.0438)) ;
#5273=IFCCARTESIANPOINT((-1.77475,-0.02145,0.9962)) ;
#5286=IFCCARTESIANPOINT((-1.77475,-0.02145,0.0438)) ;
#5299=IFCCARTESIANPOINT((-1.77475,-0.02145,0.0438)) ;
#5312=IFCCARTESIANPOINT((-0.02095,-0.02525,0.0438)) ;
#5317=IFCCARTESIANPOINT((-0.02475,0.02475,0.0438)) ;
#5330=IFCCARTESIANPOINT((-0.01895,-0.02525,0.9942)) ;
#5335=IFCCARTESIANPOINT((-0.01895,0.01895,0.996)) ;
#5349=IFCCARTESIANPOINT((0.01945,-0.02525,0.996)) ;
#5353=IFCCARTESIANPOINT((0.01945,-0.01945,0.996)) ;
#5366=IFCCARTESIANPOINT((0.01945,-0.02525,0.9942)) ;
#5371=IFCCARTESIANPOINT((0.02125,-0.02125,0.9942)) ;
#5385=IFCCARTESIANPOINT((0.02125,-0.02525,0.0458)) ;
#5389=IFCCARTESIANPOINT((0.02125,-0.02125,0.0458)) ;
#5402=IFCCARTESIANPOINT((0.01945,-0.02525,0.0458)) ;
#5407=IFCCARTESIANPOINT((0.01945,-0.01945,0.044)) ;
#5421=IFCCARTESIANPOINT((-0.01895,-0.02525,0.044)) ;
#5425=IFCCARTESIANPOINT((-0.01895,0.01895,0.044)) ;
#5438=IFCCARTESIANPOINT((-0.01895,-0.02525,0.0458)) ;
#5443=IFCCARTESIANPOINT((-0.02075,0.02075,0.0458)) ;
#5457=IFCCARTESIANPOINT((-0.02075,-0.02525,0.065)) ;
#5461=IFCCARTESIANPOINT((-0.02075,0.02075,0.065)) ;
#5475=IFCCARTESIANPOINT((-0.02475,-0.02525,0.065)) ;
#5479=IFCCARTESIANPOINT((-0.02475,0.02475,0.065)) ;
#5493=IFCCARTESIANPOINT((-0.02475,-0.02525,0.0438)) ;
#5506=IFCCARTESIANPOINT((-1.72475,0.57095,0.04)) ;
#5523=IFCCARTESIANPOINT((-1.72475,0.57095,0.04)) ;
#5540=IFCCARTESIANPOINT((0.02145,0.27475,0.04)) ;
#5544=IFCCARTESIANPOINT((0.02145,0.270825,0.04)) ;
#5550=IFCCARTESIANPOINT((0.02145,0.278675,0.9962)) ;
#5567=IFCCARTESIANPOINT((0.02145,0.278675,0.9962)) ;
#5580=IFCCARTESIANPOINT((-1.77475,0.27475,0.0438)) ;
#5584=IFCCARTESIANPOINT((-1.77475,0.270825,0.9962)) ;
#5597=IFCCARTESIANPOINT((-1.77095,0.27475,0.9962)) ;
#5611=IFCCARTESIANPOINT((0.02145,-0.02525,0.04)) ;
#5636=IFCCARTESIANPOINT((0.,0.,0.)) ;
#16=IFCDIRECTION((0.,0.,1.)) ;
#17=IFCDIRECTION((1.,0.,0.)) ;
#34=IFCDIRECTION((0.,1.85037170771E-15,-1.)) ;
#35=IFCDIRECTION((0.,1.,1.85037170771E-15)) ;
#39=IFCDIRECTION((-1.,0.,0.)) ;
#48=IFCDIRECTION((0.,1.,0.)) ;
#55=IFCDIRECTION((1.,0.,0.)) ;
#62=IFCDIRECTION((0.,-1.,0.)) ;
#73=IFCDIRECTION((-1.,0.,0.)) ;
#82=IFCDIRECTION((0.,-1.,0.)) ;
#89=IFCDIRECTION((1.,0.,0.)) ;
#96=IFCDIRECTION((0.,1.,0.)) ;
#113=IFCDIRECTION((0.,1.85037170771E-15,-1.)) ;
#114=IFCDIRECTION((0.,1.,1.85037170771E-15)) ;
#118=IFCDIRECTION((0.,1.,0.)) ;
#127=IFCDIRECTION((0.707106781187,0.707106781187,0.)) ;
#134=IFCDIRECTION((0.,1.,0.)) ;
#141=IFCDIRECTION((0.707106781187,-0.707106781187,0.)) ;
#154=IFCDIRECTION((-1.,-2.27114380234E-31,1.22739868583E-16)) ;
#155=IFCDIRECTION((-1.22739868583E-16,1.85037170771E-15,-1.)) ;
#159=IFCDIRECTION((-2.36288975807E-14,0.,-1.)) ;
#166=IFCDIRECTION((0.,1.,0.)) ;
#173=IFCDIRECTION((-2.36288975807E-14,7.20597585794E-15,-1.)) ;
#186=IFCDIRECTION((0.,1.85037170771E-15,-1.)) ;
#187=IFCDIRECTION((0.,1.,1.85037170771E-15)) ;
#191=IFCDIRECTION((-0.707106781187,-0.707106781187,0.)) ;
#200=IFCDIRECTION((1.,0.,0.)) ;
#207=IFCDIRECTION((1.,0.,0.)) ;
#214=IFCDIRECTION((1.,0.,0.)) ;
#221=IFCDIRECTION((1.,0.,0.)) ;
#228=IFCDIRECTION((1.,0.,0.)) ;
#235=IFCDIRECTION((0.707106781187,-0.707106781187,0.)) ;
#242=IFCDIRECTION((-1.,0.,0.)) ;
#259=IFCDIRECTION((0.,1.85037170771E-15,-1.)) ;
#260=IFCDIRECTION((-2.44929359829E-16,-1.,-1.85037170771E-15)) ;
#264=IFCDIRECTION((1.,0.,0.)) ;
#271=IFCDIRECTION((-0.707106781187,0.707106781187,0.)) ;
#278=IFCDIRECTION((1.,0.,0.)) ;
#290=IFCDIRECTION((-0.,-1.,-1.85037170771E-15)) ;
#291=IFCDIRECTION((1.,-0.,0.)) ;
#296=IFCDIRECTION((0.,1.,1.85037170771E-15)) ;
#297=IFCDIRECTION((-1.,0.,0.)) ;
#304=IFCDIRECTION((0.,1.,0.)) ;
#311=IFCDIRECTION((0.,1.,1.85037170771E-15)) ;
#312=IFCDIRECTION((-1.,0.,0.)) ;
#319=IFCDIRECTION((0.,1.,0.)) ;
#331=IFCDIRECTION((-0.,-1.,-1.85037170771E-15)) ;
#332=IFCDIRECTION((1.,-0.,0.)) ;
#337=IFCDIRECTION((0.,1.,1.85037170771E-15)) ;
#338=IFCDIRECTION((-1.,0.,0.)) ;
#347=IFCDIRECTION((0.,1.,0.)) ;
#354=IFCDIRECTION((0.,1.,1.85037170771E-15)) ;
#355=IFCDIRECTION((-1.,0.,0.)) ;
#362=IFCDIRECTION((0.,1.,0.)) ;
#374=IFCDIRECTION((-0.,-1.,-1.85037170771E-15)) ;
#375=IFCDIRECTION((1.,-0.,0.)) ;
#380=IFCDIRECTION((0.,1.,1.85037170771E-15)) ;
#381=IFCDIRECTION((-1.,0.,0.)) ;
#390=IFCDIRECTION((0.,1.,3.25764183019E-15)) ;
#397=IFCDIRECTION((0.,1.,1.85037170771E-15)) ;
#398=IFCDIRECTION((-1.,0.,0.)) ;
#405=IFCDIRECTION((0.,1.,3.25764183019E-15)) ;
#418=IFCDIRECTION((2.44929359829E-16,1.,1.54437260653E-15)) ;
#419=IFCDIRECTION((-7.49481639605E-32,1.54437260653E-15,-1.)) ;
#423=IFCDIRECTION((0.,0.,1.)) ;
#432=IFCDIRECTION((1.,0.,0.)) ;
#439=IFCDIRECTION((0.,0.,-1.)) ;
#446=IFCDIRECTION((1.,0.,0.)) ;
#459=IFCDIRECTION((1.,5.66212079408E-31,-3.0599910118E-16)) ;
#460=IFCDIRECTION((3.0599910118E-16,-1.85037170771E-15,1.)) ;
#464=IFCDIRECTION((0.,0.,-1.)) ;
#471=IFCDIRECTION((0.,0.,-1.)) ;
#478=IFCDIRECTION((0.,1.,0.)) ;
#490=IFCDIRECTION((3.09647230926E-32,-1.,-1.74917950494E-15)) ;
#491=IFCDIRECTION((1.58774586677E-61,1.74917950494E-15,-1.)) ;
#496=IFCDIRECTION((1.,1.15648231732E-16,-3.03576608296E-16)) ;
#497=IFCDIRECTION((0.,0.,1.)) ;
#504=IFCDIRECTION((-3.42379633416E-16,9.15447055393E-15,-1.)) ;
#505=IFCDIRECTION((0.,1.,9.34924652316E-15)) ;
#516=IFCDIRECTION((3.0599910118E-16,-1.74917950494E-15,1.)) ;
#517=IFCDIRECTION((-1.,-5.66212079408E-31,3.0599910118E-16)) ;
#522=IFCDIRECTION((0.,0.,-1.)) ;
#529=IFCDIRECTION((0.,1.85037170771E-15,-1.)) ;
#530=IFCDIRECTION((0.,1.,0.)) ;
#542=IFCDIRECTION((-7.96235736668E-32,1.,1.59016318631E-15)) ;
#543=IFCDIRECTION((0.,-1.59016318631E-15,1.)) ;
#548=IFCDIRECTION((0.,1.85037170771E-15,-1.)) ;
#549=IFCDIRECTION((0.,1.,0.)) ;
#556=IFCDIRECTION((1.,1.15648231732E-16,-3.03576608296E-16)) ;
#557=IFCDIRECTION((0.,0.,1.)) ;
#568=IFCDIRECTION((-3.0599910118E-16,1.59016318631E-15,-1.)) ;
#569=IFCDIRECTION((1.,5.66212079408E-31,-3.0599910118E-16)) ;
#574=IFCDIRECTION((0.,0.,1.)) ;
#581=IFCDIRECTION((7.07584575727E-15,1.62211861876E-15,-1.)) ;
#582=IFCDIRECTION((1.,0.,7.47939721853E-15)) ;
#587=IFCDIRECTION((0.,0.,1.)) ;
#599=IFCDIRECTION((-7.96235736668E-32,1.,1.59016318631E-15)) ;
#600=IFCDIRECTION((0.,-1.59016318631E-15,1.)) ;
#605=IFCDIRECTION((1.,1.15648231732E-16,-3.03576608296E-16)) ;
#606=IFCDIRECTION((0.,0.,1.)) ;
#617=IFCDIRECTION((1.15648231732E-16,-1.,-1.59016318631E-15)) ;
#618=IFCDIRECTION((0.,1.59016318631E-15,-1.)) ;
#623=IFCDIRECTION((0.,1.85037170771E-15,-1.)) ;
#624=IFCDIRECTION((0.,1.,0.)) ;
#633=IFCDIRECTION((-1.,5.05963448866E-31,-3.03576608296E-16)) ;
#634=IFCDIRECTION((0.,0.,-1.)) ;
#641=IFCDIRECTION((1.15648231732E-16,-1.,-1.85037170771E-15)) ;
#642=IFCDIRECTION((1.,0.,0.)) ;
#653=IFCDIRECTION((-3.0599910118E-16,-1.59016318631E-15,1.)) ;
#654=IFCDIRECTION((-1.,5.66212079408E-31,-3.0599910118E-16)) ;
#659=IFCDIRECTION((0.,0.,1.)) ;
#666=IFCDIRECTION((3.42379633416E-16,-5.79610677193E-15,-1.)) ;
#667=IFCDIRECTION((0.,1.,-5.6095479139E-15)) ;
#674=IFCDIRECTION((0.,0.,1.)) ;
#686=IFCDIRECTION((1.15648231732E-16,-1.,-1.59016318631E-15)) ;
#687=IFCDIRECTION((0.,1.59016318631E-15,-1.)) ;
#692=IFCDIRECTION((1.15648231732E-16,-1.,-1.85037170771E-15)) ;
#693=IFCDIRECTION((1.,0.,0.)) ;
#700=IFCDIRECTION((-1.,5.05963448866E-31,-3.03576608296E-16)) ;
#701=IFCDIRECTION((0.,0.,-1.)) ;
#712=IFCDIRECTION((-1.15648231732E-16,1.,1.74917950494E-15)) ;
#713=IFCDIRECTION((-1.,-1.15648231732E-16,-2.13992216043E-31)) ;
#718=IFCDIRECTION((0.,1.85037170771E-15,-1.)) ;
#719=IFCDIRECTION((0.,1.,0.)) ;
#728=IFCDIRECTION((1.15648231732E-16,-1.,-1.85037170771E-15)) ;
#729=IFCDIRECTION((1.,0.,0.)) ;
#736=IFCDIRECTION((-1.,5.05963448866E-31,-3.03576608296E-16)) ;
#737=IFCDIRECTION((0.,0.,-1.)) ;
#748=IFCDIRECTION((3.0599910118E-16,1.74917950494E-15,-1.)) ;
#749=IFCDIRECTION((1.,-5.66212079408E-31,3.0599910118E-16)) ;
#754=IFCDIRECTION((0.,0.,-1.)) ;
#761=IFCDIRECTION((-7.07584575727E-15,1.73624516324E-15,-1.)) ;
#762=IFCDIRECTION((1.,0.,-7.47939721853E-15)) ;
#769=IFCDIRECTION((0.,0.,-1.)) ;
#781=IFCDIRECTION((-1.15648231732E-16,1.,1.74917950494E-15)) ;
#782=IFCDIRECTION((-1.,-1.15648231732E-16,-2.13992216043E-31)) ;
#787=IFCDIRECTION((-1.,5.05963448866E-31,-3.03576608296E-16)) ;
#788=IFCDIRECTION((0.,0.,-1.)) ;
#795=IFCDIRECTION((1.15648231732E-16,-1.,-1.85037170771E-15)) ;
#796=IFCDIRECTION((1.,0.,0.)) ;
#807=IFCDIRECTION((-1.,4.27984432086E-31,-2.31296463464E-16)) ;
#808=IFCDIRECTION((2.31296463464E-16,1.85037170771E-15,-1.)) ;
#813=IFCDIRECTION((0.,1.85037170771E-15,-1.)) ;
#814=IFCDIRECTION((0.,1.,0.)) ;
#821=IFCDIRECTION((1.,-2.44929359829E-16,-4.53210357816E-31)) ;
#822=IFCDIRECTION((0.,1.,0.)) ;
#829=IFCDIRECTION((0.,1.,1.85037170771E-15)) ;
#830=IFCDIRECTION((-1.,0.,0.)) ;
#841=IFCDIRECTION((2.31296463464E-16,1.54437260653E-15,-1.)) ;
#842=IFCDIRECTION((0.,1.,1.54437260653E-15)) ;
#847=IFCDIRECTION((0.,0.,1.)) ;
#854=IFCDIRECTION((2.28253088944E-16,8.92621746498E-15,-1.)) ;
#855=IFCDIRECTION((0.,1.,9.34924652316E-15)) ;
#867=IFCDIRECTION((-1.,4.27984432086E-31,-2.31296463464E-16)) ;
#868=IFCDIRECTION((2.31296463464E-16,1.85037170771E-15,-1.)) ;
#873=IFCDIRECTION((0.,1.,1.85037170771E-15)) ;
#874=IFCDIRECTION((-1.,0.,0.)) ;
#881=IFCDIRECTION((1.,-2.44929359829E-16,-4.53210357816E-31)) ;
#882=IFCDIRECTION((0.,1.,1.86984930463E-15)) ;
#893=IFCDIRECTION((1.,-2.13992216043E-31,1.15648231732E-16)) ;
#894=IFCDIRECTION((-1.15648231732E-16,-1.85037170771E-15,1.)) ;
#899=IFCDIRECTION((0.,1.85037170771E-15,-1.)) ;
#900=IFCDIRECTION((0.,1.,0.)) ;
#909=IFCDIRECTION((0.,1.,1.85037170771E-15)) ;
#910=IFCDIRECTION((-1.,0.,0.)) ;
#917=IFCDIRECTION((1.,-2.44929359829E-16,-4.53210357816E-31)) ;
#918=IFCDIRECTION((0.,1.,0.)) ;
#929=IFCDIRECTION((-1.15648231732E-16,-1.54437260653E-15,1.)) ;
#930=IFCDIRECTION((0.,-1.,-1.54437260653E-15)) ;
#935=IFCDIRECTION((0.,0.,-1.)) ;
#942=IFCDIRECTION((0.,0.,-1.)) ;
#949=IFCDIRECTION((-7.30409884622E-15,1.50799207429E-15,-1.)) ;
#950=IFCDIRECTION((1.,0.,-7.47939721853E-15)) ;
#962=IFCDIRECTION((1.,-2.13992216043E-31,1.15648231732E-16)) ;
#963=IFCDIRECTION((-1.15648231732E-16,-1.85037170771E-15,1.)) ;
#968=IFCDIRECTION((0.,1.,1.85037170771E-15)) ;
#969=IFCDIRECTION((-1.,0.,0.)) ;
#976=IFCDIRECTION((1.,-2.44929359829E-16,-4.53210357816E-31)) ;
#977=IFCDIRECTION((0.,1.,1.86984930463E-15)) ;
#988=IFCDIRECTION((-1.,0.,0.)) ;
#989=IFCDIRECTION((0.,-1.,-1.85037170771E-15)) ;
#994=IFCDIRECTION((0.,1.85037170771E-15,-1.)) ;
#995=IFCDIRECTION((0.,1.,0.)) ;
#1004=IFCDIRECTION((1.,-2.44929359829E-16,-4.53210357816E-31)) ;
#1005=IFCDIRECTION((0.,1.,0.)) ;
#1012=IFCDIRECTION((0.,-1.,-1.85037170771E-15)) ;
#1013=IFCDIRECTION((1.,0.,0.)) ;
#1024=IFCDIRECTION((-0.,1.54437260653E-15,-1.)) ;
#1025=IFCDIRECTION((0.,1.,1.54437260653E-15)) ;
#1030=IFCDIRECTION((0.,0.,1.)) ;
#1037=IFCDIRECTION((0.,8.92621746498E-15,-1.)) ;
#1038=IFCDIRECTION((0.,1.,9.34924652316E-15)) ;
#1045=IFCDIRECTION((0.,0.,1.)) ;
#1057=IFCDIRECTION((-1.,0.,0.)) ;
#1058=IFCDIRECTION((0.,-1.,-1.85037170771E-15)) ;
#1063=IFCDIRECTION((0.,-1.,-1.85037170771E-15)) ;
#1064=IFCDIRECTION((1.,0.,0.)) ;
#1071=IFCDIRECTION((1.,-2.44929359829E-16,-4.53210357816E-31)) ;
#1072=IFCDIRECTION((0.,1.,1.86984930463E-15)) ;
#1083=IFCDIRECTION((1.,0.,0.)) ;
#1084=IFCDIRECTION((0.,1.,1.85037170771E-15)) ;
#1089=IFCDIRECTION((0.,1.85037170771E-15,-1.)) ;
#1090=IFCDIRECTION((0.,1.,0.)) ;
#1097=IFCDIRECTION((0.,-1.,-1.85037170771E-15)) ;
#1098=IFCDIRECTION((1.,0.,0.)) ;
#1105=IFCDIRECTION((1.,-2.44929359829E-16,-4.53210357816E-31)) ;
#1106=IFCDIRECTION((0.,1.,0.)) ;
#1117=IFCDIRECTION((-0.,-1.54437260653E-15,1.)) ;
#1118=IFCDIRECTION((0.,-1.,-1.54437260653E-15)) ;
#1123=IFCDIRECTION((0.,0.,-1.)) ;
#1130=IFCDIRECTION((-7.41822539069E-15,1.50799207429E-15,-1.)) ;
#1131=IFCDIRECTION((1.,0.,-7.47939721853E-15)) ;
#1143=IFCDIRECTION((1.,0.,0.)) ;
#1144=IFCDIRECTION((0.,1.,1.85037170771E-15)) ;
#1149=IFCDIRECTION((0.,-1.,-1.85037170771E-15)) ;
#1150=IFCDIRECTION((1.,0.,0.)) ;
#1157=IFCDIRECTION((1.,-2.44929359829E-16,-4.53210357816E-31)) ;
#1158=IFCDIRECTION((0.,1.,1.86984930463E-15)) ;
#1169=IFCDIRECTION((1.,-4.27984432086E-31,2.31296463464E-16)) ;
#1170=IFCDIRECTION((-2.31296463464E-16,-1.85037170771E-15,1.)) ;
#1175=IFCDIRECTION((0.,1.85037170771E-15,-1.)) ;
#1176=IFCDIRECTION((0.,1.,0.)) ;
#1185=IFCDIRECTION((0.,-1.,-1.85037170771E-15)) ;
#1186=IFCDIRECTION((1.,0.,0.)) ;
#1193=IFCDIRECTION((1.,0.,-0.)) ;
#1194=IFCDIRECTION((0.,1.,0.)) ;
#1205=IFCDIRECTION((-2.31296463464E-16,-2.15637080889E-15,1.)) ;
#1206=IFCDIRECTION((0.,-1.,-2.15637080889E-15)) ;
#1211=IFCDIRECTION((0.,-2.26054650289E-15,1.)) ;
#1218=IFCDIRECTION((7.64647847963E-15,2.19275134113E-15,-1.)) ;
#1219=IFCDIRECTION((1.,0.,7.47939721853E-15)) ;
#1226=IFCDIRECTION((0.,-1.99569699513E-15,1.)) ;
#1238=IFCDIRECTION((1.,-4.27984432086E-31,2.31296463464E-16)) ;
#1239=IFCDIRECTION((-2.31296463464E-16,-1.85037170771E-15,1.)) ;
#1244=IFCDIRECTION((1.,0.,-0.)) ;
#1245=IFCDIRECTION((0.,1.,1.86984930463E-15)) ;
#1250=IFCDIRECTION((0.,-1.,-1.85037170771E-15)) ;
#1251=IFCDIRECTION((1.,0.,0.)) ;
#1262=IFCDIRECTION((-1.,2.13992216043E-31,-1.15648231732E-16)) ;
#1263=IFCDIRECTION((1.15648231732E-16,1.85037170771E-15,-1.)) ;
#1268=IFCDIRECTION((0.,1.85037170771E-15,-1.)) ;
#1269=IFCDIRECTION((0.,1.,0.)) ;
#1278=IFCDIRECTION((1.,0.,-0.)) ;
#1279=IFCDIRECTION((0.,1.,0.)) ;
#1286=IFCDIRECTION((0.,-1.,-1.85037170771E-15)) ;
#1287=IFCDIRECTION((1.,0.,0.)) ;
#1298=IFCDIRECTION((1.15648231732E-16,2.15637080889E-15,-1.)) ;
#1299=IFCDIRECTION((0.,1.,2.15637080889E-15)) ;
#1304=IFCDIRECTION((0.,1.99569699513E-15,-1.)) ;
#1311=IFCDIRECTION((1.14126544472E-16,-5.22547404957E-15,-1.)) ;
#1312=IFCDIRECTION((0.,1.,-5.6095479139E-15)) ;
#1319=IFCDIRECTION((0.,2.26054650289E-15,-1.)) ;
#1331=IFCDIRECTION((-1.,2.13992216043E-31,-1.15648231732E-16)) ;
#1332=IFCDIRECTION((1.15648231732E-16,1.85037170771E-15,-1.)) ;
#1337=IFCDIRECTION((0.,-1.,-1.85037170771E-15)) ;
#1338=IFCDIRECTION((1.,0.,0.)) ;
#1343=IFCDIRECTION((1.,0.,-0.)) ;
#1344=IFCDIRECTION((0.,1.,1.86984930463E-15)) ;
#1355=IFCDIRECTION((1.,0.,0.)) ;
#1356=IFCDIRECTION((0.,1.,1.85037170771E-15)) ;
#1361=IFCDIRECTION((0.,1.85037170771E-15,-1.)) ;
#1362=IFCDIRECTION((0.,1.,0.)) ;
#1371=IFCDIRECTION((0.,1.,1.85037170771E-15)) ;
#1372=IFCDIRECTION((-1.,0.,0.)) ;
#1379=IFCDIRECTION((1.,0.,-0.)) ;
#1380=IFCDIRECTION((0.,1.,0.)) ;
#1391=IFCDIRECTION((-0.,-2.15637080889E-15,1.)) ;
#1392=IFCDIRECTION((0.,-1.,-2.15637080889E-15)) ;
#1397=IFCDIRECTION((0.,-2.26054650289E-15,1.)) ;
#1404=IFCDIRECTION((7.41822539069E-15,2.19275134113E-15,-1.)) ;
#1405=IFCDIRECTION((1.,0.,7.47939721853E-15)) ;
#1412=IFCDIRECTION((0.,-1.99569699513E-15,1.)) ;
#1424=IFCDIRECTION((1.,0.,0.)) ;
#1425=IFCDIRECTION((0.,1.,1.85037170771E-15)) ;
#1430=IFCDIRECTION((1.,0.,-0.)) ;
#1431=IFCDIRECTION((0.,1.,1.86984930463E-15)) ;
#1436=IFCDIRECTION((0.,1.,1.85037170771E-15)) ;
#1437=IFCDIRECTION((-1.,0.,0.)) ;
#1448=IFCDIRECTION((-1.,0.,0.)) ;
#1449=IFCDIRECTION((0.,-1.,-1.85037170771E-15)) ;
#1454=IFCDIRECTION((0.,1.85037170771E-15,-1.)) ;
#1455=IFCDIRECTION((0.,1.,0.)) ;
#1464=IFCDIRECTION((1.,0.,-0.)) ;
#1465=IFCDIRECTION((0.,1.,0.)) ;
#1472=IFCDIRECTION((0.,1.,1.85037170771E-15)) ;
#1473=IFCDIRECTION((-1.,0.,0.)) ;
#1484=IFCDIRECTION((-0.,2.15637080889E-15,-1.)) ;
#1485=IFCDIRECTION((0.,1.,2.15637080889E-15)) ;
#1490=IFCDIRECTION((0.,1.99569699513E-15,-1.)) ;
#1497=IFCDIRECTION((0.,-5.22547404957E-15,-1.)) ;
#1498=IFCDIRECTION((0.,1.,-5.6095479139E-15)) ;
#1505=IFCDIRECTION((0.,2.26054650289E-15,-1.)) ;
#1517=IFCDIRECTION((-1.,0.,0.)) ;
#1518=IFCDIRECTION((0.,-1.,-1.85037170771E-15)) ;
#1523=IFCDIRECTION((0.,1.,1.85037170771E-15)) ;
#1524=IFCDIRECTION((-1.,0.,0.)) ;
#1529=IFCDIRECTION((1.,0.,-0.)) ;
#1530=IFCDIRECTION((0.,1.,1.86984930463E-15)) ;
#1541=IFCDIRECTION((0.,-1.,-1.85037170771E-15)) ;
#1542=IFCDIRECTION((1.,0.,0.)) ;
#1547=IFCDIRECTION((-1.73472347598E-16,1.67689936011E-15,-1.)) ;
#1548=IFCDIRECTION((0.,1.,1.42108547152E-15)) ;
#1557=IFCDIRECTION((-6.14381231075E-17,1.,1.85037170771E-15)) ;
#1558=IFCDIRECTION((-1.,-6.14381231075E-17,0.)) ;
#1563=IFCDIRECTION((-1.,6.60847038467E-17,1.2228126631E-31)) ;
#1564=IFCDIRECTION((0.,-1.,-1.42108547152E-15)) ;
#1575=IFCDIRECTION((-1.85037170771E-15,-3.94430452611E-31,-1.)) ;
#1576=IFCDIRECTION((0.,1.,-3.94430452611E-31)) ;
#1581=IFCDIRECTION((0.,0.,1.)) ;
#1588=IFCDIRECTION((-1.38777878078E-15,4.62592926927E-16,-1.)) ;
#1589=IFCDIRECTION((1.,2.52435489671E-30,-1.42108547152E-15)) ;
#1596=IFCDIRECTION((0.,0.,1.)) ;
#1608=IFCDIRECTION((0.,-1.,-1.85037170771E-15)) ;
#1609=IFCDIRECTION((1.,0.,0.)) ;
#1614=IFCDIRECTION((-1.,6.60847038467E-17,1.2228126631E-31)) ;
#1615=IFCDIRECTION((0.,-1.,-1.7763568394E-15)) ;
#1622=IFCDIRECTION((-6.14381231075E-17,1.,1.85037170771E-15)) ;
#1623=IFCDIRECTION((-1.,-6.14381231075E-17,0.)) ;
#1634=IFCDIRECTION((0.,-1.,-1.85037170771E-15)) ;
#1635=IFCDIRECTION((1.,0.,0.)) ;
#1640=IFCDIRECTION((0.,-1.85037170771E-15,1.)) ;
#1641=IFCDIRECTION((0.,-1.,-1.7763568394E-15)) ;
#1650=IFCDIRECTION((1.44949741396E-16,1.,1.85037170771E-15)) ;
#1651=IFCDIRECTION((-1.,1.44949741396E-16,0.)) ;
#1658=IFCDIRECTION((-1.,6.60847038467E-17,1.2228126631E-31)) ;
#1659=IFCDIRECTION((-6.60847038467E-17,-1.,-1.7763568394E-15)) ;
#1670=IFCDIRECTION((-1.85037170771E-15,3.94430452611E-31,1.)) ;
#1671=IFCDIRECTION((0.,-1.,3.94430452611E-31)) ;
#1676=IFCDIRECTION((0.,0.,-1.)) ;
#1683=IFCDIRECTION((-1.90819582357E-15,5.78241158659E-17,1.)) ;
#1684=IFCDIRECTION((-1.,5.04870979341E-30,-1.42108547152E-15)) ;
#1691=IFCDIRECTION((0.,0.,-1.)) ;
#1703=IFCDIRECTION((0.,-1.,-1.85037170771E-15)) ;
#1704=IFCDIRECTION((1.,0.,0.)) ;
#1709=IFCDIRECTION((-1.,6.60847038467E-17,1.2228126631E-31)) ;
#1710=IFCDIRECTION((-6.60847038467E-17,-1.,-1.42108547152E-15)) ;
#1715=IFCDIRECTION((1.44949741396E-16,1.,1.85037170771E-15)) ;
#1716=IFCDIRECTION((-1.,1.44949741396E-16,0.)) ;
#1727=IFCDIRECTION((0.,-1.,-1.85037170771E-15)) ;
#1728=IFCDIRECTION((1.,0.,0.)) ;
#1733=IFCDIRECTION((-1.73472347598E-16,2.02384405531E-15,-1.)) ;
#1734=IFCDIRECTION((1.,0.,0.)) ;
#1743=IFCDIRECTION((1.,0.,-0.)) ;
#1744=IFCDIRECTION((0.,1.,1.42108547152E-15)) ;
#1751=IFCDIRECTION((-6.14381231075E-17,1.,1.85037170771E-15)) ;
#1752=IFCDIRECTION((-1.,0.,0.)) ;
#1763=IFCDIRECTION((-1.85037170771E-15,3.70074341542E-15,-1.)) ;
#1764=IFCDIRECTION((0.,1.,3.70074341542E-15)) ;
#1769=IFCDIRECTION((0.,0.,1.)) ;
#1776=IFCDIRECTION((-1.38777878078E-15,3.23815048849E-15,-1.)) ;
#1777=IFCDIRECTION((1.,0.,-1.42108547152E-15)) ;
#1784=IFCDIRECTION((0.,0.,1.)) ;
#1796=IFCDIRECTION((0.,-1.,-1.85037170771E-15)) ;
#1797=IFCDIRECTION((1.,0.,0.)) ;
#1802=IFCDIRECTION((-6.14381231075E-17,1.,1.85037170771E-15)) ;
#1803=IFCDIRECTION((-1.,0.,0.)) ;
#1810=IFCDIRECTION((1.,0.,-0.)) ;
#1811=IFCDIRECTION((0.,1.,1.7763568394E-15)) ;
#1822=IFCDIRECTION((0.,-1.,-1.85037170771E-15)) ;
#1823=IFCDIRECTION((1.,0.,0.)) ;
#1828=IFCDIRECTION((0.,-1.85037170771E-15,1.)) ;
#1829=IFCDIRECTION((0.,-1.,-1.7763568394E-15)) ;
#1838=IFCDIRECTION((1.,0.,-0.)) ;
#1839=IFCDIRECTION((0.,1.,1.7763568394E-15)) ;
#1846=IFCDIRECTION((1.44949741396E-16,1.,1.85037170771E-15)) ;
#1847=IFCDIRECTION((-1.,0.,0.)) ;
#1858=IFCDIRECTION((-1.85037170771E-15,-3.70074341542E-15,1.)) ;
#1859=IFCDIRECTION((0.,-1.,-3.70074341542E-15)) ;
#1864=IFCDIRECTION((0.,0.,-1.)) ;
#1871=IFCDIRECTION((-1.90819582357E-15,-3.75856753128E-15,1.)) ;
#1872=IFCDIRECTION((-1.,0.,-1.42108547152E-15)) ;
#1879=IFCDIRECTION((0.,0.,-1.)) ;
#1891=IFCDIRECTION((0.,-1.,-1.85037170771E-15)) ;
#1892=IFCDIRECTION((1.,0.,0.)) ;
#1897=IFCDIRECTION((1.44949741396E-16,1.,1.85037170771E-15)) ;
#1898=IFCDIRECTION((-1.,0.,0.)) ;
#1905=IFCDIRECTION((1.,0.,-0.)) ;
#1906=IFCDIRECTION((0.,1.,1.42108547152E-15)) ;
#1917=IFCDIRECTION((0.,-1.,-1.85037170771E-15)) ;
#1918=IFCDIRECTION((1.,0.,0.)) ;
#1923=IFCDIRECTION((-7.07584575727E-15,5.22547404957E-15,1.)) ;
#1924=IFCDIRECTION((-1.,0.,-7.47939721853E-15)) ;
#1931=IFCDIRECTION((1.,0.,-0.)) ;
#1932=IFCDIRECTION((0.,1.,1.86984930463E-15)) ;
#1943=IFCDIRECTION((3.0599910118E-16,-2.15637080889E-15,1.)) ;
#1944=IFCDIRECTION((0.,-1.,-2.15637080889E-15)) ;
#1949=IFCDIRECTION((0.,2.26054650289E-15,-1.)) ;
#1956=IFCDIRECTION((0.,-1.85037170771E-15,1.)) ;
#1957=IFCDIRECTION((0.,-1.,0.)) ;
#1962=IFCDIRECTION((0.,2.30904007473E-15,-1.)) ;
#1974=IFCDIRECTION((0.,-1.,-1.85037170771E-15)) ;
#1975=IFCDIRECTION((1.,0.,0.)) ;
#1980=IFCDIRECTION((1.,0.,-0.)) ;
#1981=IFCDIRECTION((0.,1.,0.)) ;
#1992=IFCDIRECTION((0.,-1.,-1.85037170771E-15)) ;
#1993=IFCDIRECTION((1.,0.,0.)) ;
#1998=IFCDIRECTION((7.07584575727E-15,5.22547404957E-15,1.)) ;
#1999=IFCDIRECTION((-1.,0.,7.47939721853E-15)) ;
#2008=IFCDIRECTION((1.,0.,-0.)) ;
#2009=IFCDIRECTION((0.,1.,1.86984930463E-15)) ;
#2014=IFCDIRECTION((1.15648231732E-16,-1.,-1.85037170771E-15)) ;
#2015=IFCDIRECTION((1.,0.,0.)) ;
#2026=IFCDIRECTION((-3.0599910118E-16,-2.15637080889E-15,1.)) ;
#2027=IFCDIRECTION((0.,-1.,-2.15637080889E-15)) ;
#2032=IFCDIRECTION((0.,2.30904007473E-15,-1.)) ;
#2039=IFCDIRECTION((0.,-1.85037170771E-15,1.)) ;
#2040=IFCDIRECTION((0.,-1.,0.)) ;
#2047=IFCDIRECTION((0.,2.26054650289E-15,-1.)) ;
#2059=IFCDIRECTION((0.,-1.,-1.85037170771E-15)) ;
#2060=IFCDIRECTION((1.,0.,0.)) ;
#2065=IFCDIRECTION((1.15648231732E-16,-1.,-1.85037170771E-15)) ;
#2066=IFCDIRECTION((1.,0.,0.)) ;
#2073=IFCDIRECTION((1.,0.,-0.)) ;
#2074=IFCDIRECTION((0.,1.,0.)) ;
#2085=IFCDIRECTION((0.,-1.,-1.85037170771E-15)) ;
#2086=IFCDIRECTION((1.,0.,0.)) ;
#2091=IFCDIRECTION((7.07584575727E-15,-8.92621746498E-15,1.)) ;
#2092=IFCDIRECTION((-1.,0.,7.47939721853E-15)) ;
#2101=IFCDIRECTION((1.15648231732E-16,-1.,-1.85037170771E-15)) ;
#2102=IFCDIRECTION((1.,0.,0.)) ;
#2109=IFCDIRECTION((1.,-2.44929359829E-16,-4.53210357816E-31)) ;
#2110=IFCDIRECTION((0.,1.,1.86984930463E-15)) ;
#2121=IFCDIRECTION((-3.0599910118E-16,-1.54437260653E-15,1.)) ;
#2122=IFCDIRECTION((0.,-1.,-1.54437260653E-15)) ;
#2127=IFCDIRECTION((0.,0.,-1.)) ;
#2134=IFCDIRECTION((0.,-1.85037170771E-15,1.)) ;
#2135=IFCDIRECTION((0.,-1.,0.)) ;
#2142=IFCDIRECTION((0.,0.,-1.)) ;
#2154=IFCDIRECTION((0.,-1.,-1.85037170771E-15)) ;
#2155=IFCDIRECTION((1.,0.,0.)) ;
#2160=IFCDIRECTION((1.,-2.44929359829E-16,-4.53210357816E-31)) ;
#2161=IFCDIRECTION((0.,1.,0.)) ;
#2168=IFCDIRECTION((1.15648231732E-16,-1.,-1.85037170771E-15)) ;
#2169=IFCDIRECTION((1.,0.,0.)) ;
#2180=IFCDIRECTION((0.,-1.,-1.85037170771E-15)) ;
#2181=IFCDIRECTION((1.,0.,0.)) ;
#2186=IFCDIRECTION((-7.07584575727E-15,-8.92621746498E-15,1.)) ;
#2187=IFCDIRECTION((0.,-1.,-9.34924652316E-15)) ;
#2194=IFCDIRECTION((1.,-2.44929359829E-16,-4.53210357816E-31)) ;
#2195=IFCDIRECTION((0.,1.,1.86984930463E-15)) ;
#2206=IFCDIRECTION((3.0599910118E-16,-1.54437260653E-15,1.)) ;
#2207=IFCDIRECTION((-1.,-5.66212079408E-31,3.0599910118E-16)) ;
#2212=IFCDIRECTION((0.,-1.85037170771E-15,1.)) ;
#2213=IFCDIRECTION((0.,-1.,0.)) ;
#2220=IFCDIRECTION((0.,0.,-1.)) ;
#2232=IFCDIRECTION((0.,-1.,-1.85037170771E-15)) ;
#2233=IFCDIRECTION((1.,0.,0.)) ;
#2238=IFCDIRECTION((0.,1.,1.85037170771E-15)) ;
#2239=IFCDIRECTION((-1.,0.,0.)) ;
#2246=IFCDIRECTION((1.,-2.44929359829E-16,-4.53210357816E-31)) ;
#2247=IFCDIRECTION((0.,1.,0.)) ;
#2259=IFCDIRECTION((1.,2.50772128175E-31,-1.35525271561E-16)) ;
#2260=IFCDIRECTION((1.35525271561E-16,-1.85037170771E-15,1.)) ;
#2264=IFCDIRECTION((0.,1.,0.)) ;
#2273=IFCDIRECTION((1.31376391247E-14,0.,1.)) ;
#2278=IFCDIRECTION((1.31376391247E-14,-4.99600361081E-15,1.)) ;
#2291=IFCDIRECTION((0.,-1.85037170771E-15,1.)) ;
#2292=IFCDIRECTION((0.,-1.,-1.85037170771E-15)) ;
#2296=IFCDIRECTION((0.,1.,0.)) ;
#2305=IFCDIRECTION((-0.707106781187,-0.707106781187,0.)) ;
#2310=IFCDIRECTION((0.,1.,0.)) ;
#2317=IFCDIRECTION((0.,1.,0.)) ;
#2322=IFCDIRECTION((-0.707106781187,0.707106781187,0.)) ;
#2336=IFCDIRECTION((-0.,-1.,-1.85037170771E-15)) ;
#2337=IFCDIRECTION((1.,-0.,0.)) ;
#2342=IFCDIRECTION((-0.707106781187,0.707106781187,1.30841038224E-15)) ;
#2343=IFCDIRECTION((0.707106781187,0.707106781187,1.30841038224E-15)) ;
#2348=IFCDIRECTION((0.707106781187,0.707106781187,1.30841038224E-15)) ;
#2349=IFCDIRECTION((0.707106781187,-0.707106781187,-1.30841038224E-15)) ;
#2362=IFCDIRECTION((0.,1.,1.85037170771E-15)) ;
#2363=IFCDIRECTION((-1.,0.,0.)) ;
#2367=IFCDIRECTION((1.,0.,0.)) ;
#2384=IFCDIRECTION((0.,-1.,-1.85037170771E-15)) ;
#2385=IFCDIRECTION((1.,0.,0.)) ;
#2389=IFCDIRECTION((1.,0.,0.)) ;
#2406=IFCDIRECTION((-1.,5.05963448866E-31,-3.03576608296E-16)) ;
#2407=IFCDIRECTION((3.03576608296E-16,1.85037170771E-15,-1.)) ;
#2411=IFCDIRECTION((0.,-1.,0.)) ;
#2416=IFCDIRECTION((0.,-1.,0.)) ;
#2433=IFCDIRECTION((0.,1.85037170771E-15,-1.)) ;
#2434=IFCDIRECTION((0.,1.,1.85037170771E-15)) ;
#2438=IFCDIRECTION((1.,0.,0.)) ;
#2447=IFCDIRECTION((0.,-1.,-1.86027336233E-15)) ;
#2454=IFCDIRECTION((-1.,0.,0.)) ;
#2461=IFCDIRECTION((0.,1.,1.86027336233E-15)) ;
#2473=IFCDIRECTION((-1.44949741396E-16,-1.,-1.85037170771E-15)) ;
#2474=IFCDIRECTION((1.,-1.44949741396E-16,-2.68210900519E-31)) ;
#2479=IFCDIRECTION((0.,1.,1.81999799924E-15)) ;
#2484=IFCDIRECTION((0.,1.,1.84363696082E-15)) ;
#2497=IFCDIRECTION((-1.,1.44949741396E-16,-1.85037170771E-15)) ;
#2498=IFCDIRECTION((1.85037170771E-15,1.85037170771E-15,-1.)) ;
#2502=IFCDIRECTION((0.,1.,1.64220068137E-15)) ;
#2514=IFCDIRECTION((-1.44949741396E-16,-1.,-1.85037170771E-15)) ;
#2515=IFCDIRECTION((1.,-1.44949741396E-16,-2.68210900519E-31)) ;
#2520=IFCDIRECTION((0.,1.,1.64220068137E-15)) ;
#2533=IFCDIRECTION((-1.21430643318E-16,1.85037170771E-15,-1.)) ;
#2534=IFCDIRECTION((1.,2.24691826845E-31,-1.21430643318E-16)) ;
#2538=IFCDIRECTION((0.,1.,1.6927844956E-15)) ;
#2547=IFCDIRECTION((0.707106781187,0.707106781187,9.92453504748E-15)) ;
#2554=IFCDIRECTION((-7.90891737006E-16,1.,1.77775664778E-15)) ;
#2561=IFCDIRECTION((0.707106781187,-0.707106781187,0.)) ;
#2574=IFCDIRECTION((1.,-1.44949741396E-16,-2.68210900519E-31)) ;
#2575=IFCDIRECTION((1.44949741396E-16,1.,1.85037170771E-15)) ;
#2579=IFCDIRECTION((0.,0.,1.)) ;
#2586=IFCDIRECTION((0.,0.,1.)) ;
#2593=IFCDIRECTION((0.,1.,1.6927844956E-15)) ;
#2606=IFCDIRECTION((0.,-1.85037170771E-15,1.)) ;
#2607=IFCDIRECTION((0.,-1.,-1.85037170771E-15)) ;
#2611=IFCDIRECTION((-0.707106781187,-0.707106781187,-1.60777467769E-15)) ;
#2618=IFCDIRECTION((-0.707106781187,0.707106781187,0.)) ;
#2625=IFCDIRECTION((0.,1.,1.64220068137E-15)) ;
#2637=IFCDIRECTION((-1.44949741396E-16,-1.,-1.85037170771E-15)) ;
#2638=IFCDIRECTION((1.,-1.44949741396E-16,-2.68210900519E-31)) ;
#2643=IFCDIRECTION((-0.707106781187,0.707106781187,1.30841038224E-15)) ;
#2644=IFCDIRECTION((0.707106781187,0.707106781187,1.30841038224E-15)) ;
#2651=IFCDIRECTION((0.707106781187,0.707106781187,1.30841038224E-15)) ;
#2652=IFCDIRECTION((0.707106781187,-0.707106781187,-1.30841038224E-15)) ;
#2659=IFCDIRECTION((-4.06780902247E-16,1.,1.63033292577E-15)) ;
#2672=IFCDIRECTION((1.,-1.44949741396E-16,-1.85037170771E-15)) ;
#2673=IFCDIRECTION((1.85037170771E-15,-1.85037170771E-15,1.)) ;
#2677=IFCDIRECTION((0.,0.,1.)) ;
#2684=IFCDIRECTION((0.,-1.83556873405E-15,1.)) ;
#2691=IFCDIRECTION((-4.06780902247E-16,1.,1.84375249184E-15)) ;
#2703=IFCDIRECTION((-1.44949741396E-16,-1.,-1.85037170771E-15)) ;
#2704=IFCDIRECTION((1.,-1.44949741396E-16,-2.68210900519E-31)) ;
#2709=IFCDIRECTION((-0.707106781187,0.707106781187,1.30841038224E-15)) ;
#2710=IFCDIRECTION((0.707106781187,0.707106781187,1.30841038224E-15)) ;
#2717=IFCDIRECTION((0.707106781187,0.707106781187,1.30841038224E-15)) ;
#2718=IFCDIRECTION((0.707106781187,-0.707106781187,-1.30841038224E-15)) ;
#2725=IFCDIRECTION((0.,1.,1.84666759692E-15)) ;
#2738=IFCDIRECTION((3.99360800225E-16,1.85037170771E-15,-1.)) ;
#2739=IFCDIRECTION((1.,-7.38965925904E-31,3.99360800225E-16)) ;
#2743=IFCDIRECTION((0.707106781187,0.707106781187,1.41873102741E-15)) ;
#2750=IFCDIRECTION((0.707106781187,-0.707106781187,-1.01208837625E-15)) ;
#2757=IFCDIRECTION((0.,1.,1.86517468137E-15)) ;
#2770=IFCDIRECTION((-1.,-0.,0.)) ;
#2771=IFCDIRECTION((0.,-1.,-1.85037170771E-15)) ;
#2775=IFCDIRECTION((0.,-2.080515204E-15,1.)) ;
#2780=IFCDIRECTION((0.,0.,1.)) ;
#2793=IFCDIRECTION((0.,1.,1.85037170771E-15)) ;
#2794=IFCDIRECTION((-1.,0.,0.)) ;
#2798=IFCDIRECTION((0.,0.,1.)) ;
#2811=IFCDIRECTION((1.,0.,-0.)) ;
#2812=IFCDIRECTION((0.,1.,1.85037170771E-15)) ;
#2816=IFCDIRECTION((0.,-2.080515204E-15,1.)) ;
#2829=IFCDIRECTION((0.,-1.,-1.85037170771E-15)) ;
#2830=IFCDIRECTION((1.,0.,0.)) ;
#2842=IFCDIRECTION((0.,1.,1.85037170771E-15)) ;
#2843=IFCDIRECTION((-1.,0.,0.)) ;
#2847=IFCDIRECTION((0.,0.,1.)) ;
#2854=IFCDIRECTION((1.,0.,0.)) ;
#2859=IFCDIRECTION((0.,0.,1.)) ;
#2872=IFCDIRECTION((1.,0.,-0.)) ;
#2873=IFCDIRECTION((0.,1.,1.85037170771E-15)) ;
#2877=IFCDIRECTION((0.,-2.080515204E-15,1.)) ;
#2890=IFCDIRECTION((0.,-1.,-1.85037170771E-15)) ;
#2891=IFCDIRECTION((1.,0.,0.)) ;
#2895=IFCDIRECTION((0.,-2.080515204E-15,1.)) ;
#2902=IFCDIRECTION((-1.,0.,6.0797927539E-18)) ;
#2915=IFCDIRECTION((-1.,-6.14381231075E-17,-1.13683364773E-31)) ;
#2916=IFCDIRECTION((6.14381231075E-17,-1.,-1.85037170771E-15)) ;
#2920=IFCDIRECTION((0.,1.,1.84389540673E-15)) ;
#2933=IFCDIRECTION((-6.60847038467E-17,-1.,-1.85037170771E-15)) ;
#2934=IFCDIRECTION((1.,-6.60847038467E-17,-1.2228126631E-31)) ;
#2938=IFCDIRECTION((0.,0.,-1.)) ;
#2947=IFCDIRECTION((-1.,0.,0.)) ;
#2952=IFCDIRECTION((-1.,0.,0.)) ;
#2965=IFCDIRECTION((8.02470810161E-33,1.97180235103E-15,-1.)) ;
#2966=IFCDIRECTION((0.,1.,1.97180235103E-15)) ;
#2970=IFCDIRECTION((1.,-1.45637126678E-16,0.)) ;
#2977=IFCDIRECTION((0.707106781187,0.707106781187,0.)) ;
#2989=IFCDIRECTION((1.,-6.60847038467E-17,-1.2228126631E-31)) ;
#2990=IFCDIRECTION((6.60847038467E-17,1.,1.85037170771E-15)) ;
#2995=IFCDIRECTION((-1.,6.29517713877E-17,0.)) ;
#3008=IFCDIRECTION((6.60847038467E-17,1.,-3.94430452611E-31)) ;
#3009=IFCDIRECTION((0.,3.94430452611E-31,1.)) ;
#3013=IFCDIRECTION((-1.,6.29517713877E-17,0.)) ;
#3025=IFCDIRECTION((1.,-6.60847038467E-17,-1.2228126631E-31)) ;
#3026=IFCDIRECTION((6.60847038467E-17,1.,1.85037170771E-15)) ;
#3031=IFCDIRECTION((-1.,-6.34594469634E-17,-3.96621543521E-18)) ;
#3044=IFCDIRECTION((-2.63916402109E-32,1.45101090748E-15,-1.)) ;
#3045=IFCDIRECTION((0.,1.,1.45101090748E-15)) ;
#3049=IFCDIRECTION((0.707106781187,0.707106781187,1.21992795351E-15)) ;
#3056=IFCDIRECTION((-1.,-3.17297234817E-17,0.)) ;
#3068=IFCDIRECTION((1.,-6.60847038467E-17,-1.2228126631E-31)) ;
#3069=IFCDIRECTION((6.60847038467E-17,1.,1.85037170771E-15)) ;
#3074=IFCDIRECTION((-0.707106781187,0.707106781187,1.30841038224E-15)) ;
#3075=IFCDIRECTION((-0.707106781187,-0.707106781187,-1.30841038224E-15)) ;
#3082=IFCDIRECTION((-1.,0.,0.)) ;
#3095=IFCDIRECTION((-6.60847038467E-17,-1.,-3.70074341542E-15)) ;
#3096=IFCDIRECTION((0.,3.70074341542E-15,-1.)) ;
#3100=IFCDIRECTION((0.,1.83556873405E-15,-1.)) ;
#3107=IFCDIRECTION((-1.,0.,0.)) ;
#3119=IFCDIRECTION((1.,-6.60847038467E-17,-1.2228126631E-31)) ;
#3120=IFCDIRECTION((6.60847038467E-17,1.,1.85037170771E-15)) ;
#3125=IFCDIRECTION((-0.707106781187,0.707106781187,1.30841038224E-15)) ;
#3126=IFCDIRECTION((-0.707106781187,-0.707106781187,-1.30841038224E-15)) ;
#3133=IFCDIRECTION((-1.,-6.34594469634E-17,0.)) ;
#3146=IFCDIRECTION((0.,-1.85037170771E-15,1.)) ;
#3147=IFCDIRECTION((0.,-1.,-1.85037170771E-15)) ;
#3151=IFCDIRECTION((-0.707106781187,-0.707106781187,0.)) ;
#3164=IFCDIRECTION((-1.,-6.14381231075E-17,-1.13683364773E-31)) ;
#3165=IFCDIRECTION((6.14381231075E-17,-1.,-1.85037170771E-15)) ;
#3169=IFCDIRECTION((0.,0.,-1.)) ;
#3178=IFCDIRECTION((0.,1.,1.6927844956E-15)) ;
#3183=IFCDIRECTION((0.,1.,1.6927844956E-15)) ;
#3196=IFCDIRECTION((1.21430643318E-16,1.85037170771E-15,-1.)) ;
#3197=IFCDIRECTION((1.,-2.24691826845E-31,1.21430643318E-16)) ;
#3201=IFCDIRECTION((0.,-1.,-1.66577197706E-15)) ;
#3208=IFCDIRECTION((0.707106781187,-0.707106781187,0.)) ;
#3220=IFCDIRECTION((6.14381231075E-17,-1.,-1.85037170771E-15)) ;
#3221=IFCDIRECTION((1.,6.14381231075E-17,1.13683364773E-31)) ;
#3226=IFCDIRECTION((0.,1.,1.64220068137E-15)) ;
#3231=IFCDIRECTION((0.,1.,1.64220068137E-15)) ;
#3244=IFCDIRECTION((1.,6.14381231075E-17,-1.85037170771E-15)) ;
#3245=IFCDIRECTION((1.85037170771E-15,-1.85037170771E-15,1.)) ;
#3249=IFCDIRECTION((0.,1.,1.81999799924E-15)) ;
#3261=IFCDIRECTION((6.14381231075E-17,-1.,-1.85037170771E-15)) ;
#3262=IFCDIRECTION((1.,6.14381231075E-17,1.13683364773E-31)) ;
#3267=IFCDIRECTION((0.,1.,1.84363696082E-15)) ;
#3280=IFCDIRECTION((-3.99360800225E-16,1.85037170771E-15,-1.)) ;
#3281=IFCDIRECTION((1.,7.38965925904E-31,-3.99360800225E-16)) ;
#3285=IFCDIRECTION((0.707106781187,-0.707106781187,-1.41873102741E-15)) ;
#3292=IFCDIRECTION((0.,1.,1.84666759692E-15)) ;
#3304=IFCDIRECTION((6.14381231075E-17,-1.,-1.85037170771E-15)) ;
#3305=IFCDIRECTION((1.,6.14381231075E-17,1.13683364773E-31)) ;
#3310=IFCDIRECTION((0.707106781187,0.707106781187,1.30841038224E-15)) ;
#3311=IFCDIRECTION((-0.707106781187,0.707106781187,1.30841038224E-15)) ;
#3318=IFCDIRECTION((0.,1.,1.84375249184E-15)) ;
#3331=IFCDIRECTION((-1.,-6.14381231075E-17,-1.85037170771E-15)) ;
#3332=IFCDIRECTION((1.85037170771E-15,1.85037170771E-15,-1.)) ;
#3336=IFCDIRECTION((0.,0.,-1.)) ;
#3343=IFCDIRECTION((0.,1.,1.63033292577E-15)) ;
#3355=IFCDIRECTION((6.14381231075E-17,-1.,-1.85037170771E-15)) ;
#3356=IFCDIRECTION((1.,6.14381231075E-17,1.13683364773E-31)) ;
#3361=IFCDIRECTION((0.707106781187,0.707106781187,1.30841038224E-15)) ;
#3362=IFCDIRECTION((-0.707106781187,0.707106781187,1.30841038224E-15)) ;
#3369=IFCDIRECTION((0.,1.,1.64220068137E-15)) ;
#3382=IFCDIRECTION((0.,-1.85037170771E-15,1.)) ;
#3383=IFCDIRECTION((0.,-1.,-1.85037170771E-15)) ;
#3387=IFCDIRECTION((-0.707106781187,0.707106781187,1.60777467769E-15)) ;
#3400=IFCDIRECTION((0.,1.,1.85037170771E-15)) ;
#3401=IFCDIRECTION((-1.,0.,0.)) ;
#3405=IFCDIRECTION((1.,0.,0.)) ;
#3410=IFCDIRECTION((1.,0.,0.)) ;
#3423=IFCDIRECTION((0.,1.72894106439E-15,-1.)) ;
#3424=IFCDIRECTION((0.,1.,1.72894106439E-15)) ;
#3428=IFCDIRECTION((1.,0.,3.32884860979E-17)) ;
#3440=IFCDIRECTION((-1.,-0.,0.)) ;
#3441=IFCDIRECTION((0.,-1.,-1.85037170771E-15)) ;
#3446=IFCDIRECTION((1.,0.,0.)) ;
#3451=IFCDIRECTION((1.,0.,0.)) ;
#3464=IFCDIRECTION((0.,-1.,-3.70074341542E-15)) ;
#3465=IFCDIRECTION((0.,3.70074341542E-15,-1.)) ;
#3469=IFCDIRECTION((1.,0.,0.)) ;
#3481=IFCDIRECTION((-1.,-0.,0.)) ;
#3482=IFCDIRECTION((0.,-1.,-1.85037170771E-15)) ;
#3487=IFCDIRECTION((1.,0.,3.96621543521E-18)) ;
#3500=IFCDIRECTION((0.,-2.44941290805E-15,1.)) ;
#3501=IFCDIRECTION((0.,-1.,-2.44941290805E-15)) ;
#3513=IFCDIRECTION((0.,2.24973250793E-15,-1.)) ;
#3514=IFCDIRECTION((0.,1.,2.24973250793E-15)) ;
#3518=IFCDIRECTION((1.,0.,0.)) ;
#3530=IFCDIRECTION((-1.,-0.,0.)) ;
#3531=IFCDIRECTION((0.,-1.,-1.85037170771E-15)) ;
#3536=IFCDIRECTION((1.,0.,0.)) ;
#3549=IFCDIRECTION((0.,1.,-7.88860905221E-31)) ;
#3550=IFCDIRECTION((0.,7.88860905221E-31,1.)) ;
#3554=IFCDIRECTION((1.,0.,0.)) ;
#3566=IFCDIRECTION((-1.,-0.,0.)) ;
#3567=IFCDIRECTION((0.,-1.,-1.85037170771E-15)) ;
#3572=IFCDIRECTION((1.,0.,0.)) ;
#3585=IFCDIRECTION((0.,-1.85037170771E-15,1.)) ;
#3586=IFCDIRECTION((0.,-1.,-1.85037170771E-15)) ;
#3597=IFCDIRECTION((-1.,2.44929359829E-16,4.53210357816E-31)) ;
#3598=IFCDIRECTION((2.44929359829E-16,1.,1.85037170771E-15)) ;
#3603=IFCDIRECTION((1.,0.,0.)) ;
#3616=IFCDIRECTION((0.,1.85037170771E-15,-1.)) ;
#3617=IFCDIRECTION((-2.44929359829E-16,-1.,-1.85037170771E-15)) ;
#3621=IFCDIRECTION((1.,0.,0.)) ;
#3626=IFCDIRECTION((1.,0.,0.)) ;
#3631=IFCDIRECTION((1.,0.,0.)) ;
#3636=IFCDIRECTION((1.,0.,0.)) ;
#3641=IFCDIRECTION((-0.707106781187,0.707106781187,1.63963035312E-15)) ;
#3646=IFCDIRECTION((0.707106781187,0.707106781187,1.63963035312E-15)) ;
#3662=IFCDIRECTION((-1.,2.44929359829E-16,4.53210357816E-31)) ;
#3663=IFCDIRECTION((2.44929359829E-16,1.,1.85037170771E-15)) ;
#3668=IFCDIRECTION((-0.707106781187,0.707106781187,1.30841038224E-15)) ;
#3669=IFCDIRECTION((0.707106781187,0.707106781187,1.30841038224E-15)) ;
#3676=IFCDIRECTION((-0.707106781187,-0.707106781187,-1.30841038224E-15)) ;
#3677=IFCDIRECTION((-0.707106781187,0.707106781187,1.30841038224E-15)) ;
#3684=IFCDIRECTION((1.,0.,0.)) ;
#3697=IFCDIRECTION((-2.44929359829E-16,-1.,-1.85037170771E-15)) ;
#3698=IFCDIRECTION((-1.,2.44929359829E-16,4.53210357816E-31)) ;
#3702=IFCDIRECTION((0.,0.,-1.)) ;
#3709=IFCDIRECTION((0.,0.,-1.)) ;
#3716=IFCDIRECTION((1.,0.,0.)) ;
#3729=IFCDIRECTION((0.,-1.85037170771E-15,1.)) ;
#3730=IFCDIRECTION((2.44929359829E-16,1.,1.85037170771E-15)) ;
#3734=IFCDIRECTION((-0.707106781187,-0.707106781187,-1.75850355373E-14)) ;
#3741=IFCDIRECTION((0.707106781187,-0.707106781187,-1.75850355373E-14)) ;
#3748=IFCDIRECTION((1.,0.,0.)) ;
#3761=IFCDIRECTION((2.44929359829E-16,1.,1.76002152667E-15)) ;
#3762=IFCDIRECTION((-2.21294120027E-32,1.76002152667E-15,-1.)) ;
#3766=IFCDIRECTION((-1.31376391247E-14,0.,1.)) ;
#3773=IFCDIRECTION((0.,0.,1.)) ;
#3780=IFCDIRECTION((1.,0.,0.)) ;
#3792=IFCDIRECTION((-1.,2.44929359829E-16,4.53210357816E-31)) ;
#3793=IFCDIRECTION((2.44929359829E-16,1.,1.85037170771E-15)) ;
#3798=IFCDIRECTION((-0.707106781187,0.707106781187,1.30841038224E-15)) ;
#3799=IFCDIRECTION((0.707106781187,0.707106781187,1.30841038224E-15)) ;
#3806=IFCDIRECTION((-0.707106781187,-0.707106781187,-1.30841038224E-15)) ;
#3807=IFCDIRECTION((-0.707106781187,0.707106781187,1.30841038224E-15)) ;
#3814=IFCDIRECTION((1.,0.,0.)) ;
#3827=IFCDIRECTION((3.31941180041E-32,-1.71484643615E-15,1.)) ;
#3828=IFCDIRECTION((2.44929359829E-16,1.,1.71484643615E-15)) ;
#3832=IFCDIRECTION((-0.707106781187,-0.707106781187,-1.04672830579E-15)) ;
#3839=IFCDIRECTION((0.707106781187,-0.707106781187,-1.04672830579E-15)) ;
#3846=IFCDIRECTION((1.,0.,0.)) ;
#3858=IFCDIRECTION((-1.,2.44929359829E-16,4.53210357816E-31)) ;
#3859=IFCDIRECTION((2.44929359829E-16,1.,1.85037170771E-15)) ;
#3864=IFCDIRECTION((-0.707106781187,0.707106781187,1.30841038224E-15)) ;
#3865=IFCDIRECTION((0.707106781187,0.707106781187,1.30841038224E-15)) ;
#3872=IFCDIRECTION((-0.707106781187,-0.707106781187,-1.30841038224E-15)) ;
#3873=IFCDIRECTION((-0.707106781187,0.707106781187,1.30841038224E-15)) ;
#3880=IFCDIRECTION((1.,0.,0.)) ;
#3893=IFCDIRECTION((-2.44929359829E-16,-1.,-1.83573886523E-15)) ;
#3894=IFCDIRECTION((3.58401274106E-33,-1.83573886523E-15,1.)) ;
#3898=IFCDIRECTION((2.62220537237E-16,0.,-1.)) ;
#3905=IFCDIRECTION((0.,0.,-1.)) ;
#3912=IFCDIRECTION((1.,0.,0.)) ;
#3924=IFCDIRECTION((-1.,2.44929359829E-16,4.53210357816E-31)) ;
#3925=IFCDIRECTION((2.44929359829E-16,1.,1.85037170771E-15)) ;
#3930=IFCDIRECTION((-0.707106781187,0.707106781187,1.30841038224E-15)) ;
#3931=IFCDIRECTION((0.707106781187,0.707106781187,1.30841038224E-15)) ;
#3938=IFCDIRECTION((-0.707106781187,-0.707106781187,-1.30841038224E-15)) ;
#3939=IFCDIRECTION((-0.707106781187,0.707106781187,1.30841038224E-15)) ;
#3946=IFCDIRECTION((1.,0.,0.)) ;
#3959=IFCDIRECTION((0.,1.85037170771E-15,-1.)) ;
#3960=IFCDIRECTION((-2.44929359829E-16,-1.,-1.85037170771E-15)) ;
#3964=IFCDIRECTION((0.707106781187,0.707106781187,0.)) ;
#3971=IFCDIRECTION((-0.707106781187,0.707106781187,0.)) ;
#3978=IFCDIRECTION((1.,0.,0.)) ;
#3990=IFCDIRECTION((-1.,2.44929359829E-16,4.53210357816E-31)) ;
#3991=IFCDIRECTION((2.44929359829E-16,1.,1.85037170771E-15)) ;
#3996=IFCDIRECTION((-0.707106781187,0.707106781187,1.30841038224E-15)) ;
#3997=IFCDIRECTION((0.707106781187,0.707106781187,1.30841038224E-15)) ;
#4002=IFCDIRECTION((-0.707106781187,-0.707106781187,-1.30841038224E-15)) ;
#4003=IFCDIRECTION((-0.707106781187,0.707106781187,1.30841038224E-15)) ;
#4010=IFCDIRECTION((1.,0.,0.)) ;
#4023=IFCDIRECTION((-2.44929359829E-16,-1.,-1.72763183913E-15)) ;
#4024=IFCDIRECTION((3.00625974377E-32,-1.72763183913E-15,1.)) ;
#4028=IFCDIRECTION((0.,0.,-1.)) ;
#4035=IFCDIRECTION((1.,0.,0.)) ;
#4047=IFCDIRECTION((-1.,2.44929359829E-16,4.53210357816E-31)) ;
#4048=IFCDIRECTION((2.44929359829E-16,1.,1.85037170771E-15)) ;
#4053=IFCDIRECTION((-0.707106781187,-0.707106781187,-1.30841038224E-15)) ;
#4054=IFCDIRECTION((-0.707106781187,0.707106781187,1.30841038224E-15)) ;
#4061=IFCDIRECTION((1.,0.,0.)) ;
#4074=IFCDIRECTION((0.,-1.85037170771E-15,1.)) ;
#4075=IFCDIRECTION((2.44929359829E-16,1.,1.85037170771E-15)) ;
#4079=IFCDIRECTION((1.,0.,0.)) ;
#4084=IFCDIRECTION((1.,0.,0.)) ;
#4089=IFCDIRECTION((1.,0.,0.)) ;
#4094=IFCDIRECTION((1.,0.,0.)) ;
#4099=IFCDIRECTION((0.707106781187,-0.707106781187,0.)) ;
#4104=IFCDIRECTION((1.,0.,0.)) ;
#4120=IFCDIRECTION((-1.,2.44929359829E-16,4.53210357816E-31)) ;
#4121=IFCDIRECTION((2.44929359829E-16,1.,1.85037170771E-15)) ;
#4134=IFCDIRECTION((2.44929359829E-16,1.,1.71484643615E-15)) ;
#4135=IFCDIRECTION((-3.31941180041E-32,1.71484643615E-15,-1.)) ;
#4139=IFCDIRECTION((0.,0.,1.)) ;
#4152=IFCDIRECTION((-1.,-1.15648231732E-16,-3.0599910118E-16)) ;
#4153=IFCDIRECTION((3.0599910118E-16,1.85037170771E-15,-1.)) ;
#4157=IFCDIRECTION((0.,-1.,0.)) ;
#4162=IFCDIRECTION((0.,-1.,-3.25764183019E-15)) ;
#4174=IFCDIRECTION((-1.15648231732E-16,1.,1.85037170771E-15)) ;
#4175=IFCDIRECTION((-1.,-1.15648231732E-16,-2.13992216043E-31)) ;
#4180=IFCDIRECTION((0.,-1.,-3.25764183019E-15)) ;
#4193=IFCDIRECTION((0.,1.85037170771E-15,-1.)) ;
#4194=IFCDIRECTION((0.,1.,1.85037170771E-15)) ;
#4198=IFCDIRECTION((0.,-1.,0.)) ;
#4212=IFCDIRECTION((-1.15648231732E-16,1.,1.85037170771E-15)) ;
#4213=IFCDIRECTION((-1.,-1.15648231732E-16,-2.13992216043E-31)) ;
#4218=IFCDIRECTION((0.707106781187,-0.707106781187,-1.30841038224E-15)) ;
#4219=IFCDIRECTION((-0.707106781187,-0.707106781187,-1.30841038224E-15)) ;
#4226=IFCDIRECTION((0.,-1.,-1.69109171111E-15)) ;
#4239=IFCDIRECTION((1.,1.15648231732E-16,2.13992216043E-31)) ;
#4240=IFCDIRECTION((-1.15648231732E-16,1.,1.85037170771E-15)) ;
#4244=IFCDIRECTION((0.,1.17306583734E-14,-1.)) ;
#4251=IFCDIRECTION((0.,-1.,-1.62003743753E-15)) ;
#4264=IFCDIRECTION((0.,-1.85037170771E-15,1.)) ;
#4265=IFCDIRECTION((0.,-1.,-1.85037170771E-15)) ;
#4269=IFCDIRECTION((0.707106781187,0.707106781187,0.)) ;
#4276=IFCDIRECTION((0.,-1.,-1.79034390113E-15)) ;
#4289=IFCDIRECTION((-1.,-1.15648231732E-16,-9.03501810405E-17)) ;
#4290=IFCDIRECTION((1.15648231732E-16,-1.,-1.85037170771E-15)) ;
#4294=IFCDIRECTION((0.,0.,1.)) ;
#4301=IFCDIRECTION((0.,-1.,-1.7763568394E-15)) ;
#4313=IFCDIRECTION((-1.15648231732E-16,1.,1.85037170771E-15)) ;
#4314=IFCDIRECTION((-1.,-1.15648231732E-16,-2.13992216043E-31)) ;
#4319=IFCDIRECTION((0.707106781187,-0.707106781187,-1.30841038224E-15)) ;
#4320=IFCDIRECTION((-0.707106781187,-0.707106781187,-1.30841038224E-15)) ;
#4327=IFCDIRECTION((0.,-1.,-1.65274795847E-15)) ;
#4340=IFCDIRECTION((-1.35525271561E-16,-1.85037170771E-15,1.)) ;
#4341=IFCDIRECTION((-1.,2.50772128175E-31,-1.35525271561E-16)) ;
#4345=IFCDIRECTION((0.707106781187,0.707106781187,0.)) ;
#4352=IFCDIRECTION((0.,-1.,-1.53363234945E-15)) ;
#4364=IFCDIRECTION((-1.15648231732E-16,1.,1.85037170771E-15)) ;
#4365=IFCDIRECTION((-1.,-1.15648231732E-16,-2.13992216043E-31)) ;
#4370=IFCDIRECTION((0.707106781187,-0.707106781187,-1.30841038224E-15)) ;
#4371=IFCDIRECTION((-0.707106781187,-0.707106781187,-1.30841038224E-15)) ;
#4378=IFCDIRECTION((0.,-1.,-1.52430620678E-15)) ;
#4391=IFCDIRECTION((1.,1.15648231732E-16,1.46328424798E-17)) ;
#4392=IFCDIRECTION((-1.15648231732E-16,1.,1.85037170771E-15)) ;
#4396=IFCDIRECTION((0.,2.05655821348E-15,-1.)) ;
#4403=IFCDIRECTION((0.,-1.,0.)) ;
#4415=IFCDIRECTION((-1.15648231732E-16,1.,1.85037170771E-15)) ;
#4416=IFCDIRECTION((-1.,-1.15648231732E-16,-2.13992216043E-31)) ;
#4421=IFCDIRECTION((0.707106781187,-0.707106781187,-1.30841038224E-15)) ;
#4422=IFCDIRECTION((-0.707106781187,-0.707106781187,-1.30841038224E-15)) ;
#4429=IFCDIRECTION((0.,-1.,0.)) ;
#4442=IFCDIRECTION((0.,1.85037170771E-15,-1.)) ;
#4443=IFCDIRECTION((0.,1.,1.85037170771E-15)) ;
#4447=IFCDIRECTION((-0.707106781187,-0.707106781187,0.)) ;
#4454=IFCDIRECTION((0.,-1.,0.)) ;
#4466=IFCDIRECTION((-1.15648231732E-16,1.,1.85037170771E-15)) ;
#4467=IFCDIRECTION((-1.,-1.15648231732E-16,-2.13992216043E-31)) ;
#4472=IFCDIRECTION((0.707106781187,-0.707106781187,-1.30841038224E-15)) ;
#4473=IFCDIRECTION((-0.707106781187,-0.707106781187,-1.30841038224E-15)) ;
#4480=IFCDIRECTION((0.,-1.,0.)) ;
#4493=IFCDIRECTION((0.,1.85037170771E-15,-1.)) ;
#4494=IFCDIRECTION((0.,1.,1.85037170771E-15)) ;
#4498=IFCDIRECTION((0.,-1.,0.)) ;
#4505=IFCDIRECTION((-0.707106781187,-0.707106781187,0.)) ;
#4512=IFCDIRECTION((0.,-1.,0.)) ;
#4525=IFCDIRECTION((1.,1.15648231732E-16,1.22739868583E-16)) ;
#4526=IFCDIRECTION((-1.22739868583E-16,-1.85037170771E-15,1.)) ;
#4530=IFCDIRECTION((0.,2.51371250859E-15,-1.)) ;
#4537=IFCDIRECTION((0.,-1.,0.)) ;
#4549=IFCDIRECTION((-1.15648231732E-16,1.,1.85037170771E-15)) ;
#4550=IFCDIRECTION((-1.,-1.15648231732E-16,-2.13992216043E-31)) ;
#4555=IFCDIRECTION((0.707106781187,-0.707106781187,-1.30841038224E-15)) ;
#4556=IFCDIRECTION((-0.707106781187,-0.707106781187,-1.30841038224E-15)) ;
#4563=IFCDIRECTION((0.,-1.,0.)) ;
#4576=IFCDIRECTION((0.,-1.85037170771E-15,1.)) ;
#4577=IFCDIRECTION((0.,-1.,-1.85037170771E-15)) ;
#4581=IFCDIRECTION((0.707106781187,0.707106781187,0.)) ;
#4586=IFCDIRECTION((0.,-1.,0.)) ;
#4591=IFCDIRECTION((0.,-1.,0.)) ;
#4605=IFCDIRECTION((-1.15648231732E-16,1.,1.85037170771E-15)) ;
#4606=IFCDIRECTION((-1.,-1.15648231732E-16,-2.13992216043E-31)) ;
#4619=IFCDIRECTION((-1.,-1.15648231732E-16,-1.35525271561E-16)) ;
#4620=IFCDIRECTION((1.35525271561E-16,1.85037170771E-15,-1.)) ;
#4624=IFCDIRECTION((0.,0.,1.)) ;
#4637=IFCDIRECTION((0.,-1.,-2.15637080889E-15)) ;
#4638=IFCDIRECTION((0.,2.15637080889E-15,-1.)) ;
#4642=IFCDIRECTION((1.,0.,0.)) ;
#4647=IFCDIRECTION((1.,0.,0.)) ;
#4659=IFCDIRECTION((-1.,-0.,0.)) ;
#4660=IFCDIRECTION((0.,-1.,-1.85037170771E-15)) ;
#4672=IFCDIRECTION((-1.,-0.,0.)) ;
#4673=IFCDIRECTION((0.,-1.,-1.85037170771E-15)) ;
#4678=IFCDIRECTION((0.707106781187,0.707106781187,1.30841038224E-15)) ;
#4679=IFCDIRECTION((0.707106781187,-0.707106781187,-1.30841038224E-15)) ;
#4686=IFCDIRECTION((1.,0.,0.)) ;
#4699=IFCDIRECTION((0.,1.,1.85037170771E-15)) ;
#4700=IFCDIRECTION((-1.,0.,0.)) ;
#4704=IFCDIRECTION((0.,0.,-1.)) ;
#4711=IFCDIRECTION((1.,1.46288210304E-16,0.)) ;
#4724=IFCDIRECTION((0.,-1.85037170771E-15,1.)) ;
#4725=IFCDIRECTION((0.,-1.,-1.85037170771E-15)) ;
#4729=IFCDIRECTION((-0.707106781187,0.707106781187,0.)) ;
#4736=IFCDIRECTION((1.,0.,0.)) ;
#4749=IFCDIRECTION((0.,-1.,-1.94072188875E-15)) ;
#4750=IFCDIRECTION((0.,1.94072188875E-15,-1.)) ;
#4754=IFCDIRECTION((-1.31376391247E-14,0.,1.)) ;
#4761=IFCDIRECTION((1.,0.,0.)) ;
#4773=IFCDIRECTION((-1.,-0.,0.)) ;
#4774=IFCDIRECTION((0.,-1.,-1.85037170771E-15)) ;
#4779=IFCDIRECTION((0.707106781187,0.707106781187,1.30841038224E-15)) ;
#4780=IFCDIRECTION((0.707106781187,-0.707106781187,-1.30841038224E-15)) ;
#4787=IFCDIRECTION((1.,0.,0.)) ;
#4800=IFCDIRECTION((0.,-1.98589697927E-15,1.)) ;
#4801=IFCDIRECTION((0.,-1.,-1.98589697927E-15)) ;
#4805=IFCDIRECTION((-0.707106781187,0.707106781187,0.)) ;
#4812=IFCDIRECTION((1.,0.,0.)) ;
#4824=IFCDIRECTION((-1.,-0.,0.)) ;
#4825=IFCDIRECTION((0.,-1.,-1.85037170771E-15)) ;
#4830=IFCDIRECTION((0.707106781187,0.707106781187,1.30841038224E-15)) ;
#4831=IFCDIRECTION((0.707106781187,-0.707106781187,-1.30841038224E-15)) ;
#4838=IFCDIRECTION((1.,0.,0.)) ;
#4851=IFCDIRECTION((0.,1.,1.86500455019E-15)) ;
#4852=IFCDIRECTION((0.,-1.86500455019E-15,1.)) ;
#4856=IFCDIRECTION((2.62220537237E-16,1.89922589113E-15,-1.)) ;
#4863=IFCDIRECTION((1.,8.32667268469E-17,0.)) ;
#4875=IFCDIRECTION((-1.,-0.,0.)) ;
#4876=IFCDIRECTION((0.,-1.,-1.85037170771E-15)) ;
#4881=IFCDIRECTION((0.707106781187,0.707106781187,1.30841038224E-15)) ;
#4882=IFCDIRECTION((0.707106781187,-0.707106781187,-1.30841038224E-15)) ;
#4889=IFCDIRECTION((1.,5.56228936515E-17,0.)) ;
#4902=IFCDIRECTION((0.,1.85037170771E-15,-1.)) ;
#4903=IFCDIRECTION((0.,1.,1.85037170771E-15)) ;
#4907=IFCDIRECTION((0.707106781187,-0.707106781187,0.)) ;
#4914=IFCDIRECTION((1.,8.71780640977E-17,0.)) ;
#4926=IFCDIRECTION((-1.,-0.,0.)) ;
#4927=IFCDIRECTION((0.,-1.,-1.85037170771E-15)) ;
#4932=IFCDIRECTION((0.707106781187,0.707106781187,1.30841038224E-15)) ;
#4933=IFCDIRECTION((0.707106781187,-0.707106781187,-1.30841038224E-15)) ;
#4938=IFCDIRECTION((1.,6.03212509867E-17,0.)) ;
#4951=IFCDIRECTION((0.,1.85037170771E-15,-1.)) ;
#4952=IFCDIRECTION((0.,1.,1.85037170771E-15)) ;
#4956=IFCDIRECTION((1.,1.16482415698E-16,0.)) ;
#4961=IFCDIRECTION((1.,1.46288210304E-16,0.)) ;
#4974=IFCDIRECTION((0.,1.,1.97311157629E-15)) ;
#4975=IFCDIRECTION((0.,-1.97311157629E-15,1.)) ;
#4979=IFCDIRECTION((1.,8.77729261821E-17,0.)) ;
#4991=IFCDIRECTION((-1.,-0.,0.)) ;
#4992=IFCDIRECTION((0.,-1.,-1.85037170771E-15)) ;
#4997=IFCDIRECTION((1.,8.7382276007E-17,0.)) ;
#5010=IFCDIRECTION((0.,-1.85037170771E-15,1.)) ;
#5011=IFCDIRECTION((0.,-1.,-1.85037170771E-15)) ;
#5015=IFCDIRECTION((1.,2.57932021761E-16,0.)) ;
#5020=IFCDIRECTION((1.,0.,0.)) ;
#5025=IFCDIRECTION((1.,0.,0.)) ;
#5041=IFCDIRECTION((-1.,-0.,0.)) ;
#5042=IFCDIRECTION((0.,-1.,-1.85037170771E-15)) ;
#5055=IFCDIRECTION((0.,-1.,-1.98589697927E-15)) ;
#5056=IFCDIRECTION((0.,1.98589697927E-15,-1.)) ;
#5068=IFCDIRECTION((1.,5.66212079408E-31,-3.0599910118E-16)) ;
#5069=IFCDIRECTION((3.0599910118E-16,-1.85037170771E-15,1.)) ;
#5080=IFCDIRECTION((-0.,-1.,-1.85037170771E-15)) ;
#5081=IFCDIRECTION((1.,-0.,0.)) ;
#5086=IFCDIRECTION((0.,1.,1.85037170771E-15)) ;
#5087=IFCDIRECTION((-1.,0.,0.)) ;
#5100=IFCDIRECTION((2.44929359829E-16,1.,1.54437260653E-15)) ;
#5101=IFCDIRECTION((-7.49481639605E-32,1.54437260653E-15,-1.)) ;
#5105=IFCDIRECTION((1.,0.,0.)) ;
#5110=IFCDIRECTION((1.,0.,0.)) ;
#5122=IFCDIRECTION((-1.,2.44929359829E-16,4.53210357816E-31)) ;
#5123=IFCDIRECTION((2.44929359829E-16,1.,1.85037170771E-15)) ;
#5135=IFCDIRECTION((-1.,2.44929359829E-16,4.53210357816E-31)) ;
#5136=IFCDIRECTION((2.44929359829E-16,1.,1.85037170771E-15)) ;
#5141=IFCDIRECTION((1.,0.,0.)) ;
#5154=IFCDIRECTION((2.44929359829E-16,1.,1.54437260653E-15)) ;
#5155=IFCDIRECTION((-7.49481639605E-32,1.54437260653E-15,-1.)) ;
#5159=IFCDIRECTION((1.,0.,0.)) ;
#5171=IFCDIRECTION((-1.,2.44929359829E-16,4.53210357816E-31)) ;
#5172=IFCDIRECTION((2.44929359829E-16,1.,1.85037170771E-15)) ;
#5184=IFCDIRECTION((-1.,2.44929359829E-16,4.53210357816E-31)) ;
#5185=IFCDIRECTION((2.44929359829E-16,1.,1.85037170771E-15)) ;
#5198=IFCDIRECTION((0.,-1.,-2.15637080889E-15)) ;
#5199=IFCDIRECTION((0.,2.15637080889E-15,-1.)) ;
#5203=IFCDIRECTION((1.,0.,0.)) ;
#5208=IFCDIRECTION((1.,0.,0.)) ;
#5220=IFCDIRECTION((-1.,-0.,0.)) ;
#5221=IFCDIRECTION((0.,-1.,-1.85037170771E-15)) ;
#5234=IFCDIRECTION((0.,-1.,-2.15637080889E-15)) ;
#5235=IFCDIRECTION((0.,2.15637080889E-15,-1.)) ;
#5239=IFCDIRECTION((1.,0.,0.)) ;
#5244=IFCDIRECTION((1.,0.,0.)) ;
#5256=IFCDIRECTION((-1.15648231732E-16,1.,1.85037170771E-15)) ;
#5257=IFCDIRECTION((-1.,-1.15648231732E-16,-2.13992216043E-31)) ;
#5262=IFCDIRECTION((0.,-1.,0.)) ;
#5274=IFCDIRECTION((-1.,-0.,0.)) ;
#5275=IFCDIRECTION((0.,-1.,-1.85037170771E-15)) ;
#5287=IFCDIRECTION((-1.,-0.,0.)) ;
#5288=IFCDIRECTION((0.,-1.,-1.85037170771E-15)) ;
#5300=IFCDIRECTION((-1.,-0.,0.)) ;
#5301=IFCDIRECTION((0.,-1.,-1.85037170771E-15)) ;
#5313=IFCDIRECTION((-0.,-1.,-1.85037170771E-15)) ;
#5314=IFCDIRECTION((1.,-0.,0.)) ;
#5319=IFCDIRECTION((0.,1.,1.69109171111E-15)) ;
#5331=IFCDIRECTION((-0.,-1.,-1.85037170771E-15)) ;
#5332=IFCDIRECTION((1.,-0.,0.)) ;
#5337=IFCDIRECTION((0.,1.,0.)) ;
#5350=IFCDIRECTION((0.,1.85037170771E-15,-1.)) ;
#5351=IFCDIRECTION((0.,1.,1.85037170771E-15)) ;
#5355=IFCDIRECTION((0.,1.,0.)) ;
#5367=IFCDIRECTION((-0.,-1.,-1.85037170771E-15)) ;
#5368=IFCDIRECTION((1.,-0.,0.)) ;
#5373=IFCDIRECTION((0.,1.,0.)) ;
#5386=IFCDIRECTION((-1.,-2.70761977279E-32,1.46328424798E-17)) ;
#5387=IFCDIRECTION((-1.46328424798E-17,1.85037170771E-15,-1.)) ;
#5391=IFCDIRECTION((0.,1.,1.52430620678E-15)) ;
#5403=IFCDIRECTION((-0.,-1.,-1.85037170771E-15)) ;
#5404=IFCDIRECTION((1.,-0.,0.)) ;
#5409=IFCDIRECTION((0.,1.,1.53363234945E-15)) ;
#5422=IFCDIRECTION((1.35525271561E-16,-1.85037170771E-15,1.)) ;
#5423=IFCDIRECTION((-1.,-2.50772128175E-31,1.35525271561E-16)) ;
#5427=IFCDIRECTION((0.,1.,1.65274795847E-15)) ;
#5439=IFCDIRECTION((-0.,-1.,-1.85037170771E-15)) ;
#5440=IFCDIRECTION((1.,-0.,0.)) ;
#5445=IFCDIRECTION((0.,1.,1.7763568394E-15)) ;
#5458=IFCDIRECTION((1.,1.67181418784E-31,-9.03501810405E-17)) ;
#5459=IFCDIRECTION((9.03501810405E-17,-1.85037170771E-15,1.)) ;
#5463=IFCDIRECTION((0.,1.,1.79034390113E-15)) ;
#5476=IFCDIRECTION((0.,-1.85037170771E-15,1.)) ;
#5477=IFCDIRECTION((0.,-1.,-1.85037170771E-15)) ;
#5481=IFCDIRECTION((0.,1.,1.62003743753E-15)) ;
#5494=IFCDIRECTION((-1.,-0.,0.)) ;
#5495=IFCDIRECTION((0.,-1.,-1.85037170771E-15)) ;
#5507=IFCDIRECTION((-0.,-1.,-1.85037170771E-15)) ;
#5508=IFCDIRECTION((-1.,0.,0.)) ;
#5524=IFCDIRECTION((-0.,1.,1.85037170771E-15)) ;
#5525=IFCDIRECTION((1.,0.,0.)) ;
#5541=IFCDIRECTION((1.,1.15648231732E-16,-3.03576608296E-16)) ;
#5542=IFCDIRECTION((-3.03576608296E-16,1.85037170771E-15,-1.)) ;
#5546=IFCDIRECTION((0.,1.,0.)) ;
#5551=IFCDIRECTION((1.,1.15648231732E-16,-3.03576608296E-16)) ;
#5552=IFCDIRECTION((0.,0.,1.)) ;
#5568=IFCDIRECTION((3.09647230926E-32,-1.,-1.74917950494E-15)) ;
#5569=IFCDIRECTION((1.58774586677E-61,1.74917950494E-15,-1.)) ;
#5581=IFCDIRECTION((-1.,-1.15648231732E-16,-3.0599910118E-16)) ;
#5582=IFCDIRECTION((3.0599910118E-16,1.85037170771E-15,-1.)) ;
#5586=IFCDIRECTION((0.,-1.,0.)) ;
#5598=IFCDIRECTION((-1.15648231732E-16,1.,1.85037170771E-15)) ;
#5599=IFCDIRECTION((-1.,-1.15648231732E-16,-2.13992216043E-31)) ;
#5612=IFCDIRECTION((0.,1.85037170771E-15,-1.)) ;
#5613=IFCDIRECTION((0.,1.,1.85037170771E-15)) ;
#5637=IFCDIRECTION((0.,0.,1.)) ;
#5638=IFCDIRECTION((1.,0.,0.)) ;
#14=IFCAXIS2PLACEMENT3D(#15,#16,#17) ;
#32=IFCAXIS2PLACEMENT3D(#33,#34,#35) ;
#111=IFCAXIS2PLACEMENT3D(#112,#113,#114) ;
#152=IFCAXIS2PLACEMENT3D(#153,#154,#155) ;
#184=IFCAXIS2PLACEMENT3D(#185,#186,#187) ;
#257=IFCAXIS2PLACEMENT3D(#258,#259,#260) ;
#288=IFCAXIS2PLACEMENT3D(#289,#290,#291) ;
#294=IFCAXIS2PLACEMENT3D(#295,#296,#297) ;
#309=IFCAXIS2PLACEMENT3D(#310,#311,#312) ;
#329=IFCAXIS2PLACEMENT3D(#330,#331,#332) ;
#335=IFCAXIS2PLACEMENT3D(#336,#337,#338) ;
#352=IFCAXIS2PLACEMENT3D(#353,#354,#355) ;
#372=IFCAXIS2PLACEMENT3D(#373,#374,#375) ;
#378=IFCAXIS2PLACEMENT3D(#379,#380,#381) ;
#395=IFCAXIS2PLACEMENT3D(#396,#397,#398) ;
#416=IFCAXIS2PLACEMENT3D(#417,#418,#419) ;
#457=IFCAXIS2PLACEMENT3D(#458,#459,#460) ;
#488=IFCAXIS2PLACEMENT3D(#489,#490,#491) ;
#494=IFCAXIS2PLACEMENT3D(#495,#496,#497) ;
#502=IFCAXIS2PLACEMENT3D(#503,#504,#505) ;
#514=IFCAXIS2PLACEMENT3D(#515,#516,#517) ;
#527=IFCAXIS2PLACEMENT3D(#528,#529,#530) ;
#540=IFCAXIS2PLACEMENT3D(#541,#542,#543) ;
#546=IFCAXIS2PLACEMENT3D(#547,#548,#549) ;
#554=IFCAXIS2PLACEMENT3D(#555,#556,#557) ;
#566=IFCAXIS2PLACEMENT3D(#567,#568,#569) ;
#579=IFCAXIS2PLACEMENT3D(#580,#581,#582) ;
#597=IFCAXIS2PLACEMENT3D(#598,#599,#600) ;
#603=IFCAXIS2PLACEMENT3D(#604,#605,#606) ;
#615=IFCAXIS2PLACEMENT3D(#616,#617,#618) ;
#621=IFCAXIS2PLACEMENT3D(#622,#623,#624) ;
#631=IFCAXIS2PLACEMENT3D(#632,#633,#634) ;
#639=IFCAXIS2PLACEMENT3D(#640,#641,#642) ;
#651=IFCAXIS2PLACEMENT3D(#652,#653,#654) ;
#664=IFCAXIS2PLACEMENT3D(#665,#666,#667) ;
#684=IFCAXIS2PLACEMENT3D(#685,#686,#687) ;
#690=IFCAXIS2PLACEMENT3D(#691,#692,#693) ;
#698=IFCAXIS2PLACEMENT3D(#699,#700,#701) ;
#710=IFCAXIS2PLACEMENT3D(#711,#712,#713) ;
#716=IFCAXIS2PLACEMENT3D(#717,#718,#719) ;
#726=IFCAXIS2PLACEMENT3D(#727,#728,#729) ;
#734=IFCAXIS2PLACEMENT3D(#735,#736,#737) ;
#746=IFCAXIS2PLACEMENT3D(#747,#748,#749) ;
#759=IFCAXIS2PLACEMENT3D(#760,#761,#762) ;
#779=IFCAXIS2PLACEMENT3D(#780,#781,#782) ;
#785=IFCAXIS2PLACEMENT3D(#786,#787,#788) ;
#793=IFCAXIS2PLACEMENT3D(#794,#795,#796) ;
#805=IFCAXIS2PLACEMENT3D(#806,#807,#808) ;
#811=IFCAXIS2PLACEMENT3D(#812,#813,#814) ;
#819=IFCAXIS2PLACEMENT3D(#820,#821,#822) ;
#827=IFCAXIS2PLACEMENT3D(#828,#829,#830) ;
#839=IFCAXIS2PLACEMENT3D(#840,#841,#842) ;
#852=IFCAXIS2PLACEMENT3D(#853,#854,#855) ;
#865=IFCAXIS2PLACEMENT3D(#866,#867,#868) ;
#871=IFCAXIS2PLACEMENT3D(#872,#873,#874) ;
#879=IFCAXIS2PLACEMENT3D(#880,#881,#882) ;
#891=IFCAXIS2PLACEMENT3D(#892,#893,#894) ;
#897=IFCAXIS2PLACEMENT3D(#898,#899,#900) ;
#907=IFCAXIS2PLACEMENT3D(#908,#909,#910) ;
#915=IFCAXIS2PLACEMENT3D(#916,#917,#918) ;
#927=IFCAXIS2PLACEMENT3D(#928,#929,#930) ;
#947=IFCAXIS2PLACEMENT3D(#948,#949,#950) ;
#960=IFCAXIS2PLACEMENT3D(#961,#962,#963) ;
#966=IFCAXIS2PLACEMENT3D(#967,#968,#969) ;
#974=IFCAXIS2PLACEMENT3D(#975,#976,#977) ;
#986=IFCAXIS2PLACEMENT3D(#987,#988,#989) ;
#992=IFCAXIS2PLACEMENT3D(#993,#994,#995) ;
#1002=IFCAXIS2PLACEMENT3D(#1003,#1004,#1005) ;
#1010=IFCAXIS2PLACEMENT3D(#1011,#1012,#1013) ;
#1022=IFCAXIS2PLACEMENT3D(#1023,#1024,#1025) ;
#1035=IFCAXIS2PLACEMENT3D(#1036,#1037,#1038) ;
#1055=IFCAXIS2PLACEMENT3D(#1056,#1057,#1058) ;
#1061=IFCAXIS2PLACEMENT3D(#1062,#1063,#1064) ;
#1069=IFCAXIS2PLACEMENT3D(#1070,#1071,#1072) ;
#1081=IFCAXIS2PLACEMENT3D(#1082,#1083,#1084) ;
#1087=IFCAXIS2PLACEMENT3D(#1088,#1089,#1090) ;
#1095=IFCAXIS2PLACEMENT3D(#1096,#1097,#1098) ;
#1103=IFCAXIS2PLACEMENT3D(#1104,#1105,#1106) ;
#1115=IFCAXIS2PLACEMENT3D(#1116,#1117,#1118) ;
#1128=IFCAXIS2PLACEMENT3D(#1129,#1130,#1131) ;
#1141=IFCAXIS2PLACEMENT3D(#1142,#1143,#1144) ;
#1147=IFCAXIS2PLACEMENT3D(#1148,#1149,#1150) ;
#1155=IFCAXIS2PLACEMENT3D(#1156,#1157,#1158) ;
#1167=IFCAXIS2PLACEMENT3D(#1168,#1169,#1170) ;
#1173=IFCAXIS2PLACEMENT3D(#1174,#1175,#1176) ;
#1183=IFCAXIS2PLACEMENT3D(#1184,#1185,#1186) ;
#1191=IFCAXIS2PLACEMENT3D(#1192,#1193,#1194) ;
#1203=IFCAXIS2PLACEMENT3D(#1204,#1205,#1206) ;
#1216=IFCAXIS2PLACEMENT3D(#1217,#1218,#1219) ;
#1236=IFCAXIS2PLACEMENT3D(#1237,#1238,#1239) ;
#1242=IFCAXIS2PLACEMENT3D(#1243,#1244,#1245) ;
#1248=IFCAXIS2PLACEMENT3D(#1249,#1250,#1251) ;
#1260=IFCAXIS2PLACEMENT3D(#1261,#1262,#1263) ;
#1266=IFCAXIS2PLACEMENT3D(#1267,#1268,#1269) ;
#1276=IFCAXIS2PLACEMENT3D(#1277,#1278,#1279) ;
#1284=IFCAXIS2PLACEMENT3D(#1285,#1286,#1287) ;
#1296=IFCAXIS2PLACEMENT3D(#1297,#1298,#1299) ;
#1309=IFCAXIS2PLACEMENT3D(#1310,#1311,#1312) ;
#1329=IFCAXIS2PLACEMENT3D(#1330,#1331,#1332) ;
#1335=IFCAXIS2PLACEMENT3D(#1336,#1337,#1338) ;
#1341=IFCAXIS2PLACEMENT3D(#1342,#1343,#1344) ;
#1353=IFCAXIS2PLACEMENT3D(#1354,#1355,#1356) ;
#1359=IFCAXIS2PLACEMENT3D(#1360,#1361,#1362) ;
#1369=IFCAXIS2PLACEMENT3D(#1370,#1371,#1372) ;
#1377=IFCAXIS2PLACEMENT3D(#1378,#1379,#1380) ;
#1389=IFCAXIS2PLACEMENT3D(#1390,#1391,#1392) ;
#1402=IFCAXIS2PLACEMENT3D(#1403,#1404,#1405) ;
#1422=IFCAXIS2PLACEMENT3D(#1423,#1424,#1425) ;
#1428=IFCAXIS2PLACEMENT3D(#1429,#1430,#1431) ;
#1434=IFCAXIS2PLACEMENT3D(#1435,#1436,#1437) ;
#1446=IFCAXIS2PLACEMENT3D(#1447,#1448,#1449) ;
#1452=IFCAXIS2PLACEMENT3D(#1453,#1454,#1455) ;
#1462=IFCAXIS2PLACEMENT3D(#1463,#1464,#1465) ;
#1470=IFCAXIS2PLACEMENT3D(#1471,#1472,#1473) ;
#1482=IFCAXIS2PLACEMENT3D(#1483,#1484,#1485) ;
#1495=IFCAXIS2PLACEMENT3D(#1496,#1497,#1498) ;
#1515=IFCAXIS2PLACEMENT3D(#1516,#1517,#1518) ;
#1521=IFCAXIS2PLACEMENT3D(#1522,#1523,#1524) ;
#1527=IFCAXIS2PLACEMENT3D(#1528,#1529,#1530) ;
#1539=IFCAXIS2PLACEMENT3D(#1540,#1541,#1542) ;
#1545=IFCAXIS2PLACEMENT3D(#1546,#1547,#1548) ;
#1555=IFCAXIS2PLACEMENT3D(#1556,#1557,#1558) ;
#1561=IFCAXIS2PLACEMENT3D(#1562,#1563,#1564) ;
#1573=IFCAXIS2PLACEMENT3D(#1574,#1575,#1576) ;
#1586=IFCAXIS2PLACEMENT3D(#1587,#1588,#1589) ;
#1606=IFCAXIS2PLACEMENT3D(#1607,#1608,#1609) ;
#1612=IFCAXIS2PLACEMENT3D(#1613,#1614,#1615) ;
#1620=IFCAXIS2PLACEMENT3D(#1621,#1622,#1623) ;
#1632=IFCAXIS2PLACEMENT3D(#1633,#1634,#1635) ;
#1638=IFCAXIS2PLACEMENT3D(#1639,#1640,#1641) ;
#1648=IFCAXIS2PLACEMENT3D(#1649,#1650,#1651) ;
#1656=IFCAXIS2PLACEMENT3D(#1657,#1658,#1659) ;
#1668=IFCAXIS2PLACEMENT3D(#1669,#1670,#1671) ;
#1681=IFCAXIS2PLACEMENT3D(#1682,#1683,#1684) ;
#1701=IFCAXIS2PLACEMENT3D(#1702,#1703,#1704) ;
#1707=IFCAXIS2PLACEMENT3D(#1708,#1709,#1710) ;
#1713=IFCAXIS2PLACEMENT3D(#1714,#1715,#1716) ;
#1725=IFCAXIS2PLACEMENT3D(#1726,#1727,#1728) ;
#1731=IFCAXIS2PLACEMENT3D(#1732,#1733,#1734) ;
#1741=IFCAXIS2PLACEMENT3D(#1742,#1743,#1744) ;
#1749=IFCAXIS2PLACEMENT3D(#1750,#1751,#1752) ;
#1761=IFCAXIS2PLACEMENT3D(#1762,#1763,#1764) ;
#1774=IFCAXIS2PLACEMENT3D(#1775,#1776,#1777) ;
#1794=IFCAXIS2PLACEMENT3D(#1795,#1796,#1797) ;
#1800=IFCAXIS2PLACEMENT3D(#1801,#1802,#1803) ;
#1808=IFCAXIS2PLACEMENT3D(#1809,#1810,#1811) ;
#1820=IFCAXIS2PLACEMENT3D(#1821,#1822,#1823) ;
#1826=IFCAXIS2PLACEMENT3D(#1827,#1828,#1829) ;
#1836=IFCAXIS2PLACEMENT3D(#1837,#1838,#1839) ;
#1844=IFCAXIS2PLACEMENT3D(#1845,#1846,#1847) ;
#1856=IFCAXIS2PLACEMENT3D(#1857,#1858,#1859) ;
#1869=IFCAXIS2PLACEMENT3D(#1870,#1871,#1872) ;
#1889=IFCAXIS2PLACEMENT3D(#1890,#1891,#1892) ;
#1895=IFCAXIS2PLACEMENT3D(#1896,#1897,#1898) ;
#1903=IFCAXIS2PLACEMENT3D(#1904,#1905,#1906) ;
#1915=IFCAXIS2PLACEMENT3D(#1916,#1917,#1918) ;
#1921=IFCAXIS2PLACEMENT3D(#1922,#1923,#1924) ;
#1929=IFCAXIS2PLACEMENT3D(#1930,#1931,#1932) ;
#1941=IFCAXIS2PLACEMENT3D(#1942,#1943,#1944) ;
#1954=IFCAXIS2PLACEMENT3D(#1955,#1956,#1957) ;
#1972=IFCAXIS2PLACEMENT3D(#1973,#1974,#1975) ;
#1978=IFCAXIS2PLACEMENT3D(#1979,#1980,#1981) ;
#1990=IFCAXIS2PLACEMENT3D(#1991,#1992,#1993) ;
#1996=IFCAXIS2PLACEMENT3D(#1997,#1998,#1999) ;
#2006=IFCAXIS2PLACEMENT3D(#2007,#2008,#2009) ;
#2012=IFCAXIS2PLACEMENT3D(#2013,#2014,#2015) ;
#2024=IFCAXIS2PLACEMENT3D(#2025,#2026,#2027) ;
#2037=IFCAXIS2PLACEMENT3D(#2038,#2039,#2040) ;
#2057=IFCAXIS2PLACEMENT3D(#2058,#2059,#2060) ;
#2063=IFCAXIS2PLACEMENT3D(#2064,#2065,#2066) ;
#2071=IFCAXIS2PLACEMENT3D(#2072,#2073,#2074) ;
#2083=IFCAXIS2PLACEMENT3D(#2084,#2085,#2086) ;
#2089=IFCAXIS2PLACEMENT3D(#2090,#2091,#2092) ;
#2099=IFCAXIS2PLACEMENT3D(#2100,#2101,#2102) ;
#2107=IFCAXIS2PLACEMENT3D(#2108,#2109,#2110) ;
#2119=IFCAXIS2PLACEMENT3D(#2120,#2121,#2122) ;
#2132=IFCAXIS2PLACEMENT3D(#2133,#2134,#2135) ;
#2152=IFCAXIS2PLACEMENT3D(#2153,#2154,#2155) ;
#2158=IFCAXIS2PLACEMENT3D(#2159,#2160,#2161) ;
#2166=IFCAXIS2PLACEMENT3D(#2167,#2168,#2169) ;
#2178=IFCAXIS2PLACEMENT3D(#2179,#2180,#2181) ;
#2184=IFCAXIS2PLACEMENT3D(#2185,#2186,#2187) ;
#2192=IFCAXIS2PLACEMENT3D(#2193,#2194,#2195) ;
#2204=IFCAXIS2PLACEMENT3D(#2205,#2206,#2207) ;
#2210=IFCAXIS2PLACEMENT3D(#2211,#2212,#2213) ;
#2230=IFCAXIS2PLACEMENT3D(#2231,#2232,#2233) ;
#2236=IFCAXIS2PLACEMENT3D(#2237,#2238,#2239) ;
#2244=IFCAXIS2PLACEMENT3D(#2245,#2246,#2247) ;
#2257=IFCAXIS2PLACEMENT3D(#2258,#2259,#2260) ;
#2289=IFCAXIS2PLACEMENT3D(#2290,#2291,#2292) ;
#2334=IFCAXIS2PLACEMENT3D(#2335,#2336,#2337) ;
#2340=IFCAXIS2PLACEMENT3D(#2341,#2342,#2343) ;
#2346=IFCAXIS2PLACEMENT3D(#2347,#2348,#2349) ;
#2360=IFCAXIS2PLACEMENT3D(#2361,#2362,#2363) ;
#2382=IFCAXIS2PLACEMENT3D(#2383,#2384,#2385) ;
#2404=IFCAXIS2PLACEMENT3D(#2405,#2406,#2407) ;
#2431=IFCAXIS2PLACEMENT3D(#2432,#2433,#2434) ;
#2471=IFCAXIS2PLACEMENT3D(#2472,#2473,#2474) ;
#2495=IFCAXIS2PLACEMENT3D(#2496,#2497,#2498) ;
#2512=IFCAXIS2PLACEMENT3D(#2513,#2514,#2515) ;
#2531=IFCAXIS2PLACEMENT3D(#2532,#2533,#2534) ;
#2572=IFCAXIS2PLACEMENT3D(#2573,#2574,#2575) ;
#2604=IFCAXIS2PLACEMENT3D(#2605,#2606,#2607) ;
#2635=IFCAXIS2PLACEMENT3D(#2636,#2637,#2638) ;
#2641=IFCAXIS2PLACEMENT3D(#2642,#2643,#2644) ;
#2649=IFCAXIS2PLACEMENT3D(#2650,#2651,#2652) ;
#2670=IFCAXIS2PLACEMENT3D(#2671,#2672,#2673) ;
#2701=IFCAXIS2PLACEMENT3D(#2702,#2703,#2704) ;
#2707=IFCAXIS2PLACEMENT3D(#2708,#2709,#2710) ;
#2715=IFCAXIS2PLACEMENT3D(#2716,#2717,#2718) ;
#2736=IFCAXIS2PLACEMENT3D(#2737,#2738,#2739) ;
#2768=IFCAXIS2PLACEMENT3D(#2769,#2770,#2771) ;
#2791=IFCAXIS2PLACEMENT3D(#2792,#2793,#2794) ;
#2809=IFCAXIS2PLACEMENT3D(#2810,#2811,#2812) ;
#2827=IFCAXIS2PLACEMENT3D(#2828,#2829,#2830) ;
#2840=IFCAXIS2PLACEMENT3D(#2841,#2842,#2843) ;
#2870=IFCAXIS2PLACEMENT3D(#2871,#2872,#2873) ;
#2888=IFCAXIS2PLACEMENT3D(#2889,#2890,#2891) ;
#2913=IFCAXIS2PLACEMENT3D(#2914,#2915,#2916) ;
#2931=IFCAXIS2PLACEMENT3D(#2932,#2933,#2934) ;
#2963=IFCAXIS2PLACEMENT3D(#2964,#2965,#2966) ;
#2987=IFCAXIS2PLACEMENT3D(#2988,#2989,#2990) ;
#3006=IFCAXIS2PLACEMENT3D(#3007,#3008,#3009) ;
#3023=IFCAXIS2PLACEMENT3D(#3024,#3025,#3026) ;
#3042=IFCAXIS2PLACEMENT3D(#3043,#3044,#3045) ;
#3066=IFCAXIS2PLACEMENT3D(#3067,#3068,#3069) ;
#3072=IFCAXIS2PLACEMENT3D(#3073,#3074,#3075) ;
#3093=IFCAXIS2PLACEMENT3D(#3094,#3095,#3096) ;
#3117=IFCAXIS2PLACEMENT3D(#3118,#3119,#3120) ;
#3123=IFCAXIS2PLACEMENT3D(#3124,#3125,#3126) ;
#3144=IFCAXIS2PLACEMENT3D(#3145,#3146,#3147) ;
#3162=IFCAXIS2PLACEMENT3D(#3163,#3164,#3165) ;
#3194=IFCAXIS2PLACEMENT3D(#3195,#3196,#3197) ;
#3218=IFCAXIS2PLACEMENT3D(#3219,#3220,#3221) ;
#3242=IFCAXIS2PLACEMENT3D(#3243,#3244,#3245) ;
#3259=IFCAXIS2PLACEMENT3D(#3260,#3261,#3262) ;
#3278=IFCAXIS2PLACEMENT3D(#3279,#3280,#3281) ;
#3302=IFCAXIS2PLACEMENT3D(#3303,#3304,#3305) ;
#3308=IFCAXIS2PLACEMENT3D(#3309,#3310,#3311) ;
#3329=IFCAXIS2PLACEMENT3D(#3330,#3331,#3332) ;
#3353=IFCAXIS2PLACEMENT3D(#3354,#3355,#3356) ;
#3359=IFCAXIS2PLACEMENT3D(#3360,#3361,#3362) ;
#3380=IFCAXIS2PLACEMENT3D(#3381,#3382,#3383) ;
#3398=IFCAXIS2PLACEMENT3D(#3399,#3400,#3401) ;
#3421=IFCAXIS2PLACEMENT3D(#3422,#3423,#3424) ;
#3438=IFCAXIS2PLACEMENT3D(#3439,#3440,#3441) ;
#3462=IFCAXIS2PLACEMENT3D(#3463,#3464,#3465) ;
#3479=IFCAXIS2PLACEMENT3D(#3480,#3481,#3482) ;
#3498=IFCAXIS2PLACEMENT3D(#3499,#3500,#3501) ;
#3511=IFCAXIS2PLACEMENT3D(#3512,#3513,#3514) ;
#3528=IFCAXIS2PLACEMENT3D(#3529,#3530,#3531) ;
#3547=IFCAXIS2PLACEMENT3D(#3548,#3549,#3550) ;
#3564=IFCAXIS2PLACEMENT3D(#3565,#3566,#3567) ;
#3583=IFCAXIS2PLACEMENT3D(#3584,#3585,#3586) ;
#3595=IFCAXIS2PLACEMENT3D(#3596,#3597,#3598) ;
#3614=IFCAXIS2PLACEMENT3D(#3615,#3616,#3617) ;
#3660=IFCAXIS2PLACEMENT3D(#3661,#3662,#3663) ;
#3666=IFCAXIS2PLACEMENT3D(#3667,#3668,#3669) ;
#3674=IFCAXIS2PLACEMENT3D(#3675,#3676,#3677) ;
#3695=IFCAXIS2PLACEMENT3D(#3696,#3697,#3698) ;
#3727=IFCAXIS2PLACEMENT3D(#3728,#3729,#3730) ;
#3759=IFCAXIS2PLACEMENT3D(#3760,#3761,#3762) ;
#3790=IFCAXIS2PLACEMENT3D(#3791,#3792,#3793) ;
#3796=IFCAXIS2PLACEMENT3D(#3797,#3798,#3799) ;
#3804=IFCAXIS2PLACEMENT3D(#3805,#3806,#3807) ;
#3825=IFCAXIS2PLACEMENT3D(#3826,#3827,#3828) ;
#3856=IFCAXIS2PLACEMENT3D(#3857,#3858,#3859) ;
#3862=IFCAXIS2PLACEMENT3D(#3863,#3864,#3865) ;
#3870=IFCAXIS2PLACEMENT3D(#3871,#3872,#3873) ;
#3891=IFCAXIS2PLACEMENT3D(#3892,#3893,#3894) ;
#3922=IFCAXIS2PLACEMENT3D(#3923,#3924,#3925) ;
#3928=IFCAXIS2PLACEMENT3D(#3929,#3930,#3931) ;
#3936=IFCAXIS2PLACEMENT3D(#3937,#3938,#3939) ;
#3957=IFCAXIS2PLACEMENT3D(#3958,#3959,#3960) ;
#3988=IFCAXIS2PLACEMENT3D(#3989,#3990,#3991) ;
#3994=IFCAXIS2PLACEMENT3D(#3995,#3996,#3997) ;
#4000=IFCAXIS2PLACEMENT3D(#4001,#4002,#4003) ;
#4021=IFCAXIS2PLACEMENT3D(#4022,#4023,#4024) ;
#4045=IFCAXIS2PLACEMENT3D(#4046,#4047,#4048) ;
#4051=IFCAXIS2PLACEMENT3D(#4052,#4053,#4054) ;
#4072=IFCAXIS2PLACEMENT3D(#4073,#4074,#4075) ;
#4118=IFCAXIS2PLACEMENT3D(#4119,#4120,#4121) ;
#4132=IFCAXIS2PLACEMENT3D(#4133,#4134,#4135) ;
#4150=IFCAXIS2PLACEMENT3D(#4151,#4152,#4153) ;
#4172=IFCAXIS2PLACEMENT3D(#4173,#4174,#4175) ;
#4191=IFCAXIS2PLACEMENT3D(#4192,#4193,#4194) ;
#4210=IFCAXIS2PLACEMENT3D(#4211,#4212,#4213) ;
#4216=IFCAXIS2PLACEMENT3D(#4217,#4218,#4219) ;
#4237=IFCAXIS2PLACEMENT3D(#4238,#4239,#4240) ;
#4262=IFCAXIS2PLACEMENT3D(#4263,#4264,#4265) ;
#4287=IFCAXIS2PLACEMENT3D(#4288,#4289,#4290) ;
#4311=IFCAXIS2PLACEMENT3D(#4312,#4313,#4314) ;
#4317=IFCAXIS2PLACEMENT3D(#4318,#4319,#4320) ;
#4338=IFCAXIS2PLACEMENT3D(#4339,#4340,#4341) ;
#4362=IFCAXIS2PLACEMENT3D(#4363,#4364,#4365) ;
#4368=IFCAXIS2PLACEMENT3D(#4369,#4370,#4371) ;
#4389=IFCAXIS2PLACEMENT3D(#4390,#4391,#4392) ;
#4413=IFCAXIS2PLACEMENT3D(#4414,#4415,#4416) ;
#4419=IFCAXIS2PLACEMENT3D(#4420,#4421,#4422) ;
#4440=IFCAXIS2PLACEMENT3D(#4441,#4442,#4443) ;
#4464=IFCAXIS2PLACEMENT3D(#4465,#4466,#4467) ;
#4470=IFCAXIS2PLACEMENT3D(#4471,#4472,#4473) ;
#4491=IFCAXIS2PLACEMENT3D(#4492,#4493,#4494) ;
#4523=IFCAXIS2PLACEMENT3D(#4524,#4525,#4526) ;
#4547=IFCAXIS2PLACEMENT3D(#4548,#4549,#4550) ;
#4553=IFCAXIS2PLACEMENT3D(#4554,#4555,#4556) ;
#4574=IFCAXIS2PLACEMENT3D(#4575,#4576,#4577) ;
#4603=IFCAXIS2PLACEMENT3D(#4604,#4605,#4606) ;
#4617=IFCAXIS2PLACEMENT3D(#4618,#4619,#4620) ;
#4635=IFCAXIS2PLACEMENT3D(#4636,#4637,#4638) ;
#4657=IFCAXIS2PLACEMENT3D(#4658,#4659,#4660) ;
#4670=IFCAXIS2PLACEMENT3D(#4671,#4672,#4673) ;
#4676=IFCAXIS2PLACEMENT3D(#4677,#4678,#4679) ;
#4697=IFCAXIS2PLACEMENT3D(#4698,#4699,#4700) ;
#4722=IFCAXIS2PLACEMENT3D(#4723,#4724,#4725) ;
#4747=IFCAXIS2PLACEMENT3D(#4748,#4749,#4750) ;
#4771=IFCAXIS2PLACEMENT3D(#4772,#4773,#4774) ;
#4777=IFCAXIS2PLACEMENT3D(#4778,#4779,#4780) ;
#4798=IFCAXIS2PLACEMENT3D(#4799,#4800,#4801) ;
#4822=IFCAXIS2PLACEMENT3D(#4823,#4824,#4825) ;
#4828=IFCAXIS2PLACEMENT3D(#4829,#4830,#4831) ;
#4849=IFCAXIS2PLACEMENT3D(#4850,#4851,#4852) ;
#4873=IFCAXIS2PLACEMENT3D(#4874,#4875,#4876) ;
#4879=IFCAXIS2PLACEMENT3D(#4880,#4881,#4882) ;
#4900=IFCAXIS2PLACEMENT3D(#4901,#4902,#4903) ;
#4924=IFCAXIS2PLACEMENT3D(#4925,#4926,#4927) ;
#4930=IFCAXIS2PLACEMENT3D(#4931,#4932,#4933) ;
#4949=IFCAXIS2PLACEMENT3D(#4950,#4951,#4952) ;
#4972=IFCAXIS2PLACEMENT3D(#4973,#4974,#4975) ;
#4989=IFCAXIS2PLACEMENT3D(#4990,#4991,#4992) ;
#5008=IFCAXIS2PLACEMENT3D(#5009,#5010,#5011) ;
#5039=IFCAXIS2PLACEMENT3D(#5040,#5041,#5042) ;
#5053=IFCAXIS2PLACEMENT3D(#5054,#5055,#5056) ;
#5066=IFCAXIS2PLACEMENT3D(#5067,#5068,#5069) ;
#5078=IFCAXIS2PLACEMENT3D(#5079,#5080,#5081) ;
#5084=IFCAXIS2PLACEMENT3D(#5085,#5086,#5087) ;
#5098=IFCAXIS2PLACEMENT3D(#5099,#5100,#5101) ;
#5120=IFCAXIS2PLACEMENT3D(#5121,#5122,#5123) ;
#5133=IFCAXIS2PLACEMENT3D(#5134,#5135,#5136) ;
#5152=IFCAXIS2PLACEMENT3D(#5153,#5154,#5155) ;
#5169=IFCAXIS2PLACEMENT3D(#5170,#5171,#5172) ;
#5182=IFCAXIS2PLACEMENT3D(#5183,#5184,#5185) ;
#5196=IFCAXIS2PLACEMENT3D(#5197,#5198,#5199) ;
#5218=IFCAXIS2PLACEMENT3D(#5219,#5220,#5221) ;
#5232=IFCAXIS2PLACEMENT3D(#5233,#5234,#5235) ;
#5254=IFCAXIS2PLACEMENT3D(#5255,#5256,#5257) ;
#5272=IFCAXIS2PLACEMENT3D(#5273,#5274,#5275) ;
#5285=IFCAXIS2PLACEMENT3D(#5286,#5287,#5288) ;
#5298=IFCAXIS2PLACEMENT3D(#5299,#5300,#5301) ;
#5311=IFCAXIS2PLACEMENT3D(#5312,#5313,#5314) ;
#5329=IFCAXIS2PLACEMENT3D(#5330,#5331,#5332) ;
#5348=IFCAXIS2PLACEMENT3D(#5349,#5350,#5351) ;
#5365=IFCAXIS2PLACEMENT3D(#5366,#5367,#5368) ;
#5384=IFCAXIS2PLACEMENT3D(#5385,#5386,#5387) ;
#5401=IFCAXIS2PLACEMENT3D(#5402,#5403,#5404) ;
#5420=IFCAXIS2PLACEMENT3D(#5421,#5422,#5423) ;
#5437=IFCAXIS2PLACEMENT3D(#5438,#5439,#5440) ;
#5456=IFCAXIS2PLACEMENT3D(#5457,#5458,#5459) ;
#5474=IFCAXIS2PLACEMENT3D(#5475,#5476,#5477) ;
#5492=IFCAXIS2PLACEMENT3D(#5493,#5494,#5495) ;
#5505=IFCAXIS2PLACEMENT3D(#5506,#5507,#5508) ;
#5522=IFCAXIS2PLACEMENT3D(#5523,#5524,#5525) ;
#5539=IFCAXIS2PLACEMENT3D(#5540,#5541,#5542) ;
#5549=IFCAXIS2PLACEMENT3D(#5550,#5551,#5552) ;
#5566=IFCAXIS2PLACEMENT3D(#5567,#5568,#5569) ;
#5579=IFCAXIS2PLACEMENT3D(#5580,#5581,#5582) ;
#5596=IFCAXIS2PLACEMENT3D(#5597,#5598,#5599) ;
#5610=IFCAXIS2PLACEMENT3D(#5611,#5612,#5613) ;
#5635=IFCAXIS2PLACEMENT3D(#5636,#5637,#5638) ;
#105=IFCCOLOURRGB($,0.752941176471,0.752941176471,0.752941176471) ;
#5624=IFCCOLOURRGB($,1.,1.,1.) ;
#18=IFCGEOMETRICREPRESENTATIONCONTEXT($,'Model',3,1.E-05,#14,$) ;
#44=IFCEDGECURVE(#41,#43,#36,.T.) ;
#51=IFCEDGECURVE(#50,#41,#45,.T.) ;
#58=IFCEDGECURVE(#57,#50,#52,.T.) ;
#63=IFCEDGECURVE(#43,#57,#59,.T.) ;
#78=IFCEDGECURVE(#75,#77,#70,.T.) ;
#85=IFCEDGECURVE(#77,#84,#79,.T.) ;
#92=IFCEDGECURVE(#84,#91,#86,.T.) ;
#97=IFCEDGECURVE(#91,#75,#93,.T.) ;
#123=IFCEDGECURVE(#120,#122,#115,.T.) ;
#130=IFCEDGECURVE(#129,#122,#124,.T.) ;
#137=IFCEDGECURVE(#136,#129,#131,.T.) ;
#142=IFCEDGECURVE(#136,#120,#138,.T.) ;
#162=IFCEDGECURVE(#161,#129,#156,.T.) ;
#169=IFCEDGECURVE(#168,#161,#163,.T.) ;
#174=IFCEDGECURVE(#168,#136,#170,.T.) ;
#196=IFCEDGECURVE(#193,#195,#188,.T.) ;
#203=IFCEDGECURVE(#195,#202,#197,.T.) ;
#210=IFCEDGECURVE(#202,#209,#204,.T.) ;
#217=IFCEDGECURVE(#209,#216,#211,.T.) ;
#224=IFCEDGECURVE(#216,#223,#218,.T.) ;
#231=IFCEDGECURVE(#223,#230,#225,.T.) ;
#238=IFCEDGECURVE(#237,#230,#232,.T.) ;
#243=IFCEDGECURVE(#237,#193,#239,.T.) ;
#267=IFCEDGECURVE(#266,#122,#261,.T.) ;
#274=IFCEDGECURVE(#273,#266,#268,.T.) ;
#279=IFCEDGECURVE(#273,#129,#275,.T.) ;
#300=IFCEDGECURVE(#299,#230,#293,.T.) ;
#307=IFCEDGECURVE(#299,#306,#301,.T.) ;
#315=IFCEDGECURVE(#314,#306,#308,.F.) ;
#320=IFCEDGECURVE(#230,#314,#316,.T.) ;
#343=IFCEDGECURVE(#340,#342,#334,.T.) ;
#350=IFCEDGECURVE(#340,#349,#344,.T.) ;
#358=IFCEDGECURVE(#357,#349,#351,.F.) ;
#363=IFCEDGECURVE(#342,#357,#359,.T.) ;
#386=IFCEDGECURVE(#383,#385,#377,.F.) ;
#393=IFCEDGECURVE(#392,#383,#387,.T.) ;
#401=IFCEDGECURVE(#400,#392,#394,.T.) ;
#406=IFCEDGECURVE(#400,#385,#402,.T.) ;
#428=IFCEDGECURVE(#425,#427,#420,.T.) ;
#435=IFCEDGECURVE(#425,#434,#429,.T.) ;
#442=IFCEDGECURVE(#441,#434,#436,.T.) ;
#447=IFCEDGECURVE(#427,#441,#443,.T.) ;
#467=IFCEDGECURVE(#385,#466,#461,.F.) ;
#474=IFCEDGECURVE(#473,#400,#468,.T.) ;
#479=IFCEDGECURVE(#473,#466,#475,.T.) ;
#500=IFCEDGECURVE(#392,#499,#493,.F.) ;
#506=IFCEDGECURVE(#400,#499,#501,.T.) ;
#525=IFCEDGECURVE(#524,#499,#519,.T.) ;
#531=IFCEDGECURVE(#473,#524,#526,.T.) ;
#552=IFCEDGECURVE(#551,#357,#545,.T.) ;
#558=IFCEDGECURVE(#349,#551,#553,.F.) ;
#577=IFCEDGECURVE(#576,#551,#571,.T.) ;
#583=IFCEDGECURVE(#576,#306,#578,.T.) ;
#588=IFCEDGECURVE(#306,#357,#584,.T.) ;
#607=IFCEDGECURVE(#576,#314,#602,.F.) ;
#629=IFCEDGECURVE(#626,#628,#620,.T.) ;
#637=IFCEDGECURVE(#628,#636,#630,.F.) ;
#643=IFCEDGECURVE(#636,#626,#638,.T.) ;
#662=IFCEDGECURVE(#626,#661,#656,.F.) ;
#670=IFCEDGECURVE(#661,#669,#663,.T.) ;
#675=IFCEDGECURVE(#669,#628,#671,.T.) ;
#696=IFCEDGECURVE(#661,#695,#689,.T.) ;
#702=IFCEDGECURVE(#695,#669,#697,.F.) ;
#724=IFCEDGECURVE(#721,#723,#715,.T.) ;
#732=IFCEDGECURVE(#723,#731,#725,.F.) ;
#738=IFCEDGECURVE(#731,#721,#733,.F.) ;
#757=IFCEDGECURVE(#721,#756,#751,.T.) ;
#765=IFCEDGECURVE(#756,#764,#758,.T.) ;
#770=IFCEDGECURVE(#764,#723,#766,.F.) ;
#791=IFCEDGECURVE(#756,#790,#784,.F.) ;
#797=IFCEDGECURVE(#790,#764,#792,.F.) ;
#817=IFCEDGECURVE(#816,#427,#810,.T.) ;
#825=IFCEDGECURVE(#427,#824,#818,.T.) ;
#831=IFCEDGECURVE(#824,#816,#826,.F.) ;
#850=IFCEDGECURVE(#849,#816,#844,.T.) ;
#856=IFCEDGECURVE(#849,#425,#851,.T.) ;
#877=IFCEDGECURVE(#849,#876,#870,.F.) ;
#883=IFCEDGECURVE(#876,#425,#878,.T.) ;
#905=IFCEDGECURVE(#902,#904,#896,.T.) ;
#913=IFCEDGECURVE(#904,#912,#906,.F.) ;
#919=IFCEDGECURVE(#912,#902,#914,.F.) ;
#938=IFCEDGECURVE(#904,#937,#932,.T.) ;
#945=IFCEDGECURVE(#902,#944,#939,.T.) ;
#951=IFCEDGECURVE(#944,#937,#946,.T.) ;
#972=IFCEDGECURVE(#971,#937,#965,.F.) ;
#978=IFCEDGECURVE(#944,#971,#973,.F.) ;
#1000=IFCEDGECURVE(#997,#999,#991,.T.) ;
#1008=IFCEDGECURVE(#999,#1007,#1001,.T.) ;
#1014=IFCEDGECURVE(#1007,#997,#1009,.T.) ;
#1033=IFCEDGECURVE(#1032,#997,#1027,.T.) ;
#1041=IFCEDGECURVE(#1032,#1040,#1034,.T.) ;
#1046=IFCEDGECURVE(#1040,#999,#1042,.T.) ;
#1067=IFCEDGECURVE(#1032,#1066,#1060,.T.) ;
#1073=IFCEDGECURVE(#1066,#1040,#1068,.T.) ;
#1093=IFCEDGECURVE(#441,#1092,#1086,.T.) ;
#1101=IFCEDGECURVE(#1092,#1100,#1094,.T.) ;
#1107=IFCEDGECURVE(#1100,#441,#1102,.F.) ;
#1126=IFCEDGECURVE(#1092,#1125,#1120,.T.) ;
#1132=IFCEDGECURVE(#434,#1125,#1127,.T.) ;
#1153=IFCEDGECURVE(#1152,#1125,#1146,.T.) ;
#1159=IFCEDGECURVE(#434,#1152,#1154,.F.) ;
#1181=IFCEDGECURVE(#1178,#1180,#1172,.T.) ;
#1189=IFCEDGECURVE(#1180,#1188,#1182,.F.) ;
#1195=IFCEDGECURVE(#1188,#1178,#1190,.T.) ;
#1214=IFCEDGECURVE(#1178,#1213,#1208,.F.) ;
#1222=IFCEDGECURVE(#1213,#1221,#1215,.T.) ;
#1227=IFCEDGECURVE(#1221,#1180,#1223,.T.) ;
#1246=IFCEDGECURVE(#1213,#209,#1241,.T.) ;
#1252=IFCEDGECURVE(#209,#1221,#1247,.F.) ;
#1274=IFCEDGECURVE(#1271,#1273,#1265,.T.) ;
#1282=IFCEDGECURVE(#1273,#1281,#1275,.F.) ;
#1288=IFCEDGECURVE(#1281,#1271,#1283,.F.) ;
#1307=IFCEDGECURVE(#1271,#1306,#1301,.T.) ;
#1315=IFCEDGECURVE(#1306,#1314,#1308,.T.) ;
#1320=IFCEDGECURVE(#1314,#1273,#1316,.F.) ;
#1339=IFCEDGECURVE(#1306,#202,#1334,.F.) ;
#1345=IFCEDGECURVE(#202,#1314,#1340,.F.) ;
#1367=IFCEDGECURVE(#1364,#1366,#1358,.T.) ;
#1375=IFCEDGECURVE(#1366,#1374,#1368,.T.) ;
#1381=IFCEDGECURVE(#1374,#1364,#1376,.T.) ;
#1400=IFCEDGECURVE(#1364,#1399,#1394,.F.) ;
#1408=IFCEDGECURVE(#1399,#1407,#1401,.T.) ;
#1413=IFCEDGECURVE(#1407,#1366,#1409,.T.) ;
#1432=IFCEDGECURVE(#1399,#223,#1427,.T.) ;
#1438=IFCEDGECURVE(#223,#1407,#1433,.T.) ;
#1460=IFCEDGECURVE(#1457,#1459,#1451,.T.) ;
#1468=IFCEDGECURVE(#1459,#1467,#1461,.F.) ;
#1474=IFCEDGECURVE(#1467,#1457,#1469,.T.) ;
#1493=IFCEDGECURVE(#1457,#1492,#1487,.T.) ;
#1501=IFCEDGECURVE(#1492,#1500,#1494,.T.) ;
#1506=IFCEDGECURVE(#1500,#1459,#1502,.F.) ;
#1525=IFCEDGECURVE(#1492,#216,#1520,.T.) ;
#1531=IFCEDGECURVE(#216,#1500,#1526,.F.) ;
#1553=IFCEDGECURVE(#1550,#1552,#1544,.T.) ;
#1559=IFCEDGECURVE(#1552,#193,#1554,.T.) ;
#1565=IFCEDGECURVE(#193,#1550,#1560,.F.) ;
#1584=IFCEDGECURVE(#1550,#1583,#1578,.F.) ;
#1592=IFCEDGECURVE(#1583,#1591,#1585,.T.) ;
#1597=IFCEDGECURVE(#1591,#1552,#1593,.T.) ;
#1618=IFCEDGECURVE(#1583,#1617,#1611,.F.) ;
#1624=IFCEDGECURVE(#1617,#1591,#1619,.T.) ;
#1646=IFCEDGECURVE(#1643,#1645,#1637,.T.) ;
#1654=IFCEDGECURVE(#1645,#1653,#1647,.T.) ;
#1660=IFCEDGECURVE(#1653,#1643,#1655,.T.) ;
#1679=IFCEDGECURVE(#1643,#1678,#1673,.F.) ;
#1687=IFCEDGECURVE(#1678,#1686,#1680,.T.) ;
#1692=IFCEDGECURVE(#1686,#1645,#1688,.T.) ;
#1711=IFCEDGECURVE(#1678,#237,#1706,.T.) ;
#1717=IFCEDGECURVE(#237,#1686,#1712,.T.) ;
#1739=IFCEDGECURVE(#1736,#1738,#1730,.T.) ;
#1747=IFCEDGECURVE(#1738,#1746,#1740,.T.) ;
#1753=IFCEDGECURVE(#1746,#1736,#1748,.F.) ;
#1772=IFCEDGECURVE(#1736,#1771,#1766,.F.) ;
#1780=IFCEDGECURVE(#1771,#1779,#1773,.T.) ;
#1785=IFCEDGECURVE(#1779,#1738,#1781,.T.) ;
#1806=IFCEDGECURVE(#1771,#1805,#1799,.F.) ;
#1812=IFCEDGECURVE(#1805,#1779,#1807,.T.) ;
#1834=IFCEDGECURVE(#1831,#1833,#1825,.T.) ;
#1842=IFCEDGECURVE(#1833,#1841,#1835,.F.) ;
#1848=IFCEDGECURVE(#1841,#1831,#1843,.F.) ;
#1867=IFCEDGECURVE(#1831,#1866,#1861,.F.) ;
#1875=IFCEDGECURVE(#1866,#1874,#1868,.T.) ;
#1880=IFCEDGECURVE(#1874,#1833,#1876,.T.) ;
#1901=IFCEDGECURVE(#1866,#1900,#1894,.F.) ;
#1907=IFCEDGECURVE(#1900,#1874,#1902,.F.) ;
#1927=IFCEDGECURVE(#1926,#299,#1920,.T.) ;
#1933=IFCEDGECURVE(#230,#1926,#1928,.F.) ;
#1952=IFCEDGECURVE(#1926,#1951,#1946,.F.) ;
#1958=IFCEDGECURVE(#1951,#342,#1953,.T.) ;
#1963=IFCEDGECURVE(#342,#299,#1959,.T.) ;
#1982=IFCEDGECURVE(#1951,#340,#1977,.F.) ;
#2004=IFCEDGECURVE(#2001,#2003,#1995,.T.) ;
#2010=IFCEDGECURVE(#2003,#195,#2005,.T.) ;
#2016=IFCEDGECURVE(#195,#2001,#2011,.F.) ;
#2035=IFCEDGECURVE(#2001,#2034,#2029,.F.) ;
#2043=IFCEDGECURVE(#2034,#2042,#2036,.T.) ;
#2048=IFCEDGECURVE(#2042,#2003,#2044,.T.) ;
#2069=IFCEDGECURVE(#2034,#2068,#2062,.F.) ;
#2075=IFCEDGECURVE(#2068,#2042,#2070,.T.) ;
#2097=IFCEDGECURVE(#2094,#2096,#2088,.T.) ;
#2105=IFCEDGECURVE(#2096,#2104,#2098,.T.) ;
#2111=IFCEDGECURVE(#2104,#2094,#2106,.T.) ;
#2130=IFCEDGECURVE(#2094,#2129,#2124,.F.) ;
#2138=IFCEDGECURVE(#2129,#2137,#2131,.T.) ;
#2143=IFCEDGECURVE(#2137,#2096,#2139,.T.) ;
#2164=IFCEDGECURVE(#2129,#2163,#2157,.T.) ;
#2170=IFCEDGECURVE(#2163,#2137,#2165,.T.) ;
#2190=IFCEDGECURVE(#385,#2189,#2183,.T.) ;
#2196=IFCEDGECURVE(#2189,#383,#2191,.F.) ;
#2216=IFCEDGECURVE(#466,#2215,#2209,.T.) ;
#2221=IFCEDGECURVE(#2215,#2189,#2217,.T.) ;
#2242=IFCEDGECURVE(#466,#2241,#2235,.F.) ;
#2248=IFCEDGECURVE(#2241,#2215,#2243,.F.) ;
#2269=IFCEDGECURVE(#2266,#2268,#2261,.T.) ;
#2274=IFCEDGECURVE(#122,#2268,#2270,.T.) ;
#2279=IFCEDGECURVE(#120,#2266,#2275,.T.) ;
#2301=IFCEDGECURVE(#2298,#2300,#2293,.T.) ;
#2306=IFCEDGECURVE(#2241,#2300,#2302,.T.) ;
#2313=IFCEDGECURVE(#2312,#2241,#2307,.T.) ;
#2318=IFCEDGECURVE(#349,#2312,#2314,.T.) ;
#2323=IFCEDGECURVE(#340,#2298,#2319,.T.) ;
#2344=IFCEDGECURVE(#2300,#161,#2339,.F.) ;
#2350=IFCEDGECURVE(#2298,#168,#2345,.F.) ;
#2368=IFCEDGECURVE(#1467,#1374,#2364,.T.) ;
#2390=IFCEDGECURVE(#1281,#1188,#2386,.T.) ;
#2412=IFCEDGECURVE(#790,#695,#2408,.T.) ;
#2417=IFCEDGECURVE(#731,#636,#2413,.T.) ;
#2443=IFCEDGECURVE(#2440,#2442,#2435,.T.) ;
#2450=IFCEDGECURVE(#2442,#2449,#2444,.T.) ;
#2457=IFCEDGECURVE(#2449,#2456,#2451,.T.) ;
#2462=IFCEDGECURVE(#2456,#2440,#2458,.T.) ;
#2480=IFCEDGECURVE(#1645,#1831,#2476,.T.) ;
#2485=IFCEDGECURVE(#1653,#1841,#2481,.T.) ;
#2503=IFCEDGECURVE(#1686,#1866,#2499,.T.) ;
#2521=IFCEDGECURVE(#237,#1900,#2517,.T.) ;
#2543=IFCEDGECURVE(#2540,#2542,#2535,.T.) ;
#2550=IFCEDGECURVE(#2542,#2549,#2544,.T.) ;
#2557=IFCEDGECURVE(#2556,#2549,#2551,.T.) ;
#2562=IFCEDGECURVE(#2540,#2556,#2558,.T.) ;
#2582=IFCEDGECURVE(#2581,#2542,#2576,.T.) ;
#2589=IFCEDGECURVE(#2588,#2540,#2583,.T.) ;
#2594=IFCEDGECURVE(#2588,#2581,#2590,.T.) ;
#2614=IFCEDGECURVE(#2613,#2581,#2608,.T.) ;
#2621=IFCEDGECURVE(#2620,#2588,#2615,.T.) ;
#2626=IFCEDGECURVE(#2620,#2613,#2622,.T.) ;
#2647=IFCEDGECURVE(#2646,#2613,#2640,.F.) ;
#2655=IFCEDGECURVE(#2654,#2620,#2648,.F.) ;
#2660=IFCEDGECURVE(#2654,#2646,#2656,.T.) ;
#2680=IFCEDGECURVE(#2679,#2646,#2674,.T.) ;
#2687=IFCEDGECURVE(#2686,#2654,#2681,.T.) ;
#2692=IFCEDGECURVE(#2686,#2679,#2688,.T.) ;
#2713=IFCEDGECURVE(#2712,#2679,#2706,.F.) ;
#2721=IFCEDGECURVE(#2720,#2686,#2714,.F.) ;
#2726=IFCEDGECURVE(#2720,#2712,#2722,.T.) ;
#2746=IFCEDGECURVE(#2745,#2712,#2740,.T.) ;
#2753=IFCEDGECURVE(#2752,#2720,#2747,.T.) ;
#2758=IFCEDGECURVE(#2752,#2745,#2754,.T.) ;
#2776=IFCEDGECURVE(#2456,#84,#2772,.T.) ;
#2781=IFCEDGECURVE(#2440,#77,#2777,.T.) ;
#2799=IFCEDGECURVE(#2442,#75,#2795,.T.) ;
#2817=IFCEDGECURVE(#2449,#91,#2813,.T.) ;
#2850=IFCEDGECURVE(#2849,#43,#2844,.T.) ;
#2855=IFCEDGECURVE(#2849,#2745,#2851,.T.) ;
#2860=IFCEDGECURVE(#2745,#41,#2856,.T.) ;
#2878=IFCEDGECURVE(#2752,#50,#2874,.T.) ;
#2898=IFCEDGECURVE(#2897,#57,#2892,.T.) ;
#2903=IFCEDGECURVE(#2752,#2897,#2899,.T.) ;
#2921=IFCEDGECURVE(#2897,#2849,#2917,.T.) ;
#2943=IFCEDGECURVE(#2940,#2942,#2935,.T.) ;
#2948=IFCEDGECURVE(#2588,#2942,#2944,.T.) ;
#2953=IFCEDGECURVE(#2540,#2940,#2949,.T.) ;
#2973=IFCEDGECURVE(#2972,#2556,#2967,.T.) ;
#2978=IFCEDGECURVE(#2972,#2940,#2974,.T.) ;
#2996=IFCEDGECURVE(#1678,#1550,#2992,.T.) ;
#3014=IFCEDGECURVE(#1643,#1583,#3010,.T.) ;
#3032=IFCEDGECURVE(#1653,#1617,#3028,.T.) ;
#3052=IFCEDGECURVE(#3051,#2897,#3046,.T.) ;
#3057=IFCEDGECURVE(#2720,#3051,#3053,.T.) ;
#3078=IFCEDGECURVE(#3077,#3051,#3071,.F.) ;
#3083=IFCEDGECURVE(#2686,#3077,#3079,.T.) ;
#3103=IFCEDGECURVE(#3102,#3077,#3097,.T.) ;
#3108=IFCEDGECURVE(#2654,#3102,#3104,.T.) ;
#3129=IFCEDGECURVE(#3128,#3102,#3122,.F.) ;
#3134=IFCEDGECURVE(#2620,#3128,#3130,.T.) ;
#3152=IFCEDGECURVE(#2942,#3128,#3148,.T.) ;
#3174=IFCEDGECURVE(#3171,#3173,#3166,.T.) ;
#3179=IFCEDGECURVE(#2942,#3173,#3175,.T.) ;
#3184=IFCEDGECURVE(#2940,#3171,#3180,.T.) ;
#3204=IFCEDGECURVE(#3203,#2972,#3198,.T.) ;
#3209=IFCEDGECURVE(#3203,#3171,#3205,.T.) ;
#3227=IFCEDGECURVE(#1552,#1736,#3223,.T.) ;
#3232=IFCEDGECURVE(#193,#1746,#3228,.T.) ;
#3250=IFCEDGECURVE(#1591,#1771,#3246,.T.) ;
#3268=IFCEDGECURVE(#1617,#1805,#3264,.T.) ;
#3288=IFCEDGECURVE(#3287,#2849,#3282,.T.) ;
#3293=IFCEDGECURVE(#3051,#3287,#3289,.T.) ;
#3314=IFCEDGECURVE(#3313,#3287,#3307,.F.) ;
#3319=IFCEDGECURVE(#3077,#3313,#3315,.T.) ;
#3339=IFCEDGECURVE(#3338,#3313,#3333,.T.) ;
#3344=IFCEDGECURVE(#3102,#3338,#3340,.T.) ;
#3365=IFCEDGECURVE(#3364,#3338,#3358,.F.) ;
#3370=IFCEDGECURVE(#3128,#3364,#3366,.T.) ;
#3388=IFCEDGECURVE(#3173,#3364,#3384,.T.) ;
#3406=IFCEDGECURVE(#3171,#2542,#3402,.T.) ;
#3411=IFCEDGECURVE(#3173,#2581,#3407,.T.) ;
#3429=IFCEDGECURVE(#3203,#2549,#3425,.T.) ;
#3447=IFCEDGECURVE(#1738,#1874,#3443,.T.) ;
#3452=IFCEDGECURVE(#1746,#1900,#3448,.T.) ;
#3470=IFCEDGECURVE(#1779,#1833,#3466,.T.) ;
#3488=IFCEDGECURVE(#1805,#1841,#3484,.T.) ;
#3519=IFCEDGECURVE(#3287,#2712,#3515,.T.) ;
#3537=IFCEDGECURVE(#3313,#2679,#3533,.T.) ;
#3555=IFCEDGECURVE(#3338,#2646,#3551,.T.) ;
#3573=IFCEDGECURVE(#3364,#2613,#3569,.T.) ;
#3604=IFCEDGECURVE(#876,#1152,#3600,.T.) ;
#3622=IFCEDGECURVE(#1066,#383,#3618,.T.) ;
#3627=IFCEDGECURVE(#1152,#1066,#3623,.T.) ;
#3632=IFCEDGECURVE(#971,#876,#3628,.T.) ;
#3637=IFCEDGECURVE(#2104,#971,#3633,.T.) ;
#3642=IFCEDGECURVE(#1746,#2104,#3638,.T.) ;
#3647=IFCEDGECURVE(#1900,#383,#3643,.T.) ;
#3672=IFCEDGECURVE(#3671,#2549,#3665,.F.) ;
#3680=IFCEDGECURVE(#3679,#3203,#3673,.F.) ;
#3685=IFCEDGECURVE(#3679,#3671,#3681,.T.) ;
#3705=IFCEDGECURVE(#3704,#3671,#3699,.T.) ;
#3712=IFCEDGECURVE(#3711,#3679,#3706,.T.) ;
#3717=IFCEDGECURVE(#3711,#3704,#3713,.T.) ;
#3737=IFCEDGECURVE(#3736,#3704,#3731,.T.) ;
#3744=IFCEDGECURVE(#3743,#3711,#3738,.T.) ;
#3749=IFCEDGECURVE(#3743,#3736,#3745,.T.) ;
#3769=IFCEDGECURVE(#3768,#3736,#3763,.T.) ;
#3776=IFCEDGECURVE(#3775,#3743,#3770,.T.) ;
#3781=IFCEDGECURVE(#3775,#3768,#3777,.T.) ;
#3802=IFCEDGECURVE(#3801,#3768,#3795,.T.) ;
#3810=IFCEDGECURVE(#3809,#3775,#3803,.T.) ;
#3815=IFCEDGECURVE(#3809,#3801,#3811,.T.) ;
#3835=IFCEDGECURVE(#3834,#3801,#3829,.T.) ;
#3842=IFCEDGECURVE(#3841,#3809,#3836,.T.) ;
#3847=IFCEDGECURVE(#3841,#3834,#3843,.T.) ;
#3868=IFCEDGECURVE(#3867,#3834,#3861,.T.) ;
#3876=IFCEDGECURVE(#3875,#3841,#3869,.T.) ;
#3881=IFCEDGECURVE(#3875,#3867,#3877,.T.) ;
#3901=IFCEDGECURVE(#3900,#3867,#3895,.T.) ;
#3908=IFCEDGECURVE(#3907,#3875,#3902,.T.) ;
#3913=IFCEDGECURVE(#3907,#3900,#3909,.T.) ;
#3934=IFCEDGECURVE(#3933,#3900,#3927,.T.) ;
#3942=IFCEDGECURVE(#3941,#3907,#3935,.T.) ;
#3947=IFCEDGECURVE(#3941,#3933,#3943,.T.) ;
#3967=IFCEDGECURVE(#3966,#3933,#3961,.T.) ;
#3974=IFCEDGECURVE(#3973,#3941,#3968,.T.) ;
#3979=IFCEDGECURVE(#3973,#3966,#3975,.T.) ;
#3998=IFCEDGECURVE(#2268,#3966,#3993,.T.) ;
#4006=IFCEDGECURVE(#4005,#3973,#3999,.T.) ;
#4011=IFCEDGECURVE(#4005,#2268,#4007,.T.) ;
#4031=IFCEDGECURVE(#4030,#273,#4025,.T.) ;
#4036=IFCEDGECURVE(#4030,#161,#4032,.T.) ;
#4057=IFCEDGECURVE(#4056,#4030,#4050,.F.) ;
#4062=IFCEDGECURVE(#4056,#2300,#4058,.T.) ;
#4080=IFCEDGECURVE(#912,#824,#4076,.T.) ;
#4085=IFCEDGECURVE(#824,#1100,#4081,.T.) ;
#4090=IFCEDGECURVE(#1100,#1007,#4086,.T.) ;
#4095=IFCEDGECURVE(#1007,#2241,#4091,.T.) ;
#4100=IFCEDGECURVE(#2163,#4056,#4096,.T.) ;
#4105=IFCEDGECURVE(#2163,#912,#4101,.T.) ;
#4140=IFCEDGECURVE(#266,#4005,#4136,.T.) ;
#4158=IFCEDGECURVE(#2137,#723,#4154,.T.) ;
#4163=IFCEDGECURVE(#2096,#764,#4159,.T.) ;
#4181=IFCEDGECURVE(#2104,#790,#4177,.T.) ;
#4199=IFCEDGECURVE(#695,#195,#4195,.T.) ;
#4222=IFCEDGECURVE(#4221,#2972,#4215,.F.) ;
#4227=IFCEDGECURVE(#3679,#4221,#4223,.T.) ;
#4247=IFCEDGECURVE(#4246,#4221,#4241,.T.) ;
#4252=IFCEDGECURVE(#3711,#4246,#4248,.T.) ;
#4272=IFCEDGECURVE(#4271,#4246,#4266,.T.) ;
#4277=IFCEDGECURVE(#3743,#4271,#4273,.T.) ;
#4297=IFCEDGECURVE(#4296,#4271,#4291,.T.) ;
#4302=IFCEDGECURVE(#3775,#4296,#4298,.T.) ;
#4323=IFCEDGECURVE(#4322,#4296,#4316,.T.) ;
#4328=IFCEDGECURVE(#3809,#4322,#4324,.T.) ;
#4348=IFCEDGECURVE(#4347,#4322,#4342,.T.) ;
#4353=IFCEDGECURVE(#3841,#4347,#4349,.T.) ;
#4374=IFCEDGECURVE(#4373,#4347,#4367,.T.) ;
#4379=IFCEDGECURVE(#3875,#4373,#4375,.T.) ;
#4399=IFCEDGECURVE(#4398,#4373,#4393,.T.) ;
#4404=IFCEDGECURVE(#3907,#4398,#4400,.T.) ;
#4425=IFCEDGECURVE(#4424,#4398,#4418,.T.) ;
#4430=IFCEDGECURVE(#3941,#4424,#4426,.T.) ;
#4450=IFCEDGECURVE(#4449,#4424,#4444,.T.) ;
#4455=IFCEDGECURVE(#3973,#4449,#4451,.T.) ;
#4476=IFCEDGECURVE(#4475,#4449,#4469,.T.) ;
#4481=IFCEDGECURVE(#4005,#4475,#4477,.T.) ;
#4501=IFCEDGECURVE(#266,#4500,#4495,.T.) ;
#4508=IFCEDGECURVE(#4507,#4500,#4502,.T.) ;
#4513=IFCEDGECURVE(#273,#4507,#4509,.T.) ;
#4533=IFCEDGECURVE(#4532,#4507,#4527,.T.) ;
#4538=IFCEDGECURVE(#4030,#4532,#4534,.T.) ;
#4559=IFCEDGECURVE(#4558,#4532,#4552,.F.) ;
#4564=IFCEDGECURVE(#4056,#4558,#4560,.T.) ;
#4582=IFCEDGECURVE(#2068,#4558,#4578,.T.) ;
#4587=IFCEDGECURVE(#636,#2068,#4583,.T.) ;
#4592=IFCEDGECURVE(#2163,#731,#4588,.T.) ;
#4625=IFCEDGECURVE(#4500,#4475,#4621,.T.) ;
#4643=IFCEDGECURVE(#1399,#1926,#4639,.T.) ;
#4648=IFCEDGECURVE(#1364,#1951,#4644,.T.) ;
#4682=IFCEDGECURVE(#4681,#2556,#4675,.F.) ;
#4687=IFCEDGECURVE(#4221,#4681,#4683,.T.) ;
#4707=IFCEDGECURVE(#4706,#4681,#4701,.T.) ;
#4712=IFCEDGECURVE(#4246,#4706,#4708,.T.) ;
#4732=IFCEDGECURVE(#4731,#4706,#4726,.T.) ;
#4737=IFCEDGECURVE(#4271,#4731,#4733,.T.) ;
#4757=IFCEDGECURVE(#4756,#4731,#4751,.T.) ;
#4762=IFCEDGECURVE(#4296,#4756,#4758,.T.) ;
#4783=IFCEDGECURVE(#4782,#4756,#4776,.T.) ;
#4788=IFCEDGECURVE(#4322,#4782,#4784,.T.) ;
#4808=IFCEDGECURVE(#4807,#4782,#4802,.T.) ;
#4813=IFCEDGECURVE(#4347,#4807,#4809,.T.) ;
#4834=IFCEDGECURVE(#4833,#4807,#4827,.T.) ;
#4839=IFCEDGECURVE(#4373,#4833,#4835,.T.) ;
#4859=IFCEDGECURVE(#4858,#4833,#4853,.T.) ;
#4864=IFCEDGECURVE(#4398,#4858,#4860,.T.) ;
#4885=IFCEDGECURVE(#4884,#4858,#4878,.T.) ;
#4890=IFCEDGECURVE(#4424,#4884,#4886,.T.) ;
#4910=IFCEDGECURVE(#4909,#4884,#4904,.T.) ;
#4915=IFCEDGECURVE(#4449,#4909,#4911,.T.) ;
#4934=IFCEDGECURVE(#2266,#4909,#4929,.T.) ;
#4939=IFCEDGECURVE(#4475,#2266,#4935,.T.) ;
#4957=IFCEDGECURVE(#4500,#120,#4953,.T.) ;
#4962=IFCEDGECURVE(#4507,#136,#4958,.T.) ;
#4980=IFCEDGECURVE(#4532,#168,#4976,.T.) ;
#4998=IFCEDGECURVE(#4558,#2298,#4994,.T.) ;
#5016=IFCEDGECURVE(#1374,#340,#5012,.T.) ;
#5021=IFCEDGECURVE(#1188,#1467,#5017,.T.) ;
#5026=IFCEDGECURVE(#2068,#1281,#5022,.T.) ;
#5088=IFCEDGECURVE(#2312,#473,#5083,.T.) ;
#5106=IFCEDGECURVE(#999,#2215,#5102,.T.) ;
#5111=IFCEDGECURVE(#1040,#2189,#5107,.T.) ;
#5142=IFCEDGECURVE(#2129,#902,#5138,.T.) ;
#5160=IFCEDGECURVE(#2094,#944,#5156,.T.) ;
#5204=IFCEDGECURVE(#1178,#1459,#5200,.T.) ;
#5209=IFCEDGECURVE(#1213,#1500,#5205,.T.) ;
#5240=IFCEDGECURVE(#2042,#1273,#5236,.T.) ;
#5245=IFCEDGECURVE(#2003,#1314,#5241,.T.) ;
#5263=IFCEDGECURVE(#661,#2001,#5259,.T.) ;
#5320=IFCEDGECURVE(#4681,#3671,#5316,.T.) ;
#5338=IFCEDGECURVE(#4909,#3966,#5334,.T.) ;
#5356=IFCEDGECURVE(#4884,#3933,#5352,.T.) ;
#5374=IFCEDGECURVE(#4858,#3900,#5370,.T.) ;
#5392=IFCEDGECURVE(#4833,#3867,#5388,.T.) ;
#5410=IFCEDGECURVE(#4807,#3834,#5406,.T.) ;
#5428=IFCEDGECURVE(#4782,#3801,#5424,.T.) ;
#5446=IFCEDGECURVE(#4756,#3768,#5442,.T.) ;
#5464=IFCEDGECURVE(#4731,#3736,#5460,.T.) ;
#5482=IFCEDGECURVE(#4706,#3704,#5478,.T.) ;
#5547=IFCEDGECURVE(#314,#392,#5543,.T.) ;
#5553=IFCEDGECURVE(#524,#2312,#5548,.F.) ;
#5587=IFCEDGECURVE(#626,#2034,#5583,.T.) ;
#38=IFCVECTOR(#39,1680.) ;
#47=IFCVECTOR(#48,480.) ;
#54=IFCVECTOR(#55,1680.) ;
#61=IFCVECTOR(#62,480.) ;
#72=IFCVECTOR(#73,1678.4) ;
#81=IFCVECTOR(#82,478.4) ;
#88=IFCVECTOR(#89,1678.4) ;
#95=IFCVECTOR(#96,478.4) ;
#117=IFCVECTOR(#118,508.) ;
#126=IFCVECTOR(#127,5.65685424949) ;
#133=IFCVECTOR(#134,500.) ;
#140=IFCVECTOR(#141,5.65685424949) ;
#158=IFCVECTOR(#159,21.2) ;
#165=IFCVECTOR(#166,500.) ;
#172=IFCVECTOR(#173,21.2) ;
#190=IFCVECTOR(#191,30.3348809129) ;
#199=IFCVECTOR(#200,592.275) ;
#206=IFCVECTOR(#207,7.85) ;
#213=IFCVECTOR(#214,592.15) ;
#220=IFCVECTOR(#221,7.85) ;
#227=IFCVECTOR(#228,592.275) ;
#234=IFCVECTOR(#235,30.3348809129) ;
#241=IFCVECTOR(#242,1749.5) ;
#263=IFCVECTOR(#264,1708.) ;
#270=IFCVECTOR(#271,5.65685424949) ;
#277=IFCVECTOR(#278,1700.) ;
#303=IFCVECTOR(#304,292.275) ;
#318=IFCVECTOR(#319,292.275) ;
#346=IFCVECTOR(#347,292.275) ;
#361=IFCVECTOR(#362,292.275) ;
#389=IFCVECTOR(#390,292.275) ;
#404=IFCVECTOR(#405,292.275) ;
#422=IFCVECTOR(#423,952.4) ;
#431=IFCVECTOR(#432,592.15) ;
#438=IFCVECTOR(#439,952.4) ;
#445=IFCVECTOR(#446,592.15) ;
#463=IFCVECTOR(#464,952.4) ;
#470=IFCVECTOR(#471,952.4) ;
#477=IFCVECTOR(#478,292.275) ;
#521=IFCVECTOR(#522,952.4) ;
#573=IFCVECTOR(#574,952.4) ;
#586=IFCVECTOR(#587,952.4) ;
#658=IFCVECTOR(#659,952.4) ;
#673=IFCVECTOR(#674,952.4) ;
#753=IFCVECTOR(#754,952.4) ;
#768=IFCVECTOR(#769,952.4) ;
#846=IFCVECTOR(#847,952.4) ;
#934=IFCVECTOR(#935,952.4) ;
#941=IFCVECTOR(#942,952.4) ;
#1029=IFCVECTOR(#1030,952.4) ;
#1044=IFCVECTOR(#1045,952.4) ;
#1122=IFCVECTOR(#1123,952.4) ;
#1210=IFCVECTOR(#1211,952.4) ;
#1225=IFCVECTOR(#1226,952.4) ;
#1303=IFCVECTOR(#1304,952.4) ;
#1318=IFCVECTOR(#1319,952.4) ;
#1396=IFCVECTOR(#1397,952.4) ;
#1411=IFCVECTOR(#1412,952.4) ;
#1489=IFCVECTOR(#1490,952.4) ;
#1504=IFCVECTOR(#1505,952.4) ;
#1580=IFCVECTOR(#1581,30.) ;
#1595=IFCVECTOR(#1596,30.) ;
#1675=IFCVECTOR(#1676,30.) ;
#1690=IFCVECTOR(#1691,30.) ;
#1768=IFCVECTOR(#1769,30.) ;
#1783=IFCVECTOR(#1784,30.) ;
#1863=IFCVECTOR(#1864,30.) ;
#1878=IFCVECTOR(#1879,30.) ;
#1948=IFCVECTOR(#1949,952.4) ;
#1961=IFCVECTOR(#1962,952.4) ;
#2031=IFCVECTOR(#2032,952.4) ;
#2046=IFCVECTOR(#2047,952.4) ;
#2126=IFCVECTOR(#2127,952.4) ;
#2141=IFCVECTOR(#2142,952.4) ;
#2219=IFCVECTOR(#2220,952.4) ;
#2263=IFCVECTOR(#2264,508.) ;
#2272=IFCVECTOR(#2273,19.2) ;
#2277=IFCVECTOR(#2278,19.2) ;
#2295=IFCVECTOR(#2296,507.6) ;
#2304=IFCVECTOR(#2305,59.9626550446) ;
#2309=IFCVECTOR(#2310,292.275) ;
#2316=IFCVECTOR(#2317,7.85) ;
#2321=IFCVECTOR(#2322,59.9626550446) ;
#2366=IFCVECTOR(#2367,7.85) ;
#2388=IFCVECTOR(#2389,7.85) ;
#2410=IFCVECTOR(#2411,7.85) ;
#2415=IFCVECTOR(#2416,7.85) ;
#2437=IFCVECTOR(#2438,1678.4) ;
#2446=IFCVECTOR(#2447,478.4) ;
#2453=IFCVECTOR(#2454,1678.4) ;
#2460=IFCVECTOR(#2461,478.4) ;
#2478=IFCVECTOR(#2479,549.5) ;
#2483=IFCVECTOR(#2484,549.5) ;
#2501=IFCVECTOR(#2502,549.5) ;
#2519=IFCVECTOR(#2520,549.5) ;
#2537=IFCVECTOR(#2538,499.5) ;
#2546=IFCVECTOR(#2547,5.72756492761) ;
#2553=IFCVECTOR(#2554,507.6) ;
#2560=IFCVECTOR(#2561,5.72756492761) ;
#2578=IFCVECTOR(#2579,3.) ;
#2585=IFCVECTOR(#2586,3.) ;
#2592=IFCVECTOR(#2593,499.5) ;
#2610=IFCVECTOR(#2611,35.3553390593) ;
#2617=IFCVECTOR(#2618,35.3553390593) ;
#2624=IFCVECTOR(#2625,549.5) ;
#2658=IFCVECTOR(#2659,553.5) ;
#2676=IFCVECTOR(#2677,30.) ;
#2683=IFCVECTOR(#2684,30.) ;
#2690=IFCVECTOR(#2691,553.5) ;
#2724=IFCVECTOR(#2725,549.5) ;
#2742=IFCVECTOR(#2743,49.1439212925) ;
#2749=IFCVECTOR(#2750,49.1439212925) ;
#2756=IFCVECTOR(#2757,480.) ;
#2774=IFCVECTOR(#2775,987.) ;
#2779=IFCVECTOR(#2780,987.) ;
#2797=IFCVECTOR(#2798,987.) ;
#2815=IFCVECTOR(#2816,987.) ;
#2846=IFCVECTOR(#2847,987.) ;
#2853=IFCVECTOR(#2854,1680.) ;
#2858=IFCVECTOR(#2859,987.) ;
#2876=IFCVECTOR(#2877,987.) ;
#2894=IFCVECTOR(#2895,987.) ;
#2901=IFCVECTOR(#2902,1680.) ;
#2919=IFCVECTOR(#2920,480.) ;
#2937=IFCVECTOR(#2938,3.) ;
#2946=IFCVECTOR(#2947,1699.5) ;
#2951=IFCVECTOR(#2952,1699.5) ;
#2969=IFCVECTOR(#2970,1707.6) ;
#2976=IFCVECTOR(#2977,5.72756492761) ;
#2994=IFCVECTOR(#2995,1749.5) ;
#3012=IFCVECTOR(#3013,1749.5) ;
#3030=IFCVECTOR(#3031,1749.5) ;
#3048=IFCVECTOR(#3049,49.1439212925) ;
#3055=IFCVECTOR(#3056,1749.5) ;
#3081=IFCVECTOR(#3082,1753.5) ;
#3099=IFCVECTOR(#3100,30.) ;
#3106=IFCVECTOR(#3107,1753.5) ;
#3132=IFCVECTOR(#3133,1749.5) ;
#3150=IFCVECTOR(#3151,35.3553390593) ;
#3168=IFCVECTOR(#3169,3.) ;
#3177=IFCVECTOR(#3178,499.5) ;
#3182=IFCVECTOR(#3183,499.5) ;
#3200=IFCVECTOR(#3201,507.6) ;
#3207=IFCVECTOR(#3208,5.72756492761) ;
#3225=IFCVECTOR(#3226,549.5) ;
#3230=IFCVECTOR(#3231,549.5) ;
#3248=IFCVECTOR(#3249,549.5) ;
#3266=IFCVECTOR(#3267,549.5) ;
#3284=IFCVECTOR(#3285,49.1439212925) ;
#3291=IFCVECTOR(#3292,549.5) ;
#3317=IFCVECTOR(#3318,553.5) ;
#3335=IFCVECTOR(#3336,30.) ;
#3342=IFCVECTOR(#3343,553.5) ;
#3368=IFCVECTOR(#3369,549.5) ;
#3386=IFCVECTOR(#3387,35.3553390593) ;
#3404=IFCVECTOR(#3405,1699.5) ;
#3409=IFCVECTOR(#3410,1699.5) ;
#3427=IFCVECTOR(#3428,1707.6) ;
#3445=IFCVECTOR(#3446,1749.5) ;
#3450=IFCVECTOR(#3451,1749.5) ;
#3468=IFCVECTOR(#3469,1749.5) ;
#3486=IFCVECTOR(#3487,1749.5) ;
#3517=IFCVECTOR(#3518,1749.5) ;
#3535=IFCVECTOR(#3536,1753.5) ;
#3553=IFCVECTOR(#3554,1753.5) ;
#3571=IFCVECTOR(#3572,1749.5) ;
#3602=IFCVECTOR(#3603,592.15) ;
#3620=IFCVECTOR(#3621,592.275) ;
#3625=IFCVECTOR(#3626,7.85) ;
#3630=IFCVECTOR(#3631,7.85) ;
#3635=IFCVECTOR(#3636,592.275) ;
#3640=IFCVECTOR(#3641,30.3348809129) ;
#3645=IFCVECTOR(#3646,30.3348809129) ;
#3683=IFCVECTOR(#3684,1700.) ;
#3701=IFCVECTOR(#3702,21.2) ;
#3708=IFCVECTOR(#3709,21.2) ;
#3715=IFCVECTOR(#3716,1700.) ;
#3733=IFCVECTOR(#3734,5.65685424949) ;
#3740=IFCVECTOR(#3741,5.65685424949) ;
#3747=IFCVECTOR(#3748,1708.) ;
#3765=IFCVECTOR(#3766,19.2) ;
#3772=IFCVECTOR(#3773,19.2) ;
#3779=IFCVECTOR(#3780,1708.) ;
#3813=IFCVECTOR(#3814,1711.6) ;
#3831=IFCVECTOR(#3832,54.3058007951) ;
#3838=IFCVECTOR(#3839,54.3058007951) ;
#3845=IFCVECTOR(#3846,1788.4) ;
#3879=IFCVECTOR(#3880,1792.) ;
#3897=IFCVECTOR(#3898,948.4) ;
#3904=IFCVECTOR(#3905,948.4) ;
#3911=IFCVECTOR(#3912,1792.) ;
#3945=IFCVECTOR(#3946,1788.4) ;
#3963=IFCVECTOR(#3964,54.3058007951) ;
#3970=IFCVECTOR(#3971,54.3058007951) ;
#3977=IFCVECTOR(#3978,1711.6) ;
#4009=IFCVECTOR(#4010,1708.) ;
#4027=IFCVECTOR(#4028,21.2) ;
#4034=IFCVECTOR(#4035,1700.) ;
#4060=IFCVECTOR(#4061,1707.6) ;
#4078=IFCVECTOR(#4079,7.85) ;
#4083=IFCVECTOR(#4084,592.15) ;
#4088=IFCVECTOR(#4089,7.85) ;
#4093=IFCVECTOR(#4094,592.275) ;
#4098=IFCVECTOR(#4099,59.9626550446) ;
#4103=IFCVECTOR(#4104,592.275) ;
#4138=IFCVECTOR(#4139,19.2) ;
#4156=IFCVECTOR(#4157,292.275) ;
#4161=IFCVECTOR(#4162,292.275) ;
#4179=IFCVECTOR(#4180,292.275) ;
#4197=IFCVECTOR(#4198,292.275) ;
#4225=IFCVECTOR(#4226,500.) ;
#4243=IFCVECTOR(#4244,21.2) ;
#4250=IFCVECTOR(#4251,500.) ;
#4268=IFCVECTOR(#4269,5.65685424949) ;
#4275=IFCVECTOR(#4276,508.) ;
#4293=IFCVECTOR(#4294,19.2) ;
#4300=IFCVECTOR(#4301,508.) ;
#4326=IFCVECTOR(#4327,511.6) ;
#4344=IFCVECTOR(#4345,54.3058007951) ;
#4351=IFCVECTOR(#4352,588.4) ;
#4377=IFCVECTOR(#4378,592.) ;
#4395=IFCVECTOR(#4396,948.4) ;
#4402=IFCVECTOR(#4403,592.) ;
#4428=IFCVECTOR(#4429,588.4) ;
#4446=IFCVECTOR(#4447,54.3058007951) ;
#4453=IFCVECTOR(#4454,511.6) ;
#4479=IFCVECTOR(#4480,508.) ;
#4497=IFCVECTOR(#4498,508.) ;
#4504=IFCVECTOR(#4505,5.65685424949) ;
#4511=IFCVECTOR(#4512,500.) ;
#4529=IFCVECTOR(#4530,21.2) ;
#4536=IFCVECTOR(#4537,500.) ;
#4562=IFCVECTOR(#4563,507.6) ;
#4580=IFCVECTOR(#4581,59.9626550446) ;
#4585=IFCVECTOR(#4586,292.275) ;
#4590=IFCVECTOR(#4591,292.275) ;
#4623=IFCVECTOR(#4624,19.2) ;
#4641=IFCVECTOR(#4642,592.275) ;
#4646=IFCVECTOR(#4647,592.275) ;
#4685=IFCVECTOR(#4686,1700.) ;
#4703=IFCVECTOR(#4704,21.2) ;
#4710=IFCVECTOR(#4711,1700.) ;
#4728=IFCVECTOR(#4729,5.65685424949) ;
#4735=IFCVECTOR(#4736,1708.) ;
#4753=IFCVECTOR(#4754,19.2) ;
#4760=IFCVECTOR(#4761,1708.) ;
#4786=IFCVECTOR(#4787,1711.6) ;
#4804=IFCVECTOR(#4805,54.3058007951) ;
#4811=IFCVECTOR(#4812,1788.4) ;
#4837=IFCVECTOR(#4838,1792.) ;
#4855=IFCVECTOR(#4856,948.4) ;
#4862=IFCVECTOR(#4863,1792.) ;
#4888=IFCVECTOR(#4889,1788.4) ;
#4906=IFCVECTOR(#4907,54.3058007951) ;
#4913=IFCVECTOR(#4914,1711.6) ;
#4937=IFCVECTOR(#4938,1708.) ;
#4955=IFCVECTOR(#4956,1708.) ;
#4960=IFCVECTOR(#4961,1700.) ;
#4978=IFCVECTOR(#4979,1700.) ;
#4996=IFCVECTOR(#4997,1707.6) ;
#5014=IFCVECTOR(#5015,592.275) ;
#5019=IFCVECTOR(#5020,592.15) ;
#5024=IFCVECTOR(#5025,592.275) ;
#5104=IFCVECTOR(#5105,592.275) ;
#5109=IFCVECTOR(#5110,592.275) ;
#5140=IFCVECTOR(#5141,592.275) ;
#5158=IFCVECTOR(#5159,592.275) ;
#5202=IFCVECTOR(#5203,592.15) ;
#5207=IFCVECTOR(#5208,592.15) ;
#5238=IFCVECTOR(#5239,592.275) ;
#5243=IFCVECTOR(#5244,592.275) ;
#5261=IFCVECTOR(#5262,292.275) ;
#5318=IFCVECTOR(#5319,500.) ;
#5336=IFCVECTOR(#5337,511.6) ;
#5354=IFCVECTOR(#5355,588.4) ;
#5372=IFCVECTOR(#5373,592.) ;
#5390=IFCVECTOR(#5391,592.) ;
#5408=IFCVECTOR(#5409,588.4) ;
#5426=IFCVECTOR(#5427,511.6) ;
#5444=IFCVECTOR(#5445,508.) ;
#5462=IFCVECTOR(#5463,508.) ;
#5480=IFCVECTOR(#5481,500.) ;
#5545=IFCVECTOR(#5546,7.85) ;
#5585=IFCVECTOR(#5586,292.275) ;
#109=IFCSTYLEDITEM(#104,(#108),$) ;
#150=IFCSTYLEDITEM(#149,(#108),$) ;
#182=IFCSTYLEDITEM(#181,(#108),$) ;
#255=IFCSTYLEDITEM(#254,(#108),$) ;
#287=IFCSTYLEDITEM(#286,(#108),$) ;
#328=IFCSTYLEDITEM(#327,(#108),$) ;
#371=IFCSTYLEDITEM(#370,(#108),$) ;
#414=IFCSTYLEDITEM(#413,(#108),$) ;
#455=IFCSTYLEDITEM(#454,(#108),$) ;
#487=IFCSTYLEDITEM(#486,(#108),$) ;
#513=IFCSTYLEDITEM(#512,(#108),$) ;
#539=IFCSTYLEDITEM(#538,(#108),$) ;
#565=IFCSTYLEDITEM(#564,(#108),$) ;
#596=IFCSTYLEDITEM(#595,(#108),$) ;
#614=IFCSTYLEDITEM(#613,(#108),$) ;
#650=IFCSTYLEDITEM(#649,(#108),$) ;
#683=IFCSTYLEDITEM(#682,(#108),$) ;
#709=IFCSTYLEDITEM(#708,(#108),$) ;
#745=IFCSTYLEDITEM(#744,(#108),$) ;
#778=IFCSTYLEDITEM(#777,(#108),$) ;
#804=IFCSTYLEDITEM(#803,(#108),$) ;
#838=IFCSTYLEDITEM(#837,(#108),$) ;
#864=IFCSTYLEDITEM(#863,(#108),$) ;
#890=IFCSTYLEDITEM(#889,(#108),$) ;
#926=IFCSTYLEDITEM(#925,(#108),$) ;
#959=IFCSTYLEDITEM(#958,(#108),$) ;
#985=IFCSTYLEDITEM(#984,(#108),$) ;
#1021=IFCSTYLEDITEM(#1020,(#108),$) ;
#1054=IFCSTYLEDITEM(#1053,(#108),$) ;
#1080=IFCSTYLEDITEM(#1079,(#108),$) ;
#1114=IFCSTYLEDITEM(#1113,(#108),$) ;
#1140=IFCSTYLEDITEM(#1139,(#108),$) ;
#1166=IFCSTYLEDITEM(#1165,(#108),$) ;
#1202=IFCSTYLEDITEM(#1201,(#108),$) ;
#1235=IFCSTYLEDITEM(#1234,(#108),$) ;
#1259=IFCSTYLEDITEM(#1258,(#108),$) ;
#1295=IFCSTYLEDITEM(#1294,(#108),$) ;
#1328=IFCSTYLEDITEM(#1327,(#108),$) ;
#1352=IFCSTYLEDITEM(#1351,(#108),$) ;
#1388=IFCSTYLEDITEM(#1387,(#108),$) ;
#1421=IFCSTYLEDITEM(#1420,(#108),$) ;
#1445=IFCSTYLEDITEM(#1444,(#108),$) ;
#1481=IFCSTYLEDITEM(#1480,(#108),$) ;
#1514=IFCSTYLEDITEM(#1513,(#108),$) ;
#1538=IFCSTYLEDITEM(#1537,(#108),$) ;
#1572=IFCSTYLEDITEM(#1571,(#108),$) ;
#1605=IFCSTYLEDITEM(#1604,(#108),$) ;
#1631=IFCSTYLEDITEM(#1630,(#108),$) ;
#1667=IFCSTYLEDITEM(#1666,(#108),$) ;
#1700=IFCSTYLEDITEM(#1699,(#108),$) ;
#1724=IFCSTYLEDITEM(#1723,(#108),$) ;
#1760=IFCSTYLEDITEM(#1759,(#108),$) ;
#1793=IFCSTYLEDITEM(#1792,(#108),$) ;
#1819=IFCSTYLEDITEM(#1818,(#108),$) ;
#1855=IFCSTYLEDITEM(#1854,(#108),$) ;
#1888=IFCSTYLEDITEM(#1887,(#108),$) ;
#1914=IFCSTYLEDITEM(#1913,(#108),$) ;
#1940=IFCSTYLEDITEM(#1939,(#108),$) ;
#1971=IFCSTYLEDITEM(#1970,(#108),$) ;
#1989=IFCSTYLEDITEM(#1988,(#108),$) ;
#2023=IFCSTYLEDITEM(#2022,(#108),$) ;
#2056=IFCSTYLEDITEM(#2055,(#108),$) ;
#2082=IFCSTYLEDITEM(#2081,(#108),$) ;
#2118=IFCSTYLEDITEM(#2117,(#108),$) ;
#2151=IFCSTYLEDITEM(#2150,(#108),$) ;
#2177=IFCSTYLEDITEM(#2176,(#108),$) ;
#2203=IFCSTYLEDITEM(#2202,(#108),$) ;
#2229=IFCSTYLEDITEM(#2228,(#108),$) ;
#2255=IFCSTYLEDITEM(#2254,(#108),$) ;
#2287=IFCSTYLEDITEM(#2286,(#108),$) ;
#2333=IFCSTYLEDITEM(#2332,(#108),$) ;
#2358=IFCSTYLEDITEM(#2357,(#108),$) ;
#2380=IFCSTYLEDITEM(#2379,(#108),$) ;
#2402=IFCSTYLEDITEM(#2401,(#108),$) ;
#2429=IFCSTYLEDITEM(#2428,(#108),$) ;
#2470=IFCSTYLEDITEM(#2469,(#108),$) ;
#2493=IFCSTYLEDITEM(#2492,(#108),$) ;
#2511=IFCSTYLEDITEM(#2510,(#108),$) ;
#2529=IFCSTYLEDITEM(#2528,(#108),$) ;
#2570=IFCSTYLEDITEM(#2569,(#108),$) ;
#2602=IFCSTYLEDITEM(#2601,(#108),$) ;
#2634=IFCSTYLEDITEM(#2633,(#108),$) ;
#2668=IFCSTYLEDITEM(#2667,(#108),$) ;
#2700=IFCSTYLEDITEM(#2699,(#108),$) ;
#2734=IFCSTYLEDITEM(#2733,(#108),$) ;
#2766=IFCSTYLEDITEM(#2765,(#108),$) ;
#2789=IFCSTYLEDITEM(#2788,(#108),$) ;
#2807=IFCSTYLEDITEM(#2806,(#108),$) ;
#2825=IFCSTYLEDITEM(#2824,(#108),$) ;
#2838=IFCSTYLEDITEM(#2837,(#108),$) ;
#2868=IFCSTYLEDITEM(#2867,(#108),$) ;
#2886=IFCSTYLEDITEM(#2885,(#108),$) ;
#2911=IFCSTYLEDITEM(#2910,(#108),$) ;
#2929=IFCSTYLEDITEM(#2928,(#108),$) ;
#2961=IFCSTYLEDITEM(#2960,(#108),$) ;
#2986=IFCSTYLEDITEM(#2985,(#108),$) ;
#3004=IFCSTYLEDITEM(#3003,(#108),$) ;
#3022=IFCSTYLEDITEM(#3021,(#108),$) ;
#3040=IFCSTYLEDITEM(#3039,(#108),$) ;
#3065=IFCSTYLEDITEM(#3064,(#108),$) ;
#3091=IFCSTYLEDITEM(#3090,(#108),$) ;
#3116=IFCSTYLEDITEM(#3115,(#108),$) ;
#3142=IFCSTYLEDITEM(#3141,(#108),$) ;
#3160=IFCSTYLEDITEM(#3159,(#108),$) ;
#3192=IFCSTYLEDITEM(#3191,(#108),$) ;
#3217=IFCSTYLEDITEM(#3216,(#108),$) ;
#3240=IFCSTYLEDITEM(#3239,(#108),$) ;
#3258=IFCSTYLEDITEM(#3257,(#108),$) ;
#3276=IFCSTYLEDITEM(#3275,(#108),$) ;
#3301=IFCSTYLEDITEM(#3300,(#108),$) ;
#3327=IFCSTYLEDITEM(#3326,(#108),$) ;
#3352=IFCSTYLEDITEM(#3351,(#108),$) ;
#3378=IFCSTYLEDITEM(#3377,(#108),$) ;
#3396=IFCSTYLEDITEM(#3395,(#108),$) ;
#3419=IFCSTYLEDITEM(#3418,(#108),$) ;
#3437=IFCSTYLEDITEM(#3436,(#108),$) ;
#3460=IFCSTYLEDITEM(#3459,(#108),$) ;
#3478=IFCSTYLEDITEM(#3477,(#108),$) ;
#3496=IFCSTYLEDITEM(#3495,(#108),$) ;
#3509=IFCSTYLEDITEM(#3508,(#108),$) ;
#3527=IFCSTYLEDITEM(#3526,(#108),$) ;
#3545=IFCSTYLEDITEM(#3544,(#108),$) ;
#3563=IFCSTYLEDITEM(#3562,(#108),$) ;
#3581=IFCSTYLEDITEM(#3580,(#108),$) ;
#3594=IFCSTYLEDITEM(#3593,(#108),$) ;
#3612=IFCSTYLEDITEM(#3611,(#108),$) ;
#3659=IFCSTYLEDITEM(#3658,(#108),$) ;
#3693=IFCSTYLEDITEM(#3692,(#108),$) ;
#3725=IFCSTYLEDITEM(#3724,(#108),$) ;
#3757=IFCSTYLEDITEM(#3756,(#108),$) ;
#3789=IFCSTYLEDITEM(#3788,(#108),$) ;
#3823=IFCSTYLEDITEM(#3822,(#108),$) ;
#3855=IFCSTYLEDITEM(#3854,(#108),$) ;
#3889=IFCSTYLEDITEM(#3888,(#108),$) ;
#3921=IFCSTYLEDITEM(#3920,(#108),$) ;
#3955=IFCSTYLEDITEM(#3954,(#108),$) ;
#3987=IFCSTYLEDITEM(#3986,(#108),$) ;
#4019=IFCSTYLEDITEM(#4018,(#108),$) ;
#4044=IFCSTYLEDITEM(#4043,(#108),$) ;
#4070=IFCSTYLEDITEM(#4069,(#108),$) ;
#4117=IFCSTYLEDITEM(#4116,(#108),$) ;
#4130=IFCSTYLEDITEM(#4129,(#108),$) ;
#4148=IFCSTYLEDITEM(#4147,(#108),$) ;
#4171=IFCSTYLEDITEM(#4170,(#108),$) ;
#4189=IFCSTYLEDITEM(#4188,(#108),$) ;
#4209=IFCSTYLEDITEM(#4208,(#108),$) ;
#4235=IFCSTYLEDITEM(#4234,(#108),$) ;
#4260=IFCSTYLEDITEM(#4259,(#108),$) ;
#4285=IFCSTYLEDITEM(#4284,(#108),$) ;
#4310=IFCSTYLEDITEM(#4309,(#108),$) ;
#4336=IFCSTYLEDITEM(#4335,(#108),$) ;
#4361=IFCSTYLEDITEM(#4360,(#108),$) ;
#4387=IFCSTYLEDITEM(#4386,(#108),$) ;
#4412=IFCSTYLEDITEM(#4411,(#108),$) ;
#4438=IFCSTYLEDITEM(#4437,(#108),$) ;
#4463=IFCSTYLEDITEM(#4462,(#108),$) ;
#4489=IFCSTYLEDITEM(#4488,(#108),$) ;
#4521=IFCSTYLEDITEM(#4520,(#108),$) ;
#4546=IFCSTYLEDITEM(#4545,(#108),$) ;
#4572=IFCSTYLEDITEM(#4571,(#108),$) ;
#4602=IFCSTYLEDITEM(#4601,(#108),$) ;
#4615=IFCSTYLEDITEM(#4614,(#108),$) ;
#4633=IFCSTYLEDITEM(#4632,(#108),$) ;
#4656=IFCSTYLEDITEM(#4655,(#108),$) ;
#4669=IFCSTYLEDITEM(#4668,(#108),$) ;
#4695=IFCSTYLEDITEM(#4694,(#108),$) ;
#4720=IFCSTYLEDITEM(#4719,(#108),$) ;
#4745=IFCSTYLEDITEM(#4744,(#108),$) ;
#4770=IFCSTYLEDITEM(#4769,(#108),$) ;
#4796=IFCSTYLEDITEM(#4795,(#108),$) ;
#4821=IFCSTYLEDITEM(#4820,(#108),$) ;
#4847=IFCSTYLEDITEM(#4846,(#108),$) ;
#4872=IFCSTYLEDITEM(#4871,(#108),$) ;
#4898=IFCSTYLEDITEM(#4897,(#108),$) ;
#4923=IFCSTYLEDITEM(#4922,(#108),$) ;
#4947=IFCSTYLEDITEM(#4946,(#108),$) ;
#4970=IFCSTYLEDITEM(#4969,(#108),$) ;
#4988=IFCSTYLEDITEM(#4987,(#108),$) ;
#5006=IFCSTYLEDITEM(#5005,(#108),$) ;
#5038=IFCSTYLEDITEM(#5037,(#108),$) ;
#5051=IFCSTYLEDITEM(#5050,(#108),$) ;
#5064=IFCSTYLEDITEM(#5063,(#108),$) ;
#5077=IFCSTYLEDITEM(#5076,(#108),$) ;
#5096=IFCSTYLEDITEM(#5095,(#108),$) ;
#5119=IFCSTYLEDITEM(#5118,(#108),$) ;
#5132=IFCSTYLEDITEM(#5131,(#108),$) ;
#5150=IFCSTYLEDITEM(#5149,(#108),$) ;
#5168=IFCSTYLEDITEM(#5167,(#108),$) ;
#5181=IFCSTYLEDITEM(#5180,(#108),$) ;
#5194=IFCSTYLEDITEM(#5193,(#108),$) ;
#5217=IFCSTYLEDITEM(#5216,(#108),$) ;
#5230=IFCSTYLEDITEM(#5229,(#108),$) ;
#5253=IFCSTYLEDITEM(#5252,(#108),$) ;
#5271=IFCSTYLEDITEM(#5270,(#108),$) ;
#5284=IFCSTYLEDITEM(#5283,(#108),$) ;
#5297=IFCSTYLEDITEM(#5296,(#108),$) ;
#5310=IFCSTYLEDITEM(#5309,(#108),$) ;
#5328=IFCSTYLEDITEM(#5327,(#108),$) ;
#5346=IFCSTYLEDITEM(#5345,(#108),$) ;
#5364=IFCSTYLEDITEM(#5363,(#108),$) ;
#5382=IFCSTYLEDITEM(#5381,(#108),$) ;
#5400=IFCSTYLEDITEM(#5399,(#108),$) ;
#5418=IFCSTYLEDITEM(#5417,(#108),$) ;
#5436=IFCSTYLEDITEM(#5435,(#108),$) ;
#5454=IFCSTYLEDITEM(#5453,(#108),$) ;
#5472=IFCSTYLEDITEM(#5471,(#108),$) ;
#5490=IFCSTYLEDITEM(#5489,(#108),$) ;
#5503=IFCSTYLEDITEM(#5502,(#108),$) ;
#5520=IFCSTYLEDITEM(#5519,(#108),$) ;
#5537=IFCSTYLEDITEM(#5536,(#108),$) ;
#5565=IFCSTYLEDITEM(#5564,(#108),$) ;
#5577=IFCSTYLEDITEM(#5576,(#108),$) ;
#5595=IFCSTYLEDITEM(#5594,(#108),$) ;
#5608=IFCSTYLEDITEM(#5607,(#108),$) ;
#5623=IFCSTYLEDITEM(#5622,(#108),$) ;
#5628=IFCSTYLEDITEM(#30,(#5627),$) ;
#5630=IFCSTYLEDITEM(#5629,(#5627),$) ;
#108=IFCPRESENTATIONSTYLEASSIGNMENT((#107)) ;
#5627=IFCPRESENTATIONSTYLEASSIGNMENT((#5626)) ;
#107=IFCSURFACESTYLE($,.BOTH.,(#106)) ;
#5626=IFCSURFACESTYLE($,.BOTH.,(#5625)) ;
#41=IFCVERTEXPOINT(#40) ;
#43=IFCVERTEXPOINT(#42) ;
#50=IFCVERTEXPOINT(#49) ;
#57=IFCVERTEXPOINT(#56) ;
#75=IFCVERTEXPOINT(#74) ;
#77=IFCVERTEXPOINT(#76) ;
#84=IFCVERTEXPOINT(#83) ;
#91=IFCVERTEXPOINT(#90) ;
#120=IFCVERTEXPOINT(#119) ;
#122=IFCVERTEXPOINT(#121) ;
#129=IFCVERTEXPOINT(#128) ;
#136=IFCVERTEXPOINT(#135) ;
#161=IFCVERTEXPOINT(#160) ;
#168=IFCVERTEXPOINT(#167) ;
#193=IFCVERTEXPOINT(#192) ;
#195=IFCVERTEXPOINT(#194) ;
#202=IFCVERTEXPOINT(#201) ;
#209=IFCVERTEXPOINT(#208) ;
#216=IFCVERTEXPOINT(#215) ;
#223=IFCVERTEXPOINT(#222) ;
#230=IFCVERTEXPOINT(#229) ;
#237=IFCVERTEXPOINT(#236) ;
#266=IFCVERTEXPOINT(#265) ;
#273=IFCVERTEXPOINT(#272) ;
#299=IFCVERTEXPOINT(#298) ;
#306=IFCVERTEXPOINT(#305) ;
#314=IFCVERTEXPOINT(#313) ;
#340=IFCVERTEXPOINT(#339) ;
#342=IFCVERTEXPOINT(#341) ;
#349=IFCVERTEXPOINT(#348) ;
#357=IFCVERTEXPOINT(#356) ;
#383=IFCVERTEXPOINT(#382) ;
#385=IFCVERTEXPOINT(#384) ;
#392=IFCVERTEXPOINT(#391) ;
#400=IFCVERTEXPOINT(#399) ;
#425=IFCVERTEXPOINT(#424) ;
#427=IFCVERTEXPOINT(#426) ;
#434=IFCVERTEXPOINT(#433) ;
#441=IFCVERTEXPOINT(#440) ;
#466=IFCVERTEXPOINT(#465) ;
#473=IFCVERTEXPOINT(#472) ;
#499=IFCVERTEXPOINT(#498) ;
#524=IFCVERTEXPOINT(#523) ;
#551=IFCVERTEXPOINT(#550) ;
#576=IFCVERTEXPOINT(#575) ;
#626=IFCVERTEXPOINT(#625) ;
#628=IFCVERTEXPOINT(#627) ;
#636=IFCVERTEXPOINT(#635) ;
#661=IFCVERTEXPOINT(#660) ;
#669=IFCVERTEXPOINT(#668) ;
#695=IFCVERTEXPOINT(#694) ;
#721=IFCVERTEXPOINT(#720) ;
#723=IFCVERTEXPOINT(#722) ;
#731=IFCVERTEXPOINT(#730) ;
#756=IFCVERTEXPOINT(#755) ;
#764=IFCVERTEXPOINT(#763) ;
#790=IFCVERTEXPOINT(#789) ;
#816=IFCVERTEXPOINT(#815) ;
#824=IFCVERTEXPOINT(#823) ;
#849=IFCVERTEXPOINT(#848) ;
#876=IFCVERTEXPOINT(#875) ;
#902=IFCVERTEXPOINT(#901) ;
#904=IFCVERTEXPOINT(#903) ;
#912=IFCVERTEXPOINT(#911) ;
#937=IFCVERTEXPOINT(#936) ;
#944=IFCVERTEXPOINT(#943) ;
#971=IFCVERTEXPOINT(#970) ;
#997=IFCVERTEXPOINT(#996) ;
#999=IFCVERTEXPOINT(#998) ;
#1007=IFCVERTEXPOINT(#1006) ;
#1032=IFCVERTEXPOINT(#1031) ;
#1040=IFCVERTEXPOINT(#1039) ;
#1066=IFCVERTEXPOINT(#1065) ;
#1092=IFCVERTEXPOINT(#1091) ;
#1100=IFCVERTEXPOINT(#1099) ;
#1125=IFCVERTEXPOINT(#1124) ;
#1152=IFCVERTEXPOINT(#1151) ;
#1178=IFCVERTEXPOINT(#1177) ;
#1180=IFCVERTEXPOINT(#1179) ;
#1188=IFCVERTEXPOINT(#1187) ;
#1213=IFCVERTEXPOINT(#1212) ;
#1221=IFCVERTEXPOINT(#1220) ;
#1271=IFCVERTEXPOINT(#1270) ;
#1273=IFCVERTEXPOINT(#1272) ;
#1281=IFCVERTEXPOINT(#1280) ;
#1306=IFCVERTEXPOINT(#1305) ;
#1314=IFCVERTEXPOINT(#1313) ;
#1364=IFCVERTEXPOINT(#1363) ;
#1366=IFCVERTEXPOINT(#1365) ;
#1374=IFCVERTEXPOINT(#1373) ;
#1399=IFCVERTEXPOINT(#1398) ;
#1407=IFCVERTEXPOINT(#1406) ;
#1457=IFCVERTEXPOINT(#1456) ;
#1459=IFCVERTEXPOINT(#1458) ;
#1467=IFCVERTEXPOINT(#1466) ;
#1492=IFCVERTEXPOINT(#1491) ;
#1500=IFCVERTEXPOINT(#1499) ;
#1550=IFCVERTEXPOINT(#1549) ;
#1552=IFCVERTEXPOINT(#1551) ;
#1583=IFCVERTEXPOINT(#1582) ;
#1591=IFCVERTEXPOINT(#1590) ;
#1617=IFCVERTEXPOINT(#1616) ;
#1643=IFCVERTEXPOINT(#1642) ;
#1645=IFCVERTEXPOINT(#1644) ;
#1653=IFCVERTEXPOINT(#1652) ;
#1678=IFCVERTEXPOINT(#1677) ;
#1686=IFCVERTEXPOINT(#1685) ;
#1736=IFCVERTEXPOINT(#1735) ;
#1738=IFCVERTEXPOINT(#1737) ;
#1746=IFCVERTEXPOINT(#1745) ;
#1771=IFCVERTEXPOINT(#1770) ;
#1779=IFCVERTEXPOINT(#1778) ;
#1805=IFCVERTEXPOINT(#1804) ;
#1831=IFCVERTEXPOINT(#1830) ;
#1833=IFCVERTEXPOINT(#1832) ;
#1841=IFCVERTEXPOINT(#1840) ;
#1866=IFCVERTEXPOINT(#1865) ;
#1874=IFCVERTEXPOINT(#1873) ;
#1900=IFCVERTEXPOINT(#1899) ;
#1926=IFCVERTEXPOINT(#1925) ;
#1951=IFCVERTEXPOINT(#1950) ;
#2001=IFCVERTEXPOINT(#2000) ;
#2003=IFCVERTEXPOINT(#2002) ;
#2034=IFCVERTEXPOINT(#2033) ;
#2042=IFCVERTEXPOINT(#2041) ;
#2068=IFCVERTEXPOINT(#2067) ;
#2094=IFCVERTEXPOINT(#2093) ;
#2096=IFCVERTEXPOINT(#2095) ;
#2104=IFCVERTEXPOINT(#2103) ;
#2129=IFCVERTEXPOINT(#2128) ;
#2137=IFCVERTEXPOINT(#2136) ;
#2163=IFCVERTEXPOINT(#2162) ;
#2189=IFCVERTEXPOINT(#2188) ;
#2215=IFCVERTEXPOINT(#2214) ;
#2241=IFCVERTEXPOINT(#2240) ;
#2266=IFCVERTEXPOINT(#2265) ;
#2268=IFCVERTEXPOINT(#2267) ;
#2298=IFCVERTEXPOINT(#2297) ;
#2300=IFCVERTEXPOINT(#2299) ;
#2312=IFCVERTEXPOINT(#2311) ;
#2440=IFCVERTEXPOINT(#2439) ;
#2442=IFCVERTEXPOINT(#2441) ;
#2449=IFCVERTEXPOINT(#2448) ;
#2456=IFCVERTEXPOINT(#2455) ;
#2540=IFCVERTEXPOINT(#2539) ;
#2542=IFCVERTEXPOINT(#2541) ;
#2549=IFCVERTEXPOINT(#2548) ;
#2556=IFCVERTEXPOINT(#2555) ;
#2581=IFCVERTEXPOINT(#2580) ;
#2588=IFCVERTEXPOINT(#2587) ;
#2613=IFCVERTEXPOINT(#2612) ;
#2620=IFCVERTEXPOINT(#2619) ;
#2646=IFCVERTEXPOINT(#2645) ;
#2654=IFCVERTEXPOINT(#2653) ;
#2679=IFCVERTEXPOINT(#2678) ;
#2686=IFCVERTEXPOINT(#2685) ;
#2712=IFCVERTEXPOINT(#2711) ;
#2720=IFCVERTEXPOINT(#2719) ;
#2745=IFCVERTEXPOINT(#2744) ;
#2752=IFCVERTEXPOINT(#2751) ;
#2849=IFCVERTEXPOINT(#2848) ;
#2897=IFCVERTEXPOINT(#2896) ;
#2940=IFCVERTEXPOINT(#2939) ;
#2942=IFCVERTEXPOINT(#2941) ;
#2972=IFCVERTEXPOINT(#2971) ;
#3051=IFCVERTEXPOINT(#3050) ;
#3077=IFCVERTEXPOINT(#3076) ;
#3102=IFCVERTEXPOINT(#3101) ;
#3128=IFCVERTEXPOINT(#3127) ;
#3171=IFCVERTEXPOINT(#3170) ;
#3173=IFCVERTEXPOINT(#3172) ;
#3203=IFCVERTEXPOINT(#3202) ;
#3287=IFCVERTEXPOINT(#3286) ;
#3313=IFCVERTEXPOINT(#3312) ;
#3338=IFCVERTEXPOINT(#3337) ;
#3364=IFCVERTEXPOINT(#3363) ;
#3671=IFCVERTEXPOINT(#3670) ;
#3679=IFCVERTEXPOINT(#3678) ;
#3704=IFCVERTEXPOINT(#3703) ;
#3711=IFCVERTEXPOINT(#3710) ;
#3736=IFCVERTEXPOINT(#3735) ;
#3743=IFCVERTEXPOINT(#3742) ;
#3768=IFCVERTEXPOINT(#3767) ;
#3775=IFCVERTEXPOINT(#3774) ;
#3801=IFCVERTEXPOINT(#3800) ;
#3809=IFCVERTEXPOINT(#3808) ;
#3834=IFCVERTEXPOINT(#3833) ;
#3841=IFCVERTEXPOINT(#3840) ;
#3867=IFCVERTEXPOINT(#3866) ;
#3875=IFCVERTEXPOINT(#3874) ;
#3900=IFCVERTEXPOINT(#3899) ;
#3907=IFCVERTEXPOINT(#3906) ;
#3933=IFCVERTEXPOINT(#3932) ;
#3941=IFCVERTEXPOINT(#3940) ;
#3966=IFCVERTEXPOINT(#3965) ;
#3973=IFCVERTEXPOINT(#3972) ;
#4005=IFCVERTEXPOINT(#4004) ;
#4030=IFCVERTEXPOINT(#4029) ;
#4056=IFCVERTEXPOINT(#4055) ;
#4221=IFCVERTEXPOINT(#4220) ;
#4246=IFCVERTEXPOINT(#4245) ;
#4271=IFCVERTEXPOINT(#4270) ;
#4296=IFCVERTEXPOINT(#4295) ;
#4322=IFCVERTEXPOINT(#4321) ;
#4347=IFCVERTEXPOINT(#4346) ;
#4373=IFCVERTEXPOINT(#4372) ;
#4398=IFCVERTEXPOINT(#4397) ;
#4424=IFCVERTEXPOINT(#4423) ;
#4449=IFCVERTEXPOINT(#4448) ;
#4475=IFCVERTEXPOINT(#4474) ;
#4500=IFCVERTEXPOINT(#4499) ;
#4507=IFCVERTEXPOINT(#4506) ;
#4532=IFCVERTEXPOINT(#4531) ;
#4558=IFCVERTEXPOINT(#4557) ;
#4681=IFCVERTEXPOINT(#4680) ;
#4706=IFCVERTEXPOINT(#4705) ;
#4731=IFCVERTEXPOINT(#4730) ;
#4756=IFCVERTEXPOINT(#4755) ;
#4782=IFCVERTEXPOINT(#4781) ;
#4807=IFCVERTEXPOINT(#4806) ;
#4833=IFCVERTEXPOINT(#4832) ;
#4858=IFCVERTEXPOINT(#4857) ;
#4884=IFCVERTEXPOINT(#4883) ;
#4909=IFCVERTEXPOINT(#4908) ;
#5633=IFCPRODUCTDEFINITIONSHAPE($,$,(#29)) ;
#11=IFCCONVERSIONBASEDUNIT(#12,.LENGTHUNIT.,'METRE',#13) ;
#30=IFCCLOSEDSHELL((#104,#149,#181,#254,#286,#327,#370,#413,#454,#486,#512,#538,#564,#595,#613,#649,#682,#708,#744,#777,#803,#837,#863,#889,#925,#958,#984,#1020,#1053,#1079,#1113,#1139,#1165,#1201,#1234,#1258,#1294,#1327,#1351,#1387,#1420,#1444,#1480,#1513,#1537,#1571,#1604,#1630,#1666,#1699,#1723,#1759,#1792,#1818,#1854,#1887,#1913,#1939,#1970,#1988,#2022,#2055,#2081,#2117,#2150,#2176,#2202,#2228,#2254,#2286,#2332,#2357,#2379,#2401,#2428,#2469,#2492,#2510,#2528,#2569,#2601,#2633,#2667,#2699,#2733,#2765,#2788,#2806,#2824,#2837,#2867,#2885,#2910,#2928,#2960,#2985,#3003,#3021,#3039,#3064,#3090,#3115,#3141,#3159,#3191,#3216,#3239,#3257,#3275,#3300,#3326,#3351,#3377,#3395,#3418,#3436,#3459,#3477,#3495,#3508,#3526,#3544,#3562,#3580,#3593,#3611,#3658,#3692,#3724,#3756,#3788,#3822,#3854,#3888,#3920,#3954,#3986,#4018,#4043,#4069,#4116,#4129,#4147,#4170,#4188,#4208,#4234,#4259,#4284,#4309,#4335,#4360,#4386,#4411,#4437,#4462,#4488,#4520,#4545,#4571,#4601,#4614,#4632,#4655,#4668,#4694,#4719,#4744,#4769,#4795,#4820,#4846,#4871,#4897,#4922,#4946,#4969,#4987,#5005,#5037,#5050,#5063,#5076,#5095,#5118,#5131,#5149,#5167,#5180,#5193,#5216,#5229,#5252,#5270,#5283,#5296,#5309,#5327,#5345,#5363,#5381,#5399,#5417,#5435,#5453,#5471,#5489,#5502,#5519,#5536,#5564,#5576,#5594,#5607,#5622)) ;
#103=IFCFACEBOUND(#98,.T.) ;
#5629=IFCADVANCEDBREP(#30) ;
#104=IFCADVANCEDFACE((#69,#103),#31,.T.) ;
#149=IFCADVANCEDFACE((#148),#110,.F.) ;
#181=IFCADVANCEDFACE((#180),#151,.F.) ;
#254=IFCADVANCEDFACE((#253),#183,.F.) ;
#286=IFCADVANCEDFACE((#285),#256,.F.) ;
#327=IFCADVANCEDFACE((#326),#292,.F.) ;
#370=IFCADVANCEDFACE((#369),#333,.F.) ;
#413=IFCADVANCEDFACE((#412),#376,.F.) ;
#454=IFCADVANCEDFACE((#453),#415,.F.) ;
#486=IFCADVANCEDFACE((#485),#456,.F.) ;
#512=IFCADVANCEDFACE((#511),#492,.F.) ;
#538=IFCADVANCEDFACE((#537),#518,.F.) ;
#564=IFCADVANCEDFACE((#563),#544,.F.) ;
#595=IFCADVANCEDFACE((#594),#570,.F.) ;
#613=IFCADVANCEDFACE((#612),#601,.F.) ;
#649=IFCADVANCEDFACE((#648),#619,.F.) ;
#682=IFCADVANCEDFACE((#681),#655,.F.) ;
#708=IFCADVANCEDFACE((#707),#688,.F.) ;
#744=IFCADVANCEDFACE((#743),#714,.F.) ;
#777=IFCADVANCEDFACE((#776),#750,.F.) ;
#803=IFCADVANCEDFACE((#802),#783,.F.) ;
#837=IFCADVANCEDFACE((#836),#809,.F.) ;
#863=IFCADVANCEDFACE((#862),#843,.F.) ;
#889=IFCADVANCEDFACE((#888),#869,.F.) ;
#925=IFCADVANCEDFACE((#924),#895,.F.) ;
#958=IFCADVANCEDFACE((#957),#931,.F.) ;
#984=IFCADVANCEDFACE((#983),#964,.F.) ;
#1020=IFCADVANCEDFACE((#1019),#990,.F.) ;
#1053=IFCADVANCEDFACE((#1052),#1026,.F.) ;
#1079=IFCADVANCEDFACE((#1078),#1059,.F.) ;
#1113=IFCADVANCEDFACE((#1112),#1085,.F.) ;
#1139=IFCADVANCEDFACE((#1138),#1119,.F.) ;
#1165=IFCADVANCEDFACE((#1164),#1145,.F.) ;
#1201=IFCADVANCEDFACE((#1200),#1171,.F.) ;
#1234=IFCADVANCEDFACE((#1233),#1207,.F.) ;
#1258=IFCADVANCEDFACE((#1257),#1240,.F.) ;
#1294=IFCADVANCEDFACE((#1293),#1264,.F.) ;
#1327=IFCADVANCEDFACE((#1326),#1300,.F.) ;
#1351=IFCADVANCEDFACE((#1350),#1333,.F.) ;
#1387=IFCADVANCEDFACE((#1386),#1357,.F.) ;
#1420=IFCADVANCEDFACE((#1419),#1393,.F.) ;
#1444=IFCADVANCEDFACE((#1443),#1426,.F.) ;
#1480=IFCADVANCEDFACE((#1479),#1450,.F.) ;
#1513=IFCADVANCEDFACE((#1512),#1486,.F.) ;
#1537=IFCADVANCEDFACE((#1536),#1519,.F.) ;
#1571=IFCADVANCEDFACE((#1570),#1543,.F.) ;
#1604=IFCADVANCEDFACE((#1603),#1577,.F.) ;
#1630=IFCADVANCEDFACE((#1629),#1610,.F.) ;
#1666=IFCADVANCEDFACE((#1665),#1636,.F.) ;
#1699=IFCADVANCEDFACE((#1698),#1672,.F.) ;
#1723=IFCADVANCEDFACE((#1722),#1705,.F.) ;
#1759=IFCADVANCEDFACE((#1758),#1729,.F.) ;
#1792=IFCADVANCEDFACE((#1791),#1765,.F.) ;
#1818=IFCADVANCEDFACE((#1817),#1798,.F.) ;
#1854=IFCADVANCEDFACE((#1853),#1824,.F.) ;
#1887=IFCADVANCEDFACE((#1886),#1860,.F.) ;
#1913=IFCADVANCEDFACE((#1912),#1893,.F.) ;
#1939=IFCADVANCEDFACE((#1938),#1919,.F.) ;
#1970=IFCADVANCEDFACE((#1969),#1945,.F.) ;
#1988=IFCADVANCEDFACE((#1987),#1976,.F.) ;
#2022=IFCADVANCEDFACE((#2021),#1994,.F.) ;
#2055=IFCADVANCEDFACE((#2054),#2028,.F.) ;
#2081=IFCADVANCEDFACE((#2080),#2061,.F.) ;
#2117=IFCADVANCEDFACE((#2116),#2087,.F.) ;
#2150=IFCADVANCEDFACE((#2149),#2123,.F.) ;
#2176=IFCADVANCEDFACE((#2175),#2156,.F.) ;
#2202=IFCADVANCEDFACE((#2201),#2182,.F.) ;
#2228=IFCADVANCEDFACE((#2227),#2208,.F.) ;
#2254=IFCADVANCEDFACE((#2253),#2234,.F.) ;
#2286=IFCADVANCEDFACE((#2285),#2256,.F.) ;
#2332=IFCADVANCEDFACE((#2331),#2288,.F.) ;
#2357=IFCADVANCEDFACE((#2356),#2338,.F.) ;
#2379=IFCADVANCEDFACE((#2378),#2359,.T.) ;
#2401=IFCADVANCEDFACE((#2400),#2381,.F.) ;
#2428=IFCADVANCEDFACE((#2427),#2403,.F.) ;
#2469=IFCADVANCEDFACE((#2468),#2430,.T.) ;
#2492=IFCADVANCEDFACE((#2491),#2475,.F.) ;
#2510=IFCADVANCEDFACE((#2509),#2494,.T.) ;
#2528=IFCADVANCEDFACE((#2527),#2516,.F.) ;
#2569=IFCADVANCEDFACE((#2568),#2530,.T.) ;
#2601=IFCADVANCEDFACE((#2600),#2571,.T.) ;
#2633=IFCADVANCEDFACE((#2632),#2603,.T.) ;
#2667=IFCADVANCEDFACE((#2666),#2639,.T.) ;
#2699=IFCADVANCEDFACE((#2698),#2669,.T.) ;
#2733=IFCADVANCEDFACE((#2732),#2705,.T.) ;
#2765=IFCADVANCEDFACE((#2764),#2735,.T.) ;
#2788=IFCADVANCEDFACE((#2787),#2767,.T.) ;
#2806=IFCADVANCEDFACE((#2805),#2790,.T.) ;
#2824=IFCADVANCEDFACE((#2823),#2808,.T.) ;
#2837=IFCADVANCEDFACE((#2836),#2826,.T.) ;
#2867=IFCADVANCEDFACE((#2866),#2839,.F.) ;
#2885=IFCADVANCEDFACE((#2884),#2869,.F.) ;
#2910=IFCADVANCEDFACE((#2909),#2887,.F.) ;
#2928=IFCADVANCEDFACE((#2927),#2912,.F.) ;
#2960=IFCADVANCEDFACE((#2959),#2930,.T.) ;
#2985=IFCADVANCEDFACE((#2984),#2962,.T.) ;
#3003=IFCADVANCEDFACE((#3002),#2991,.F.) ;
#3021=IFCADVANCEDFACE((#3020),#3005,.T.) ;
#3039=IFCADVANCEDFACE((#3038),#3027,.F.) ;
#3064=IFCADVANCEDFACE((#3063),#3041,.T.) ;
#3090=IFCADVANCEDFACE((#3089),#3070,.T.) ;
#3115=IFCADVANCEDFACE((#3114),#3092,.T.) ;
#3141=IFCADVANCEDFACE((#3140),#3121,.T.) ;
#3159=IFCADVANCEDFACE((#3158),#3143,.T.) ;
#3191=IFCADVANCEDFACE((#3190),#3161,.T.) ;
#3216=IFCADVANCEDFACE((#3215),#3193,.T.) ;
#3239=IFCADVANCEDFACE((#3238),#3222,.F.) ;
#3257=IFCADVANCEDFACE((#3256),#3241,.T.) ;
#3275=IFCADVANCEDFACE((#3274),#3263,.F.) ;
#3300=IFCADVANCEDFACE((#3299),#3277,.T.) ;
#3326=IFCADVANCEDFACE((#3325),#3306,.T.) ;
#3351=IFCADVANCEDFACE((#3350),#3328,.T.) ;
#3377=IFCADVANCEDFACE((#3376),#3357,.T.) ;
#3395=IFCADVANCEDFACE((#3394),#3379,.T.) ;
#3418=IFCADVANCEDFACE((#3417),#3397,.T.) ;
#3436=IFCADVANCEDFACE((#3435),#3420,.T.) ;
#3459=IFCADVANCEDFACE((#3458),#3442,.F.) ;
#3477=IFCADVANCEDFACE((#3476),#3461,.T.) ;
#3495=IFCADVANCEDFACE((#3494),#3483,.F.) ;
#3508=IFCADVANCEDFACE((#3507),#3497,.T.) ;
#3526=IFCADVANCEDFACE((#3525),#3510,.T.) ;
#3544=IFCADVANCEDFACE((#3543),#3532,.T.) ;
#3562=IFCADVANCEDFACE((#3561),#3546,.T.) ;
#3580=IFCADVANCEDFACE((#3579),#3568,.T.) ;
#3593=IFCADVANCEDFACE((#3592),#3582,.T.) ;
#3611=IFCADVANCEDFACE((#3610),#3599,.F.) ;
#3658=IFCADVANCEDFACE((#3657),#3613,.F.) ;
#3692=IFCADVANCEDFACE((#3691),#3664,.F.) ;
#3724=IFCADVANCEDFACE((#3723),#3694,.F.) ;
#3756=IFCADVANCEDFACE((#3755),#3726,.F.) ;
#3788=IFCADVANCEDFACE((#3787),#3758,.F.) ;
#3822=IFCADVANCEDFACE((#3821),#3794,.T.) ;
#3854=IFCADVANCEDFACE((#3853),#3824,.F.) ;
#3888=IFCADVANCEDFACE((#3887),#3860,.T.) ;
#3920=IFCADVANCEDFACE((#3919),#3890,.F.) ;
#3954=IFCADVANCEDFACE((#3953),#3926,.T.) ;
#3986=IFCADVANCEDFACE((#3985),#3956,.F.) ;
#4018=IFCADVANCEDFACE((#4017),#3992,.T.) ;
#4043=IFCADVANCEDFACE((#4042),#4020,.F.) ;
#4069=IFCADVANCEDFACE((#4068),#4049,.F.) ;
#4116=IFCADVANCEDFACE((#4115),#4071,.F.) ;
#4129=IFCADVANCEDFACE((#4128),#4122,.F.) ;
#4147=IFCADVANCEDFACE((#4146),#4131,.F.) ;
#4170=IFCADVANCEDFACE((#4169),#4149,.F.) ;
#4188=IFCADVANCEDFACE((#4187),#4176,.F.) ;
#4208=IFCADVANCEDFACE((#4207),#4190,.F.) ;
#4234=IFCADVANCEDFACE((#4233),#4214,.F.) ;
#4259=IFCADVANCEDFACE((#4258),#4236,.F.) ;
#4284=IFCADVANCEDFACE((#4283),#4261,.F.) ;
#4309=IFCADVANCEDFACE((#4308),#4286,.F.) ;
#4335=IFCADVANCEDFACE((#4334),#4315,.T.) ;
#4360=IFCADVANCEDFACE((#4359),#4337,.F.) ;
#4386=IFCADVANCEDFACE((#4385),#4366,.T.) ;
#4411=IFCADVANCEDFACE((#4410),#4388,.F.) ;
#4437=IFCADVANCEDFACE((#4436),#4417,.T.) ;
#4462=IFCADVANCEDFACE((#4461),#4439,.F.) ;
#4488=IFCADVANCEDFACE((#4487),#4468,.T.) ;
#4520=IFCADVANCEDFACE((#4519),#4490,.F.) ;
#4545=IFCADVANCEDFACE((#4544),#4522,.F.) ;
#4571=IFCADVANCEDFACE((#4570),#4551,.F.) ;
#4601=IFCADVANCEDFACE((#4600),#4573,.F.) ;
#4614=IFCADVANCEDFACE((#4613),#4607,.F.) ;
#4632=IFCADVANCEDFACE((#4631),#4616,.F.) ;
#4655=IFCADVANCEDFACE((#4654),#4634,.F.) ;
#4668=IFCADVANCEDFACE((#4667),#4661,.F.) ;
#4694=IFCADVANCEDFACE((#4693),#4674,.F.) ;
#4719=IFCADVANCEDFACE((#4718),#4696,.F.) ;
#4744=IFCADVANCEDFACE((#4743),#4721,.F.) ;
#4769=IFCADVANCEDFACE((#4768),#4746,.F.) ;
#4795=IFCADVANCEDFACE((#4794),#4775,.T.) ;
#4820=IFCADVANCEDFACE((#4819),#4797,.F.) ;
#4846=IFCADVANCEDFACE((#4845),#4826,.T.) ;
#4871=IFCADVANCEDFACE((#4870),#4848,.F.) ;
#4897=IFCADVANCEDFACE((#4896),#4877,.T.) ;
#4922=IFCADVANCEDFACE((#4921),#4899,.F.) ;
#4946=IFCADVANCEDFACE((#4945),#4928,.T.) ;
#4969=IFCADVANCEDFACE((#4968),#4948,.F.) ;
#4987=IFCADVANCEDFACE((#4986),#4971,.F.) ;
#5005=IFCADVANCEDFACE((#5004),#4993,.F.) ;
#5037=IFCADVANCEDFACE((#5036),#5007,.F.) ;
#5050=IFCADVANCEDFACE((#5049),#5043,.F.) ;
#5063=IFCADVANCEDFACE((#5062),#5052,.F.) ;
#5076=IFCADVANCEDFACE((#5075),#5065,.F.) ;
#5095=IFCADVANCEDFACE((#5094),#5082,.F.) ;
#5118=IFCADVANCEDFACE((#5117),#5097,.F.) ;
#5131=IFCADVANCEDFACE((#5130),#5124,.F.) ;
#5149=IFCADVANCEDFACE((#5148),#5137,.F.) ;
#5167=IFCADVANCEDFACE((#5166),#5151,.F.) ;
#5180=IFCADVANCEDFACE((#5179),#5173,.F.) ;
#5193=IFCADVANCEDFACE((#5192),#5186,.F.) ;
#5216=IFCADVANCEDFACE((#5215),#5195,.F.) ;
#5229=IFCADVANCEDFACE((#5228),#5222,.F.) ;
#5252=IFCADVANCEDFACE((#5251),#5231,.F.) ;
#5270=IFCADVANCEDFACE((#5269),#5258,.F.) ;
#5283=IFCADVANCEDFACE((#5282),#5276,.F.) ;
#5296=IFCADVANCEDFACE((#5295),#5289,.F.) ;
#5309=IFCADVANCEDFACE((#5308),#5302,.F.) ;
#5327=IFCADVANCEDFACE((#5326),#5315,.F.) ;
#5345=IFCADVANCEDFACE((#5344),#5333,.T.) ;
#5363=IFCADVANCEDFACE((#5362),#5347,.F.) ;
#5381=IFCADVANCEDFACE((#5380),#5369,.T.) ;
#5399=IFCADVANCEDFACE((#5398),#5383,.F.) ;
#5417=IFCADVANCEDFACE((#5416),#5405,.T.) ;
#5435=IFCADVANCEDFACE((#5434),#5419,.F.) ;
#5453=IFCADVANCEDFACE((#5452),#5441,.T.) ;
#5471=IFCADVANCEDFACE((#5470),#5455,.F.) ;
#5489=IFCADVANCEDFACE((#5488),#5473,.F.) ;
#5502=IFCADVANCEDFACE((#5501),#5491,.F.) ;
#5519=IFCADVANCEDFACE((#5518),#5504,.T.) ;
#5536=IFCADVANCEDFACE((#5535),#5521,.F.) ;
#5564=IFCADVANCEDFACE((#5563),#5538,.F.) ;
#5576=IFCADVANCEDFACE((#5575),#5570,.F.) ;
#5594=IFCADVANCEDFACE((#5593),#5578,.F.) ;
#5607=IFCADVANCEDFACE((#5606),#5600,.F.) ;
#5622=IFCADVANCEDFACE((#5621),#5609,.F.) ;
#22=IFCBUILDING('1b7n1tU7i3Ey5NIGGK9tqH',#5,'default Building',$,$,$,$,$,.ELEMENT.,$,$,$) ;
#5631=IFCBUILDINGELEMENTPROXY('Sc00RN00Wf00Ro00J8l$tQ',#5,'06.176.L (IFC v2',$,$,#5632,#5633,$,$) ;
#23=IFCBUILDINGSTOREY('1b8ZfpFaDXEmm0e1CyCmu6',#5,'default BuildingStorey',$,$,$,$,$,.ELEMENT.,$) ;
#293=IFCCIRCLE(#294,0.0038) ;
#308=IFCCIRCLE(#309,0.0038) ;
#334=IFCCIRCLE(#335,0.0038) ;
#351=IFCCIRCLE(#352,0.0038) ;
#377=IFCCIRCLE(#378,0.0038) ;
#394=IFCCIRCLE(#395,0.0038) ;
#493=IFCCIRCLE(#494,0.0038) ;
#501=IFCCIRCLE(#502,0.0038) ;
#526=IFCCIRCLE(#527,0.0038) ;
#545=IFCCIRCLE(#546,0.0038) ;
#553=IFCCIRCLE(#554,0.0038) ;
#578=IFCCIRCLE(#579,0.0038) ;
#602=IFCCIRCLE(#603,0.0038) ;
#620=IFCCIRCLE(#621,0.0038) ;
#630=IFCCIRCLE(#631,0.0038) ;
#638=IFCCIRCLE(#639,0.0038) ;
#663=IFCCIRCLE(#664,0.0038) ;
#689=IFCCIRCLE(#690,0.0038) ;
#697=IFCCIRCLE(#698,0.0038) ;
#715=IFCCIRCLE(#716,0.0038) ;
#725=IFCCIRCLE(#726,0.0038) ;
#733=IFCCIRCLE(#734,0.0038) ;
#758=IFCCIRCLE(#759,0.0038) ;
#784=IFCCIRCLE(#785,0.0038) ;
#792=IFCCIRCLE(#793,0.0038) ;
#810=IFCCIRCLE(#811,0.0038) ;
#818=IFCCIRCLE(#819,0.0038) ;
#826=IFCCIRCLE(#827,0.0038) ;
#851=IFCCIRCLE(#852,0.0038) ;
#870=IFCCIRCLE(#871,0.0038) ;
#878=IFCCIRCLE(#879,0.0038) ;
#896=IFCCIRCLE(#897,0.0038) ;
#906=IFCCIRCLE(#907,0.0038) ;
#914=IFCCIRCLE(#915,0.0038) ;
#946=IFCCIRCLE(#947,0.0038) ;
#965=IFCCIRCLE(#966,0.0038) ;
#973=IFCCIRCLE(#974,0.0038) ;
#991=IFCCIRCLE(#992,0.0038) ;
#1001=IFCCIRCLE(#1002,0.0038) ;
#1009=IFCCIRCLE(#1010,0.0038) ;
#1034=IFCCIRCLE(#1035,0.0038) ;
#1060=IFCCIRCLE(#1061,0.0038) ;
#1068=IFCCIRCLE(#1069,0.0038) ;
#1086=IFCCIRCLE(#1087,0.0038) ;
#1094=IFCCIRCLE(#1095,0.0038) ;
#1102=IFCCIRCLE(#1103,0.0038) ;
#1127=IFCCIRCLE(#1128,0.0038) ;
#1146=IFCCIRCLE(#1147,0.0038) ;
#1154=IFCCIRCLE(#1155,0.0038) ;
#1172=IFCCIRCLE(#1173,0.0038) ;
#1182=IFCCIRCLE(#1183,0.0038) ;
#1190=IFCCIRCLE(#1191,0.0038) ;
#1215=IFCCIRCLE(#1216,0.0038) ;
#1241=IFCCIRCLE(#1242,0.0038) ;
#1247=IFCCIRCLE(#1248,0.0038) ;
#1265=IFCCIRCLE(#1266,0.0038) ;
#1275=IFCCIRCLE(#1276,0.0038) ;
#1283=IFCCIRCLE(#1284,0.0038) ;
#1308=IFCCIRCLE(#1309,0.0038) ;
#1334=IFCCIRCLE(#1335,0.0038) ;
#1340=IFCCIRCLE(#1341,0.0038) ;
#1358=IFCCIRCLE(#1359,0.0038) ;
#1368=IFCCIRCLE(#1369,0.0038) ;
#1376=IFCCIRCLE(#1377,0.0038) ;
#1401=IFCCIRCLE(#1402,0.0038) ;
#1427=IFCCIRCLE(#1428,0.0038) ;
#1433=IFCCIRCLE(#1434,0.0038) ;
#1451=IFCCIRCLE(#1452,0.0038) ;
#1461=IFCCIRCLE(#1462,0.0038) ;
#1469=IFCCIRCLE(#1470,0.0038) ;
#1494=IFCCIRCLE(#1495,0.0038) ;
#1520=IFCCIRCLE(#1521,0.0038) ;
#1526=IFCCIRCLE(#1527,0.0038) ;
#1544=IFCCIRCLE(#1545,0.005) ;
#1554=IFCCIRCLE(#1555,0.005) ;
#1560=IFCCIRCLE(#1561,0.005) ;
#1585=IFCCIRCLE(#1586,0.005) ;
#1611=IFCCIRCLE(#1612,0.005) ;
#1619=IFCCIRCLE(#1620,0.005) ;
#1637=IFCCIRCLE(#1638,0.005) ;
#1647=IFCCIRCLE(#1648,0.005) ;
#1655=IFCCIRCLE(#1656,0.005) ;
#1680=IFCCIRCLE(#1681,0.005) ;
#1706=IFCCIRCLE(#1707,0.005) ;
#1712=IFCCIRCLE(#1713,0.005) ;
#1730=IFCCIRCLE(#1731,0.005) ;
#1740=IFCCIRCLE(#1741,0.005) ;
#1748=IFCCIRCLE(#1749,0.005) ;
#1773=IFCCIRCLE(#1774,0.005) ;
#1799=IFCCIRCLE(#1800,0.005) ;
#1807=IFCCIRCLE(#1808,0.005) ;
#1825=IFCCIRCLE(#1826,0.005) ;
#1835=IFCCIRCLE(#1836,0.005) ;
#1843=IFCCIRCLE(#1844,0.005) ;
#1868=IFCCIRCLE(#1869,0.005) ;
#1894=IFCCIRCLE(#1895,0.005) ;
#1902=IFCCIRCLE(#1903,0.005) ;
#1920=IFCCIRCLE(#1921,0.0038) ;
#1928=IFCCIRCLE(#1929,0.0038) ;
#1953=IFCCIRCLE(#1954,0.0038) ;
#1977=IFCCIRCLE(#1978,0.0038) ;
#1995=IFCCIRCLE(#1996,0.0038) ;
#2005=IFCCIRCLE(#2006,0.0038) ;
#2011=IFCCIRCLE(#2012,0.0038) ;
#2036=IFCCIRCLE(#2037,0.0038) ;
#2062=IFCCIRCLE(#2063,0.0038) ;
#2070=IFCCIRCLE(#2071,0.0038) ;
#2088=IFCCIRCLE(#2089,0.0038) ;
#2098=IFCCIRCLE(#2099,0.0038) ;
#2106=IFCCIRCLE(#2107,0.0038) ;
#2131=IFCCIRCLE(#2132,0.0038) ;
#2157=IFCCIRCLE(#2158,0.0038) ;
#2165=IFCCIRCLE(#2166,0.0038) ;
#2183=IFCCIRCLE(#2184,0.0038) ;
#2191=IFCCIRCLE(#2192,0.0038) ;
#2209=IFCCIRCLE(#2210,0.0038) ;
#2235=IFCCIRCLE(#2236,0.0038) ;
#2243=IFCCIRCLE(#2244,0.0038) ;
#5083=IFCCIRCLE(#5084,0.0038) ;
#5548=IFCCIRCLE(#5549,0.0038) ;
#6=IFCUNITASSIGNMENT((#10,#8,#9,#11)) ;
#31=IFCPLANE(#32) ;
#110=IFCPLANE(#111) ;
#151=IFCPLANE(#152) ;
#183=IFCPLANE(#184) ;
#256=IFCPLANE(#257) ;
#415=IFCPLANE(#416) ;
#456=IFCPLANE(#457) ;
#2256=IFCPLANE(#2257) ;
#2288=IFCPLANE(#2289) ;
#2359=IFCPLANE(#2360) ;
#2381=IFCPLANE(#2382) ;
#2403=IFCPLANE(#2404) ;
#2430=IFCPLANE(#2431) ;
#2494=IFCPLANE(#2495) ;
#2530=IFCPLANE(#2531) ;
#2571=IFCPLANE(#2572) ;
#2603=IFCPLANE(#2604) ;
#2669=IFCPLANE(#2670) ;
#2735=IFCPLANE(#2736) ;
#2767=IFCPLANE(#2768) ;
#2790=IFCPLANE(#2791) ;
#2808=IFCPLANE(#2809) ;
#2826=IFCPLANE(#2827) ;
#2839=IFCPLANE(#2840) ;
#2869=IFCPLANE(#2870) ;
#2887=IFCPLANE(#2888) ;
#2912=IFCPLANE(#2913) ;
#2930=IFCPLANE(#2931) ;
#2962=IFCPLANE(#2963) ;
#3005=IFCPLANE(#3006) ;
#3041=IFCPLANE(#3042) ;
#3092=IFCPLANE(#3093) ;
#3143=IFCPLANE(#3144) ;
#3161=IFCPLANE(#3162) ;
#3193=IFCPLANE(#3194) ;
#3241=IFCPLANE(#3242) ;
#3277=IFCPLANE(#3278) ;
#3328=IFCPLANE(#3329) ;
#3379=IFCPLANE(#3380) ;
#3397=IFCPLANE(#3398) ;
#3420=IFCPLANE(#3421) ;
#3461=IFCPLANE(#3462) ;
#3497=IFCPLANE(#3498) ;
#3510=IFCPLANE(#3511) ;
#3546=IFCPLANE(#3547) ;
#3582=IFCPLANE(#3583) ;
#3613=IFCPLANE(#3614) ;
#3694=IFCPLANE(#3695) ;
#3726=IFCPLANE(#3727) ;
#3758=IFCPLANE(#3759) ;
#3824=IFCPLANE(#3825) ;
#3890=IFCPLANE(#3891) ;
#3956=IFCPLANE(#3957) ;
#4020=IFCPLANE(#4021) ;
#4071=IFCPLANE(#4072) ;
#4131=IFCPLANE(#4132) ;
#4149=IFCPLANE(#4150) ;
#4190=IFCPLANE(#4191) ;
#4236=IFCPLANE(#4237) ;
#4261=IFCPLANE(#4262) ;
#4286=IFCPLANE(#4287) ;
#4337=IFCPLANE(#4338) ;
#4388=IFCPLANE(#4389) ;
#4439=IFCPLANE(#4440) ;
#4490=IFCPLANE(#4491) ;
#4522=IFCPLANE(#4523) ;
#4573=IFCPLANE(#4574) ;
#4616=IFCPLANE(#4617) ;
#4634=IFCPLANE(#4635) ;
#4696=IFCPLANE(#4697) ;
#4721=IFCPLANE(#4722) ;
#4746=IFCPLANE(#4747) ;
#4797=IFCPLANE(#4798) ;
#4848=IFCPLANE(#4849) ;
#4899=IFCPLANE(#4900) ;
#4948=IFCPLANE(#4949) ;
#4971=IFCPLANE(#4972) ;
#5007=IFCPLANE(#5008) ;
#5052=IFCPLANE(#5053) ;
#5065=IFCPLANE(#5066) ;
#5097=IFCPLANE(#5098) ;
#5151=IFCPLANE(#5152) ;
#5195=IFCPLANE(#5196) ;
#5231=IFCPLANE(#5232) ;
#5347=IFCPLANE(#5348) ;
#5383=IFCPLANE(#5384) ;
#5419=IFCPLANE(#5420) ;
#5455=IFCPLANE(#5456) ;
#5473=IFCPLANE(#5474) ;
#5491=IFCPLANE(#5492) ;
#5504=IFCPLANE(#5505) ;
#5521=IFCPLANE(#5522) ;
#5538=IFCPLANE(#5539) ;
#5578=IFCPLANE(#5579) ;
#5609=IFCPLANE(#5610) ;
#292=IFCCYLINDRICALSURFACE(#288,0.0038) ;
#333=IFCCYLINDRICALSURFACE(#329,0.0038) ;
#376=IFCCYLINDRICALSURFACE(#372,0.0038) ;
#518=IFCCYLINDRICALSURFACE(#514,0.0038) ;
#570=IFCCYLINDRICALSURFACE(#566,0.0038) ;
#655=IFCCYLINDRICALSURFACE(#651,0.0038) ;
#750=IFCCYLINDRICALSURFACE(#746,0.0038) ;
#843=IFCCYLINDRICALSURFACE(#839,0.0038) ;
#931=IFCCYLINDRICALSURFACE(#927,0.0038) ;
#1026=IFCCYLINDRICALSURFACE(#1022,0.0038) ;
#1119=IFCCYLINDRICALSURFACE(#1115,0.0038) ;
#1207=IFCCYLINDRICALSURFACE(#1203,0.0038) ;
#1300=IFCCYLINDRICALSURFACE(#1296,0.0038) ;
#1393=IFCCYLINDRICALSURFACE(#1389,0.0038) ;
#1486=IFCCYLINDRICALSURFACE(#1482,0.0038) ;
#1577=IFCCYLINDRICALSURFACE(#1573,0.005) ;
#1672=IFCCYLINDRICALSURFACE(#1668,0.005) ;
#1765=IFCCYLINDRICALSURFACE(#1761,0.005) ;
#1860=IFCCYLINDRICALSURFACE(#1856,0.005) ;
#1945=IFCCYLINDRICALSURFACE(#1941,0.0038) ;
#2028=IFCCYLINDRICALSURFACE(#2024,0.0038) ;
#2123=IFCCYLINDRICALSURFACE(#2119,0.0038) ;
#2208=IFCCYLINDRICALSURFACE(#2204,0.0038) ;
#2338=IFCCYLINDRICALSURFACE(#2334,0.0038) ;
#2475=IFCCYLINDRICALSURFACE(#2471,0.005) ;
#2516=IFCCYLINDRICALSURFACE(#2512,0.005) ;
#2639=IFCCYLINDRICALSURFACE(#2635,0.002) ;
#2705=IFCCYLINDRICALSURFACE(#2701,0.002) ;
#2991=IFCCYLINDRICALSURFACE(#2987,0.005) ;
#3027=IFCCYLINDRICALSURFACE(#3023,0.005) ;
#3070=IFCCYLINDRICALSURFACE(#3066,0.002) ;
#3121=IFCCYLINDRICALSURFACE(#3117,0.002) ;
#3222=IFCCYLINDRICALSURFACE(#3218,0.005) ;
#3263=IFCCYLINDRICALSURFACE(#3259,0.005) ;
#3306=IFCCYLINDRICALSURFACE(#3302,0.002) ;
#3357=IFCCYLINDRICALSURFACE(#3353,0.002) ;
#3442=IFCCYLINDRICALSURFACE(#3438,0.005) ;
#3483=IFCCYLINDRICALSURFACE(#3479,0.005) ;
#3532=IFCCYLINDRICALSURFACE(#3528,0.002) ;
#3568=IFCCYLINDRICALSURFACE(#3564,0.002) ;
#3599=IFCCYLINDRICALSURFACE(#3595,0.0038) ;
#3664=IFCCYLINDRICALSURFACE(#3660,0.0038) ;
#3794=IFCCYLINDRICALSURFACE(#3790,0.0018) ;
#3860=IFCCYLINDRICALSURFACE(#3856,0.0018) ;
#3926=IFCCYLINDRICALSURFACE(#3922,0.0018) ;
#3992=IFCCYLINDRICALSURFACE(#3988,0.0018) ;
#4049=IFCCYLINDRICALSURFACE(#4045,0.0038) ;
#4122=IFCCYLINDRICALSURFACE(#4118,0.0038) ;
#4176=IFCCYLINDRICALSURFACE(#4172,0.0038) ;
#4214=IFCCYLINDRICALSURFACE(#4210,0.0038) ;
#4315=IFCCYLINDRICALSURFACE(#4311,0.0018) ;
#4366=IFCCYLINDRICALSURFACE(#4362,0.0018) ;
#4417=IFCCYLINDRICALSURFACE(#4413,0.0018) ;
#4468=IFCCYLINDRICALSURFACE(#4464,0.0018) ;
#4551=IFCCYLINDRICALSURFACE(#4547,0.0038) ;
#4607=IFCCYLINDRICALSURFACE(#4603,0.0038) ;
#4661=IFCCYLINDRICALSURFACE(#4657,0.0038) ;
#4674=IFCCYLINDRICALSURFACE(#4670,0.0038) ;
#4775=IFCCYLINDRICALSURFACE(#4771,0.0018) ;
#4826=IFCCYLINDRICALSURFACE(#4822,0.0018) ;
#4877=IFCCYLINDRICALSURFACE(#4873,0.0018) ;
#4928=IFCCYLINDRICALSURFACE(#4924,0.0018) ;
#4993=IFCCYLINDRICALSURFACE(#4989,0.0038) ;
#5043=IFCCYLINDRICALSURFACE(#5039,0.0038) ;
#5082=IFCCYLINDRICALSURFACE(#5078,0.0038) ;
#5124=IFCCYLINDRICALSURFACE(#5120,0.0038) ;
#5137=IFCCYLINDRICALSURFACE(#5133,0.0038) ;
#5173=IFCCYLINDRICALSURFACE(#5169,0.0038) ;
#5186=IFCCYLINDRICALSURFACE(#5182,0.0038) ;
#5222=IFCCYLINDRICALSURFACE(#5218,0.0038) ;
#5258=IFCCYLINDRICALSURFACE(#5254,0.0038) ;
#5276=IFCCYLINDRICALSURFACE(#5272,0.0038) ;
#5289=IFCCYLINDRICALSURFACE(#5285,0.0038) ;
#5302=IFCCYLINDRICALSURFACE(#5298,0.0038) ;
#5315=IFCCYLINDRICALSURFACE(#5311,0.0038) ;
#5333=IFCCYLINDRICALSURFACE(#5329,0.0018) ;
#5369=IFCCYLINDRICALSURFACE(#5365,0.0018) ;
#5405=IFCCYLINDRICALSURFACE(#5401,0.0018) ;
#5441=IFCCYLINDRICALSURFACE(#5437,0.0018) ;
#5600=IFCCYLINDRICALSURFACE(#5596,0.0038) ;
#64=IFCEDGELOOP((#65,#66,#67,#68)) ;
#98=IFCEDGELOOP((#99,#100,#101,#102)) ;
#143=IFCEDGELOOP((#144,#145,#146,#147)) ;
#175=IFCEDGELOOP((#176,#177,#178,#179)) ;
#244=IFCEDGELOOP((#245,#246,#247,#248,#249,#250,#251,#252)) ;
#280=IFCEDGELOOP((#281,#282,#283,#284)) ;
#321=IFCEDGELOOP((#322,#323,#324,#325)) ;
#364=IFCEDGELOOP((#365,#366,#367,#368)) ;
#407=IFCEDGELOOP((#408,#409,#410,#411)) ;
#448=IFCEDGELOOP((#449,#450,#451,#452)) ;
#480=IFCEDGELOOP((#481,#482,#483,#484)) ;
#507=IFCEDGELOOP((#508,#509,#510)) ;
#532=IFCEDGELOOP((#533,#534,#535,#536)) ;
#559=IFCEDGELOOP((#560,#561,#562)) ;
#589=IFCEDGELOOP((#590,#591,#592,#593)) ;
#608=IFCEDGELOOP((#609,#610,#611)) ;
#644=IFCEDGELOOP((#645,#646,#647)) ;
#676=IFCEDGELOOP((#677,#678,#679,#680)) ;
#703=IFCEDGELOOP((#704,#705,#706)) ;
#739=IFCEDGELOOP((#740,#741,#742)) ;
#771=IFCEDGELOOP((#772,#773,#774,#775)) ;
#798=IFCEDGELOOP((#799,#800,#801)) ;
#832=IFCEDGELOOP((#833,#834,#835)) ;
#857=IFCEDGELOOP((#858,#859,#860,#861)) ;
#884=IFCEDGELOOP((#885,#886,#887)) ;
#920=IFCEDGELOOP((#921,#922,#923)) ;
#952=IFCEDGELOOP((#953,#954,#955,#956)) ;
#979=IFCEDGELOOP((#980,#981,#982)) ;
#1015=IFCEDGELOOP((#1016,#1017,#1018)) ;
#1047=IFCEDGELOOP((#1048,#1049,#1050,#1051)) ;
#1074=IFCEDGELOOP((#1075,#1076,#1077)) ;
#1108=IFCEDGELOOP((#1109,#1110,#1111)) ;
#1133=IFCEDGELOOP((#1134,#1135,#1136,#1137)) ;
#1160=IFCEDGELOOP((#1161,#1162,#1163)) ;
#1196=IFCEDGELOOP((#1197,#1198,#1199)) ;
#1228=IFCEDGELOOP((#1229,#1230,#1231,#1232)) ;
#1253=IFCEDGELOOP((#1254,#1255,#1256)) ;
#1289=IFCEDGELOOP((#1290,#1291,#1292)) ;
#1321=IFCEDGELOOP((#1322,#1323,#1324,#1325)) ;
#1346=IFCEDGELOOP((#1347,#1348,#1349)) ;
#1382=IFCEDGELOOP((#1383,#1384,#1385)) ;
#1414=IFCEDGELOOP((#1415,#1416,#1417,#1418)) ;
#1439=IFCEDGELOOP((#1440,#1441,#1442)) ;
#1475=IFCEDGELOOP((#1476,#1477,#1478)) ;
#1507=IFCEDGELOOP((#1508,#1509,#1510,#1511)) ;
#1532=IFCEDGELOOP((#1533,#1534,#1535)) ;
#1566=IFCEDGELOOP((#1567,#1568,#1569)) ;
#1598=IFCEDGELOOP((#1599,#1600,#1601,#1602)) ;
#1625=IFCEDGELOOP((#1626,#1627,#1628)) ;
#1661=IFCEDGELOOP((#1662,#1663,#1664)) ;
#1693=IFCEDGELOOP((#1694,#1695,#1696,#1697)) ;
#1718=IFCEDGELOOP((#1719,#1720,#1721)) ;
#1754=IFCEDGELOOP((#1755,#1756,#1757)) ;
#1786=IFCEDGELOOP((#1787,#1788,#1789,#1790)) ;
#1813=IFCEDGELOOP((#1814,#1815,#1816)) ;
#1849=IFCEDGELOOP((#1850,#1851,#1852)) ;
#1881=IFCEDGELOOP((#1882,#1883,#1884,#1885)) ;
#1908=IFCEDGELOOP((#1909,#1910,#1911)) ;
#1934=IFCEDGELOOP((#1935,#1936,#1937)) ;
#1964=IFCEDGELOOP((#1965,#1966,#1967,#1968)) ;
#1983=IFCEDGELOOP((#1984,#1985,#1986)) ;
#2017=IFCEDGELOOP((#2018,#2019,#2020)) ;
#2049=IFCEDGELOOP((#2050,#2051,#2052,#2053)) ;
#2076=IFCEDGELOOP((#2077,#2078,#2079)) ;
#2112=IFCEDGELOOP((#2113,#2114,#2115)) ;
#2144=IFCEDGELOOP((#2145,#2146,#2147,#2148)) ;
#2171=IFCEDGELOOP((#2172,#2173,#2174)) ;
#2197=IFCEDGELOOP((#2198,#2199,#2200)) ;
#2222=IFCEDGELOOP((#2223,#2224,#2225,#2226)) ;
#2249=IFCEDGELOOP((#2250,#2251,#2252)) ;
#2280=IFCEDGELOOP((#2281,#2282,#2283,#2284)) ;
#2324=IFCEDGELOOP((#2325,#2326,#2327,#2328,#2329,#2330)) ;
#2351=IFCEDGELOOP((#2352,#2353,#2354,#2355)) ;
#2369=IFCEDGELOOP((#2370,#2371,#2372,#2373,#2374,#2375,#2376,#2377)) ;
#2391=IFCEDGELOOP((#2392,#2393,#2394,#2395,#2396,#2397,#2398,#2399)) ;
#2418=IFCEDGELOOP((#2419,#2420,#2421,#2422,#2423,#2424,#2425,#2426)) ;
#2463=IFCEDGELOOP((#2464,#2465,#2466,#2467)) ;
#2486=IFCEDGELOOP((#2487,#2488,#2489,#2490)) ;
#2504=IFCEDGELOOP((#2505,#2506,#2507,#2508)) ;
#2522=IFCEDGELOOP((#2523,#2524,#2525,#2526)) ;
#2563=IFCEDGELOOP((#2564,#2565,#2566,#2567)) ;
#2595=IFCEDGELOOP((#2596,#2597,#2598,#2599)) ;
#2627=IFCEDGELOOP((#2628,#2629,#2630,#2631)) ;
#2661=IFCEDGELOOP((#2662,#2663,#2664,#2665)) ;
#2693=IFCEDGELOOP((#2694,#2695,#2696,#2697)) ;
#2727=IFCEDGELOOP((#2728,#2729,#2730,#2731)) ;
#2759=IFCEDGELOOP((#2760,#2761,#2762,#2763)) ;
#2782=IFCEDGELOOP((#2783,#2784,#2785,#2786)) ;
#2800=IFCEDGELOOP((#2801,#2802,#2803,#2804)) ;
#2818=IFCEDGELOOP((#2819,#2820,#2821,#2822)) ;
#2831=IFCEDGELOOP((#2832,#2833,#2834,#2835)) ;
#2861=IFCEDGELOOP((#2862,#2863,#2864,#2865)) ;
#2879=IFCEDGELOOP((#2880,#2881,#2882,#2883)) ;
#2904=IFCEDGELOOP((#2905,#2906,#2907,#2908)) ;
#2922=IFCEDGELOOP((#2923,#2924,#2925,#2926)) ;
#2954=IFCEDGELOOP((#2955,#2956,#2957,#2958)) ;
#2979=IFCEDGELOOP((#2980,#2981,#2982,#2983)) ;
#2997=IFCEDGELOOP((#2998,#2999,#3000,#3001)) ;
#3015=IFCEDGELOOP((#3016,#3017,#3018,#3019)) ;
#3033=IFCEDGELOOP((#3034,#3035,#3036,#3037)) ;
#3058=IFCEDGELOOP((#3059,#3060,#3061,#3062)) ;
#3084=IFCEDGELOOP((#3085,#3086,#3087,#3088)) ;
#3109=IFCEDGELOOP((#3110,#3111,#3112,#3113)) ;
#3135=IFCEDGELOOP((#3136,#3137,#3138,#3139)) ;
#3153=IFCEDGELOOP((#3154,#3155,#3156,#3157)) ;
#3185=IFCEDGELOOP((#3186,#3187,#3188,#3189)) ;
#3210=IFCEDGELOOP((#3211,#3212,#3213,#3214)) ;
#3233=IFCEDGELOOP((#3234,#3235,#3236,#3237)) ;
#3251=IFCEDGELOOP((#3252,#3253,#3254,#3255)) ;
#3269=IFCEDGELOOP((#3270,#3271,#3272,#3273)) ;
#3294=IFCEDGELOOP((#3295,#3296,#3297,#3298)) ;
#3320=IFCEDGELOOP((#3321,#3322,#3323,#3324)) ;
#3345=IFCEDGELOOP((#3346,#3347,#3348,#3349)) ;
#3371=IFCEDGELOOP((#3372,#3373,#3374,#3375)) ;
#3389=IFCEDGELOOP((#3390,#3391,#3392,#3393)) ;
#3412=IFCEDGELOOP((#3413,#3414,#3415,#3416)) ;
#3430=IFCEDGELOOP((#3431,#3432,#3433,#3434)) ;
#3453=IFCEDGELOOP((#3454,#3455,#3456,#3457)) ;
#3471=IFCEDGELOOP((#3472,#3473,#3474,#3475)) ;
#3489=IFCEDGELOOP((#3490,#3491,#3492,#3493)) ;
#3502=IFCEDGELOOP((#3503,#3504,#3505,#3506)) ;
#3520=IFCEDGELOOP((#3521,#3522,#3523,#3524)) ;
#3538=IFCEDGELOOP((#3539,#3540,#3541,#3542)) ;
#3556=IFCEDGELOOP((#3557,#3558,#3559,#3560)) ;
#3574=IFCEDGELOOP((#3575,#3576,#3577,#3578)) ;
#3587=IFCEDGELOOP((#3588,#3589,#3590,#3591)) ;
#3605=IFCEDGELOOP((#3606,#3607,#3608,#3609)) ;
#3648=IFCEDGELOOP((#3649,#3650,#3651,#3652,#3653,#3654,#3655,#3656)) ;
#3686=IFCEDGELOOP((#3687,#3688,#3689,#3690)) ;
#3718=IFCEDGELOOP((#3719,#3720,#3721,#3722)) ;
#3750=IFCEDGELOOP((#3751,#3752,#3753,#3754)) ;
#3782=IFCEDGELOOP((#3783,#3784,#3785,#3786)) ;
#3816=IFCEDGELOOP((#3817,#3818,#3819,#3820)) ;
#3848=IFCEDGELOOP((#3849,#3850,#3851,#3852)) ;
#3882=IFCEDGELOOP((#3883,#3884,#3885,#3886)) ;
#3914=IFCEDGELOOP((#3915,#3916,#3917,#3918)) ;
#3948=IFCEDGELOOP((#3949,#3950,#3951,#3952)) ;
#3980=IFCEDGELOOP((#3981,#3982,#3983,#3984)) ;
#4012=IFCEDGELOOP((#4013,#4014,#4015,#4016)) ;
#4037=IFCEDGELOOP((#4038,#4039,#4040,#4041)) ;
#4063=IFCEDGELOOP((#4064,#4065,#4066,#4067)) ;
#4106=IFCEDGELOOP((#4107,#4108,#4109,#4110,#4111,#4112,#4113,#4114)) ;
#4123=IFCEDGELOOP((#4124,#4125,#4126,#4127)) ;
#4141=IFCEDGELOOP((#4142,#4143,#4144,#4145)) ;
#4164=IFCEDGELOOP((#4165,#4166,#4167,#4168)) ;
#4182=IFCEDGELOOP((#4183,#4184,#4185,#4186)) ;
#4200=IFCEDGELOOP((#4201,#4202,#4203,#4204,#4205,#4206)) ;
#4228=IFCEDGELOOP((#4229,#4230,#4231,#4232)) ;
#4253=IFCEDGELOOP((#4254,#4255,#4256,#4257)) ;
#4278=IFCEDGELOOP((#4279,#4280,#4281,#4282)) ;
#4303=IFCEDGELOOP((#4304,#4305,#4306,#4307)) ;
#4329=IFCEDGELOOP((#4330,#4331,#4332,#4333)) ;
#4354=IFCEDGELOOP((#4355,#4356,#4357,#4358)) ;
#4380=IFCEDGELOOP((#4381,#4382,#4383,#4384)) ;
#4405=IFCEDGELOOP((#4406,#4407,#4408,#4409)) ;
#4431=IFCEDGELOOP((#4432,#4433,#4434,#4435)) ;
#4456=IFCEDGELOOP((#4457,#4458,#4459,#4460)) ;
#4482=IFCEDGELOOP((#4483,#4484,#4485,#4486)) ;
#4514=IFCEDGELOOP((#4515,#4516,#4517,#4518)) ;
#4539=IFCEDGELOOP((#4540,#4541,#4542,#4543)) ;
#4565=IFCEDGELOOP((#4566,#4567,#4568,#4569)) ;
#4593=IFCEDGELOOP((#4594,#4595,#4596,#4597,#4598,#4599)) ;
#4608=IFCEDGELOOP((#4609,#4610,#4611,#4612)) ;
#4626=IFCEDGELOOP((#4627,#4628,#4629,#4630)) ;
#4649=IFCEDGELOOP((#4650,#4651,#4652,#4653)) ;
#4662=IFCEDGELOOP((#4663,#4664,#4665,#4666)) ;
#4688=IFCEDGELOOP((#4689,#4690,#4691,#4692)) ;
#4713=IFCEDGELOOP((#4714,#4715,#4716,#4717)) ;
#4738=IFCEDGELOOP((#4739,#4740,#4741,#4742)) ;
#4763=IFCEDGELOOP((#4764,#4765,#4766,#4767)) ;
#4789=IFCEDGELOOP((#4790,#4791,#4792,#4793)) ;
#4814=IFCEDGELOOP((#4815,#4816,#4817,#4818)) ;
#4840=IFCEDGELOOP((#4841,#4842,#4843,#4844)) ;
#4865=IFCEDGELOOP((#4866,#4867,#4868,#4869)) ;
#4891=IFCEDGELOOP((#4892,#4893,#4894,#4895)) ;
#4916=IFCEDGELOOP((#4917,#4918,#4919,#4920)) ;
#4940=IFCEDGELOOP((#4941,#4942,#4943,#4944)) ;
#4963=IFCEDGELOOP((#4964,#4965,#4966,#4967)) ;
#4981=IFCEDGELOOP((#4982,#4983,#4984,#4985)) ;
#4999=IFCEDGELOOP((#5000,#5001,#5002,#5003)) ;
#5027=IFCEDGELOOP((#5028,#5029,#5030,#5031,#5032,#5033,#5034,#5035)) ;
#5044=IFCEDGELOOP((#5045,#5046,#5047,#5048)) ;
#5057=IFCEDGELOOP((#5058,#5059,#5060,#5061)) ;
#5070=IFCEDGELOOP((#5071,#5072,#5073,#5074)) ;
#5089=IFCEDGELOOP((#5090,#5091,#5092,#5093)) ;
#5112=IFCEDGELOOP((#5113,#5114,#5115,#5116)) ;
#5125=IFCEDGELOOP((#5126,#5127,#5128,#5129)) ;
#5143=IFCEDGELOOP((#5144,#5145,#5146,#5147)) ;
#5161=IFCEDGELOOP((#5162,#5163,#5164,#5165)) ;
#5174=IFCEDGELOOP((#5175,#5176,#5177,#5178)) ;
#5187=IFCEDGELOOP((#5188,#5189,#5190,#5191)) ;
#5210=IFCEDGELOOP((#5211,#5212,#5213,#5214)) ;
#5223=IFCEDGELOOP((#5224,#5225,#5226,#5227)) ;
#5246=IFCEDGELOOP((#5247,#5248,#5249,#5250)) ;
#5264=IFCEDGELOOP((#5265,#5266,#5267,#5268)) ;
#5277=IFCEDGELOOP((#5278,#5279,#5280,#5281)) ;
#5290=IFCEDGELOOP((#5291,#5292,#5293,#5294)) ;
#5303=IFCEDGELOOP((#5304,#5305,#5306,#5307)) ;
#5321=IFCEDGELOOP((#5322,#5323,#5324,#5325)) ;
#5339=IFCEDGELOOP((#5340,#5341,#5342,#5343)) ;
#5357=IFCEDGELOOP((#5358,#5359,#5360,#5361)) ;
#5375=IFCEDGELOOP((#5376,#5377,#5378,#5379)) ;
#5393=IFCEDGELOOP((#5394,#5395,#5396,#5397)) ;
#5411=IFCEDGELOOP((#5412,#5413,#5414,#5415)) ;
#5429=IFCEDGELOOP((#5430,#5431,#5432,#5433)) ;
#5447=IFCEDGELOOP((#5448,#5449,#5450,#5451)) ;
#5465=IFCEDGELOOP((#5466,#5467,#5468,#5469)) ;
#5483=IFCEDGELOOP((#5484,#5485,#5486,#5487)) ;
#5496=IFCEDGELOOP((#5497,#5498,#5499,#5500)) ;
#5509=IFCEDGELOOP((#5510,#5511,#5512,#5513,#5514,#5515,#5516,#5517)) ;
#5526=IFCEDGELOOP((#5527,#5528,#5529,#5530,#5531,#5532,#5533,#5534)) ;
#5554=IFCEDGELOOP((#5555,#5556,#5557,#5558,#5559,#5560,#5561,#5562)) ;
#5571=IFCEDGELOOP((#5572,#5573,#5574)) ;
#5588=IFCEDGELOOP((#5589,#5590,#5591,#5592)) ;
#5601=IFCEDGELOOP((#5602,#5603,#5604,#5605)) ;
#5614=IFCEDGELOOP((#5615,#5616,#5617,#5618,#5619,#5620)) ;
#65=IFCORIENTEDEDGE(*,*,#44,.F.) ;
#66=IFCORIENTEDEDGE(*,*,#51,.F.) ;
#67=IFCORIENTEDEDGE(*,*,#58,.F.) ;
#68=IFCORIENTEDEDGE(*,*,#63,.F.) ;
#99=IFCORIENTEDEDGE(*,*,#78,.T.) ;
#100=IFCORIENTEDEDGE(*,*,#85,.T.) ;
#101=IFCORIENTEDEDGE(*,*,#92,.T.) ;
#102=IFCORIENTEDEDGE(*,*,#97,.T.) ;
#144=IFCORIENTEDEDGE(*,*,#123,.T.) ;
#145=IFCORIENTEDEDGE(*,*,#130,.F.) ;
#146=IFCORIENTEDEDGE(*,*,#137,.F.) ;
#147=IFCORIENTEDEDGE(*,*,#142,.T.) ;
#176=IFCORIENTEDEDGE(*,*,#137,.T.) ;
#177=IFCORIENTEDEDGE(*,*,#162,.F.) ;
#178=IFCORIENTEDEDGE(*,*,#169,.F.) ;
#179=IFCORIENTEDEDGE(*,*,#174,.T.) ;
#245=IFCORIENTEDEDGE(*,*,#196,.T.) ;
#246=IFCORIENTEDEDGE(*,*,#203,.T.) ;
#247=IFCORIENTEDEDGE(*,*,#210,.T.) ;
#248=IFCORIENTEDEDGE(*,*,#217,.T.) ;
#249=IFCORIENTEDEDGE(*,*,#224,.T.) ;
#250=IFCORIENTEDEDGE(*,*,#231,.T.) ;
#251=IFCORIENTEDEDGE(*,*,#238,.F.) ;
#252=IFCORIENTEDEDGE(*,*,#243,.T.) ;
#281=IFCORIENTEDEDGE(*,*,#130,.T.) ;
#282=IFCORIENTEDEDGE(*,*,#267,.F.) ;
#283=IFCORIENTEDEDGE(*,*,#274,.F.) ;
#284=IFCORIENTEDEDGE(*,*,#279,.T.) ;
#322=IFCORIENTEDEDGE(*,*,#300,.F.) ;
#323=IFCORIENTEDEDGE(*,*,#307,.T.) ;
#324=IFCORIENTEDEDGE(*,*,#315,.F.) ;
#325=IFCORIENTEDEDGE(*,*,#320,.F.) ;
#365=IFCORIENTEDEDGE(*,*,#343,.F.) ;
#366=IFCORIENTEDEDGE(*,*,#350,.T.) ;
#367=IFCORIENTEDEDGE(*,*,#358,.F.) ;
#368=IFCORIENTEDEDGE(*,*,#363,.F.) ;
#408=IFCORIENTEDEDGE(*,*,#386,.F.) ;
#409=IFCORIENTEDEDGE(*,*,#393,.F.) ;
#410=IFCORIENTEDEDGE(*,*,#401,.F.) ;
#411=IFCORIENTEDEDGE(*,*,#406,.T.) ;
#449=IFCORIENTEDEDGE(*,*,#428,.F.) ;
#450=IFCORIENTEDEDGE(*,*,#435,.T.) ;
#451=IFCORIENTEDEDGE(*,*,#442,.F.) ;
#452=IFCORIENTEDEDGE(*,*,#447,.F.) ;
#481=IFCORIENTEDEDGE(*,*,#467,.F.) ;
#482=IFCORIENTEDEDGE(*,*,#406,.F.) ;
#483=IFCORIENTEDEDGE(*,*,#474,.F.) ;
#484=IFCORIENTEDEDGE(*,*,#479,.T.) ;
#508=IFCORIENTEDEDGE(*,*,#500,.T.) ;
#509=IFCORIENTEDEDGE(*,*,#506,.F.) ;
#510=IFCORIENTEDEDGE(*,*,#401,.T.) ;
#533=IFCORIENTEDEDGE(*,*,#525,.F.) ;
#534=IFCORIENTEDEDGE(*,*,#531,.F.) ;
#535=IFCORIENTEDEDGE(*,*,#474,.T.) ;
#536=IFCORIENTEDEDGE(*,*,#506,.T.) ;
#560=IFCORIENTEDEDGE(*,*,#552,.T.) ;
#561=IFCORIENTEDEDGE(*,*,#358,.T.) ;
#562=IFCORIENTEDEDGE(*,*,#558,.T.) ;
#590=IFCORIENTEDEDGE(*,*,#577,.F.) ;
#591=IFCORIENTEDEDGE(*,*,#583,.T.) ;
#592=IFCORIENTEDEDGE(*,*,#588,.T.) ;
#593=IFCORIENTEDEDGE(*,*,#552,.F.) ;
#609=IFCORIENTEDEDGE(*,*,#583,.F.) ;
#610=IFCORIENTEDEDGE(*,*,#607,.T.) ;
#611=IFCORIENTEDEDGE(*,*,#315,.T.) ;
#645=IFCORIENTEDEDGE(*,*,#629,.T.) ;
#646=IFCORIENTEDEDGE(*,*,#637,.T.) ;
#647=IFCORIENTEDEDGE(*,*,#643,.T.) ;
#677=IFCORIENTEDEDGE(*,*,#662,.T.) ;
#678=IFCORIENTEDEDGE(*,*,#670,.T.) ;
#679=IFCORIENTEDEDGE(*,*,#675,.T.) ;
#680=IFCORIENTEDEDGE(*,*,#629,.F.) ;
#704=IFCORIENTEDEDGE(*,*,#670,.F.) ;
#705=IFCORIENTEDEDGE(*,*,#696,.T.) ;
#706=IFCORIENTEDEDGE(*,*,#702,.T.) ;
#740=IFCORIENTEDEDGE(*,*,#724,.T.) ;
#741=IFCORIENTEDEDGE(*,*,#732,.T.) ;
#742=IFCORIENTEDEDGE(*,*,#738,.T.) ;
#772=IFCORIENTEDEDGE(*,*,#757,.T.) ;
#773=IFCORIENTEDEDGE(*,*,#765,.T.) ;
#774=IFCORIENTEDEDGE(*,*,#770,.T.) ;
#775=IFCORIENTEDEDGE(*,*,#724,.F.) ;
#799=IFCORIENTEDEDGE(*,*,#791,.T.) ;
#800=IFCORIENTEDEDGE(*,*,#797,.T.) ;
#801=IFCORIENTEDEDGE(*,*,#765,.F.) ;
#833=IFCORIENTEDEDGE(*,*,#817,.T.) ;
#834=IFCORIENTEDEDGE(*,*,#825,.T.) ;
#835=IFCORIENTEDEDGE(*,*,#831,.T.) ;
#858=IFCORIENTEDEDGE(*,*,#850,.F.) ;
#859=IFCORIENTEDEDGE(*,*,#856,.T.) ;
#860=IFCORIENTEDEDGE(*,*,#428,.T.) ;
#861=IFCORIENTEDEDGE(*,*,#817,.F.) ;
#885=IFCORIENTEDEDGE(*,*,#856,.F.) ;
#886=IFCORIENTEDEDGE(*,*,#877,.T.) ;
#887=IFCORIENTEDEDGE(*,*,#883,.T.) ;
#921=IFCORIENTEDEDGE(*,*,#905,.T.) ;
#922=IFCORIENTEDEDGE(*,*,#913,.T.) ;
#923=IFCORIENTEDEDGE(*,*,#919,.T.) ;
#953=IFCORIENTEDEDGE(*,*,#938,.F.) ;
#954=IFCORIENTEDEDGE(*,*,#905,.F.) ;
#955=IFCORIENTEDEDGE(*,*,#945,.T.) ;
#956=IFCORIENTEDEDGE(*,*,#951,.T.) ;
#980=IFCORIENTEDEDGE(*,*,#972,.T.) ;
#981=IFCORIENTEDEDGE(*,*,#951,.F.) ;
#982=IFCORIENTEDEDGE(*,*,#978,.T.) ;
#1016=IFCORIENTEDEDGE(*,*,#1000,.T.) ;
#1017=IFCORIENTEDEDGE(*,*,#1008,.T.) ;
#1018=IFCORIENTEDEDGE(*,*,#1014,.T.) ;
#1048=IFCORIENTEDEDGE(*,*,#1033,.F.) ;
#1049=IFCORIENTEDEDGE(*,*,#1041,.T.) ;
#1050=IFCORIENTEDEDGE(*,*,#1046,.T.) ;
#1051=IFCORIENTEDEDGE(*,*,#1000,.F.) ;
#1075=IFCORIENTEDEDGE(*,*,#1041,.F.) ;
#1076=IFCORIENTEDEDGE(*,*,#1067,.T.) ;
#1077=IFCORIENTEDEDGE(*,*,#1073,.T.) ;
#1109=IFCORIENTEDEDGE(*,*,#1093,.T.) ;
#1110=IFCORIENTEDEDGE(*,*,#1101,.T.) ;
#1111=IFCORIENTEDEDGE(*,*,#1107,.T.) ;
#1134=IFCORIENTEDEDGE(*,*,#1126,.F.) ;
#1135=IFCORIENTEDEDGE(*,*,#1093,.F.) ;
#1136=IFCORIENTEDEDGE(*,*,#442,.T.) ;
#1137=IFCORIENTEDEDGE(*,*,#1132,.T.) ;
#1161=IFCORIENTEDEDGE(*,*,#1153,.T.) ;
#1162=IFCORIENTEDEDGE(*,*,#1132,.F.) ;
#1163=IFCORIENTEDEDGE(*,*,#1159,.T.) ;
#1197=IFCORIENTEDEDGE(*,*,#1181,.T.) ;
#1198=IFCORIENTEDEDGE(*,*,#1189,.T.) ;
#1199=IFCORIENTEDEDGE(*,*,#1195,.T.) ;
#1229=IFCORIENTEDEDGE(*,*,#1214,.T.) ;
#1230=IFCORIENTEDEDGE(*,*,#1222,.T.) ;
#1231=IFCORIENTEDEDGE(*,*,#1227,.T.) ;
#1232=IFCORIENTEDEDGE(*,*,#1181,.F.) ;
#1254=IFCORIENTEDEDGE(*,*,#1222,.F.) ;
#1255=IFCORIENTEDEDGE(*,*,#1246,.T.) ;
#1256=IFCORIENTEDEDGE(*,*,#1252,.T.) ;
#1290=IFCORIENTEDEDGE(*,*,#1274,.T.) ;
#1291=IFCORIENTEDEDGE(*,*,#1282,.T.) ;
#1292=IFCORIENTEDEDGE(*,*,#1288,.T.) ;
#1322=IFCORIENTEDEDGE(*,*,#1307,.T.) ;
#1323=IFCORIENTEDEDGE(*,*,#1315,.T.) ;
#1324=IFCORIENTEDEDGE(*,*,#1320,.T.) ;
#1325=IFCORIENTEDEDGE(*,*,#1274,.F.) ;
#1347=IFCORIENTEDEDGE(*,*,#1339,.T.) ;
#1348=IFCORIENTEDEDGE(*,*,#1345,.T.) ;
#1349=IFCORIENTEDEDGE(*,*,#1315,.F.) ;
#1383=IFCORIENTEDEDGE(*,*,#1367,.T.) ;
#1384=IFCORIENTEDEDGE(*,*,#1375,.T.) ;
#1385=IFCORIENTEDEDGE(*,*,#1381,.T.) ;
#1415=IFCORIENTEDEDGE(*,*,#1400,.T.) ;
#1416=IFCORIENTEDEDGE(*,*,#1408,.T.) ;
#1417=IFCORIENTEDEDGE(*,*,#1413,.T.) ;
#1418=IFCORIENTEDEDGE(*,*,#1367,.F.) ;
#1440=IFCORIENTEDEDGE(*,*,#1408,.F.) ;
#1441=IFCORIENTEDEDGE(*,*,#1432,.T.) ;
#1442=IFCORIENTEDEDGE(*,*,#1438,.T.) ;
#1476=IFCORIENTEDEDGE(*,*,#1460,.T.) ;
#1477=IFCORIENTEDEDGE(*,*,#1468,.T.) ;
#1478=IFCORIENTEDEDGE(*,*,#1474,.T.) ;
#1508=IFCORIENTEDEDGE(*,*,#1493,.T.) ;
#1509=IFCORIENTEDEDGE(*,*,#1501,.T.) ;
#1510=IFCORIENTEDEDGE(*,*,#1506,.T.) ;
#1511=IFCORIENTEDEDGE(*,*,#1460,.F.) ;
#1533=IFCORIENTEDEDGE(*,*,#1525,.T.) ;
#1534=IFCORIENTEDEDGE(*,*,#1531,.T.) ;
#1535=IFCORIENTEDEDGE(*,*,#1501,.F.) ;
#1567=IFCORIENTEDEDGE(*,*,#1553,.T.) ;
#1568=IFCORIENTEDEDGE(*,*,#1559,.T.) ;
#1569=IFCORIENTEDEDGE(*,*,#1565,.T.) ;
#1599=IFCORIENTEDEDGE(*,*,#1584,.T.) ;
#1600=IFCORIENTEDEDGE(*,*,#1592,.T.) ;
#1601=IFCORIENTEDEDGE(*,*,#1597,.T.) ;
#1602=IFCORIENTEDEDGE(*,*,#1553,.F.) ;
#1626=IFCORIENTEDEDGE(*,*,#1592,.F.) ;
#1627=IFCORIENTEDEDGE(*,*,#1618,.T.) ;
#1628=IFCORIENTEDEDGE(*,*,#1624,.T.) ;
#1662=IFCORIENTEDEDGE(*,*,#1646,.T.) ;
#1663=IFCORIENTEDEDGE(*,*,#1654,.T.) ;
#1664=IFCORIENTEDEDGE(*,*,#1660,.T.) ;
#1694=IFCORIENTEDEDGE(*,*,#1679,.T.) ;
#1695=IFCORIENTEDEDGE(*,*,#1687,.T.) ;
#1696=IFCORIENTEDEDGE(*,*,#1692,.T.) ;
#1697=IFCORIENTEDEDGE(*,*,#1646,.F.) ;
#1719=IFCORIENTEDEDGE(*,*,#1687,.F.) ;
#1720=IFCORIENTEDEDGE(*,*,#1711,.T.) ;
#1721=IFCORIENTEDEDGE(*,*,#1717,.T.) ;
#1755=IFCORIENTEDEDGE(*,*,#1739,.T.) ;
#1756=IFCORIENTEDEDGE(*,*,#1747,.T.) ;
#1757=IFCORIENTEDEDGE(*,*,#1753,.T.) ;
#1787=IFCORIENTEDEDGE(*,*,#1772,.T.) ;
#1788=IFCORIENTEDEDGE(*,*,#1780,.T.) ;
#1789=IFCORIENTEDEDGE(*,*,#1785,.T.) ;
#1790=IFCORIENTEDEDGE(*,*,#1739,.F.) ;
#1814=IFCORIENTEDEDGE(*,*,#1780,.F.) ;
#1815=IFCORIENTEDEDGE(*,*,#1806,.T.) ;
#1816=IFCORIENTEDEDGE(*,*,#1812,.T.) ;
#1850=IFCORIENTEDEDGE(*,*,#1834,.T.) ;
#1851=IFCORIENTEDEDGE(*,*,#1842,.T.) ;
#1852=IFCORIENTEDEDGE(*,*,#1848,.T.) ;
#1882=IFCORIENTEDEDGE(*,*,#1867,.T.) ;
#1883=IFCORIENTEDEDGE(*,*,#1875,.T.) ;
#1884=IFCORIENTEDEDGE(*,*,#1880,.T.) ;
#1885=IFCORIENTEDEDGE(*,*,#1834,.F.) ;
#1909=IFCORIENTEDEDGE(*,*,#1875,.F.) ;
#1910=IFCORIENTEDEDGE(*,*,#1901,.T.) ;
#1911=IFCORIENTEDEDGE(*,*,#1907,.T.) ;
#1935=IFCORIENTEDEDGE(*,*,#1927,.T.) ;
#1936=IFCORIENTEDEDGE(*,*,#300,.T.) ;
#1937=IFCORIENTEDEDGE(*,*,#1933,.T.) ;
#1965=IFCORIENTEDEDGE(*,*,#1952,.T.) ;
#1966=IFCORIENTEDEDGE(*,*,#1958,.T.) ;
#1967=IFCORIENTEDEDGE(*,*,#1963,.T.) ;
#1968=IFCORIENTEDEDGE(*,*,#1927,.F.) ;
#1984=IFCORIENTEDEDGE(*,*,#1982,.T.) ;
#1985=IFCORIENTEDEDGE(*,*,#343,.T.) ;
#1986=IFCORIENTEDEDGE(*,*,#1958,.F.) ;
#2018=IFCORIENTEDEDGE(*,*,#2004,.T.) ;
#2019=IFCORIENTEDEDGE(*,*,#2010,.T.) ;
#2020=IFCORIENTEDEDGE(*,*,#2016,.T.) ;
#2050=IFCORIENTEDEDGE(*,*,#2035,.T.) ;
#2051=IFCORIENTEDEDGE(*,*,#2043,.T.) ;
#2052=IFCORIENTEDEDGE(*,*,#2048,.T.) ;
#2053=IFCORIENTEDEDGE(*,*,#2004,.F.) ;
#2077=IFCORIENTEDEDGE(*,*,#2069,.T.) ;
#2078=IFCORIENTEDEDGE(*,*,#2075,.T.) ;
#2079=IFCORIENTEDEDGE(*,*,#2043,.F.) ;
#2113=IFCORIENTEDEDGE(*,*,#2097,.T.) ;
#2114=IFCORIENTEDEDGE(*,*,#2105,.T.) ;
#2115=IFCORIENTEDEDGE(*,*,#2111,.T.) ;
#2145=IFCORIENTEDEDGE(*,*,#2130,.T.) ;
#2146=IFCORIENTEDEDGE(*,*,#2138,.T.) ;
#2147=IFCORIENTEDEDGE(*,*,#2143,.T.) ;
#2148=IFCORIENTEDEDGE(*,*,#2097,.F.) ;
#2172=IFCORIENTEDEDGE(*,*,#2164,.T.) ;
#2173=IFCORIENTEDEDGE(*,*,#2170,.T.) ;
#2174=IFCORIENTEDEDGE(*,*,#2138,.F.) ;
#2198=IFCORIENTEDEDGE(*,*,#2190,.T.) ;
#2199=IFCORIENTEDEDGE(*,*,#2196,.T.) ;
#2200=IFCORIENTEDEDGE(*,*,#386,.T.) ;
#2223=IFCORIENTEDEDGE(*,*,#467,.T.) ;
#2224=IFCORIENTEDEDGE(*,*,#2216,.T.) ;
#2225=IFCORIENTEDEDGE(*,*,#2221,.T.) ;
#2226=IFCORIENTEDEDGE(*,*,#2190,.F.) ;
#2250=IFCORIENTEDEDGE(*,*,#2242,.T.) ;
#2251=IFCORIENTEDEDGE(*,*,#2248,.T.) ;
#2252=IFCORIENTEDEDGE(*,*,#2216,.F.) ;
#2281=IFCORIENTEDEDGE(*,*,#2269,.T.) ;
#2282=IFCORIENTEDEDGE(*,*,#2274,.F.) ;
#2283=IFCORIENTEDEDGE(*,*,#123,.F.) ;
#2284=IFCORIENTEDEDGE(*,*,#2279,.T.) ;
#2325=IFCORIENTEDEDGE(*,*,#2301,.T.) ;
#2326=IFCORIENTEDEDGE(*,*,#2306,.F.) ;
#2327=IFCORIENTEDEDGE(*,*,#2313,.F.) ;
#2328=IFCORIENTEDEDGE(*,*,#2318,.F.) ;
#2329=IFCORIENTEDEDGE(*,*,#350,.F.) ;
#2330=IFCORIENTEDEDGE(*,*,#2323,.T.) ;
#2352=IFCORIENTEDEDGE(*,*,#169,.T.) ;
#2353=IFCORIENTEDEDGE(*,*,#2344,.F.) ;
#2354=IFCORIENTEDEDGE(*,*,#2301,.F.) ;
#2355=IFCORIENTEDEDGE(*,*,#2350,.T.) ;
#2370=IFCORIENTEDEDGE(*,*,#1375,.F.) ;
#2371=IFCORIENTEDEDGE(*,*,#1413,.F.) ;
#2372=IFCORIENTEDEDGE(*,*,#1438,.F.) ;
#2373=IFCORIENTEDEDGE(*,*,#224,.F.) ;
#2374=IFCORIENTEDEDGE(*,*,#1525,.F.) ;
#2375=IFCORIENTEDEDGE(*,*,#1493,.F.) ;
#2376=IFCORIENTEDEDGE(*,*,#1474,.F.) ;
#2377=IFCORIENTEDEDGE(*,*,#2368,.T.) ;
#2392=IFCORIENTEDEDGE(*,*,#1189,.F.) ;
#2393=IFCORIENTEDEDGE(*,*,#1227,.F.) ;
#2394=IFCORIENTEDEDGE(*,*,#1252,.F.) ;
#2395=IFCORIENTEDEDGE(*,*,#210,.F.) ;
#2396=IFCORIENTEDEDGE(*,*,#1339,.F.) ;
#2397=IFCORIENTEDEDGE(*,*,#1307,.F.) ;
#2398=IFCORIENTEDEDGE(*,*,#1288,.F.) ;
#2399=IFCORIENTEDEDGE(*,*,#2390,.T.) ;
#2419=IFCORIENTEDEDGE(*,*,#637,.F.) ;
#2420=IFCORIENTEDEDGE(*,*,#675,.F.) ;
#2421=IFCORIENTEDEDGE(*,*,#702,.F.) ;
#2422=IFCORIENTEDEDGE(*,*,#2412,.F.) ;
#2423=IFCORIENTEDEDGE(*,*,#791,.F.) ;
#2424=IFCORIENTEDEDGE(*,*,#757,.F.) ;
#2425=IFCORIENTEDEDGE(*,*,#738,.F.) ;
#2426=IFCORIENTEDEDGE(*,*,#2417,.T.) ;
#2464=IFCORIENTEDEDGE(*,*,#2443,.T.) ;
#2465=IFCORIENTEDEDGE(*,*,#2450,.T.) ;
#2466=IFCORIENTEDEDGE(*,*,#2457,.T.) ;
#2467=IFCORIENTEDEDGE(*,*,#2462,.T.) ;
#2487=IFCORIENTEDEDGE(*,*,#1654,.F.) ;
#2488=IFCORIENTEDEDGE(*,*,#2480,.T.) ;
#2489=IFCORIENTEDEDGE(*,*,#1848,.F.) ;
#2490=IFCORIENTEDEDGE(*,*,#2485,.F.) ;
#2505=IFCORIENTEDEDGE(*,*,#1692,.F.) ;
#2506=IFCORIENTEDEDGE(*,*,#2503,.T.) ;
#2507=IFCORIENTEDEDGE(*,*,#1867,.F.) ;
#2508=IFCORIENTEDEDGE(*,*,#2480,.F.) ;
#2523=IFCORIENTEDEDGE(*,*,#1717,.F.) ;
#2524=IFCORIENTEDEDGE(*,*,#2521,.T.) ;
#2525=IFCORIENTEDEDGE(*,*,#1901,.F.) ;
#2526=IFCORIENTEDEDGE(*,*,#2503,.F.) ;
#2564=IFCORIENTEDEDGE(*,*,#2543,.T.) ;
#2565=IFCORIENTEDEDGE(*,*,#2550,.T.) ;
#2566=IFCORIENTEDEDGE(*,*,#2557,.F.) ;
#2567=IFCORIENTEDEDGE(*,*,#2562,.F.) ;
#2596=IFCORIENTEDEDGE(*,*,#2582,.T.) ;
#2597=IFCORIENTEDEDGE(*,*,#2543,.F.) ;
#2598=IFCORIENTEDEDGE(*,*,#2589,.F.) ;
#2599=IFCORIENTEDEDGE(*,*,#2594,.T.) ;
#2628=IFCORIENTEDEDGE(*,*,#2614,.T.) ;
#2629=IFCORIENTEDEDGE(*,*,#2594,.F.) ;
#2630=IFCORIENTEDEDGE(*,*,#2621,.F.) ;
#2631=IFCORIENTEDEDGE(*,*,#2626,.T.) ;
#2662=IFCORIENTEDEDGE(*,*,#2647,.T.) ;
#2663=IFCORIENTEDEDGE(*,*,#2626,.F.) ;
#2664=IFCORIENTEDEDGE(*,*,#2655,.F.) ;
#2665=IFCORIENTEDEDGE(*,*,#2660,.T.) ;
#2694=IFCORIENTEDEDGE(*,*,#2680,.T.) ;
#2695=IFCORIENTEDEDGE(*,*,#2660,.F.) ;
#2696=IFCORIENTEDEDGE(*,*,#2687,.F.) ;
#2697=IFCORIENTEDEDGE(*,*,#2692,.T.) ;
#2728=IFCORIENTEDEDGE(*,*,#2713,.T.) ;
#2729=IFCORIENTEDEDGE(*,*,#2692,.F.) ;
#2730=IFCORIENTEDEDGE(*,*,#2721,.F.) ;
#2731=IFCORIENTEDEDGE(*,*,#2726,.T.) ;
#2760=IFCORIENTEDEDGE(*,*,#2746,.T.) ;
#2761=IFCORIENTEDEDGE(*,*,#2726,.F.) ;
#2762=IFCORIENTEDEDGE(*,*,#2753,.F.) ;
#2763=IFCORIENTEDEDGE(*,*,#2758,.T.) ;
#2783=IFCORIENTEDEDGE(*,*,#2776,.T.) ;
#2784=IFCORIENTEDEDGE(*,*,#85,.F.) ;
#2785=IFCORIENTEDEDGE(*,*,#2781,.F.) ;
#2786=IFCORIENTEDEDGE(*,*,#2462,.F.) ;
#2801=IFCORIENTEDEDGE(*,*,#2781,.T.) ;
#2802=IFCORIENTEDEDGE(*,*,#78,.F.) ;
#2803=IFCORIENTEDEDGE(*,*,#2799,.F.) ;
#2804=IFCORIENTEDEDGE(*,*,#2443,.F.) ;
#2819=IFCORIENTEDEDGE(*,*,#2799,.T.) ;
#2820=IFCORIENTEDEDGE(*,*,#97,.F.) ;
#2821=IFCORIENTEDEDGE(*,*,#2817,.F.) ;
#2822=IFCORIENTEDEDGE(*,*,#2450,.F.) ;
#2832=IFCORIENTEDEDGE(*,*,#2817,.T.) ;
#2833=IFCORIENTEDEDGE(*,*,#92,.F.) ;
#2834=IFCORIENTEDEDGE(*,*,#2776,.F.) ;
#2835=IFCORIENTEDEDGE(*,*,#2457,.F.) ;
#2862=IFCORIENTEDEDGE(*,*,#44,.T.) ;
#2863=IFCORIENTEDEDGE(*,*,#2850,.F.) ;
#2864=IFCORIENTEDEDGE(*,*,#2855,.T.) ;
#2865=IFCORIENTEDEDGE(*,*,#2860,.T.) ;
#2880=IFCORIENTEDEDGE(*,*,#51,.T.) ;
#2881=IFCORIENTEDEDGE(*,*,#2860,.F.) ;
#2882=IFCORIENTEDEDGE(*,*,#2758,.F.) ;
#2883=IFCORIENTEDEDGE(*,*,#2878,.T.) ;
#2905=IFCORIENTEDEDGE(*,*,#2898,.T.) ;
#2906=IFCORIENTEDEDGE(*,*,#58,.T.) ;
#2907=IFCORIENTEDEDGE(*,*,#2878,.F.) ;
#2908=IFCORIENTEDEDGE(*,*,#2903,.T.) ;
#2923=IFCORIENTEDEDGE(*,*,#2850,.T.) ;
#2924=IFCORIENTEDEDGE(*,*,#63,.T.) ;
#2925=IFCORIENTEDEDGE(*,*,#2898,.F.) ;
#2926=IFCORIENTEDEDGE(*,*,#2921,.T.) ;
#2955=IFCORIENTEDEDGE(*,*,#2943,.T.) ;
#2956=IFCORIENTEDEDGE(*,*,#2948,.F.) ;
#2957=IFCORIENTEDEDGE(*,*,#2589,.T.) ;
#2958=IFCORIENTEDEDGE(*,*,#2953,.T.) ;
#2980=IFCORIENTEDEDGE(*,*,#2953,.F.) ;
#2981=IFCORIENTEDEDGE(*,*,#2562,.T.) ;
#2982=IFCORIENTEDEDGE(*,*,#2973,.F.) ;
#2983=IFCORIENTEDEDGE(*,*,#2978,.T.) ;
#2998=IFCORIENTEDEDGE(*,*,#1565,.F.) ;
#2999=IFCORIENTEDEDGE(*,*,#243,.F.) ;
#3000=IFCORIENTEDEDGE(*,*,#1711,.F.) ;
#3001=IFCORIENTEDEDGE(*,*,#2996,.T.) ;
#3016=IFCORIENTEDEDGE(*,*,#1584,.F.) ;
#3017=IFCORIENTEDEDGE(*,*,#2996,.F.) ;
#3018=IFCORIENTEDEDGE(*,*,#1679,.F.) ;
#3019=IFCORIENTEDEDGE(*,*,#3014,.T.) ;
#3034=IFCORIENTEDEDGE(*,*,#1618,.F.) ;
#3035=IFCORIENTEDEDGE(*,*,#3014,.F.) ;
#3036=IFCORIENTEDEDGE(*,*,#1660,.F.) ;
#3037=IFCORIENTEDEDGE(*,*,#3032,.T.) ;
#3059=IFCORIENTEDEDGE(*,*,#3052,.T.) ;
#3060=IFCORIENTEDEDGE(*,*,#2903,.F.) ;
#3061=IFCORIENTEDEDGE(*,*,#2753,.T.) ;
#3062=IFCORIENTEDEDGE(*,*,#3057,.T.) ;
#3085=IFCORIENTEDEDGE(*,*,#3078,.T.) ;
#3086=IFCORIENTEDEDGE(*,*,#3057,.F.) ;
#3087=IFCORIENTEDEDGE(*,*,#2721,.T.) ;
#3088=IFCORIENTEDEDGE(*,*,#3083,.T.) ;
#3110=IFCORIENTEDEDGE(*,*,#3103,.T.) ;
#3111=IFCORIENTEDEDGE(*,*,#3083,.F.) ;
#3112=IFCORIENTEDEDGE(*,*,#2687,.T.) ;
#3113=IFCORIENTEDEDGE(*,*,#3108,.T.) ;
#3136=IFCORIENTEDEDGE(*,*,#3129,.T.) ;
#3137=IFCORIENTEDEDGE(*,*,#3108,.F.) ;
#3138=IFCORIENTEDEDGE(*,*,#2655,.T.) ;
#3139=IFCORIENTEDEDGE(*,*,#3134,.T.) ;
#3154=IFCORIENTEDEDGE(*,*,#3152,.T.) ;
#3155=IFCORIENTEDEDGE(*,*,#3134,.F.) ;
#3156=IFCORIENTEDEDGE(*,*,#2621,.T.) ;
#3157=IFCORIENTEDEDGE(*,*,#2948,.T.) ;
#3186=IFCORIENTEDEDGE(*,*,#3174,.T.) ;
#3187=IFCORIENTEDEDGE(*,*,#3179,.F.) ;
#3188=IFCORIENTEDEDGE(*,*,#2943,.F.) ;
#3189=IFCORIENTEDEDGE(*,*,#3184,.T.) ;
#3211=IFCORIENTEDEDGE(*,*,#3184,.F.) ;
#3212=IFCORIENTEDEDGE(*,*,#2978,.F.) ;
#3213=IFCORIENTEDEDGE(*,*,#3204,.F.) ;
#3214=IFCORIENTEDEDGE(*,*,#3209,.T.) ;
#3234=IFCORIENTEDEDGE(*,*,#1559,.F.) ;
#3235=IFCORIENTEDEDGE(*,*,#3227,.T.) ;
#3236=IFCORIENTEDEDGE(*,*,#1753,.F.) ;
#3237=IFCORIENTEDEDGE(*,*,#3232,.F.) ;
#3252=IFCORIENTEDEDGE(*,*,#1597,.F.) ;
#3253=IFCORIENTEDEDGE(*,*,#3250,.T.) ;
#3254=IFCORIENTEDEDGE(*,*,#1772,.F.) ;
#3255=IFCORIENTEDEDGE(*,*,#3227,.F.) ;
#3270=IFCORIENTEDEDGE(*,*,#1624,.F.) ;
#3271=IFCORIENTEDEDGE(*,*,#3268,.T.) ;
#3272=IFCORIENTEDEDGE(*,*,#1806,.F.) ;
#3273=IFCORIENTEDEDGE(*,*,#3250,.F.) ;
#3295=IFCORIENTEDEDGE(*,*,#3288,.T.) ;
#3296=IFCORIENTEDEDGE(*,*,#2921,.F.) ;
#3297=IFCORIENTEDEDGE(*,*,#3052,.F.) ;
#3298=IFCORIENTEDEDGE(*,*,#3293,.T.) ;
#3321=IFCORIENTEDEDGE(*,*,#3314,.T.) ;
#3322=IFCORIENTEDEDGE(*,*,#3293,.F.) ;
#3323=IFCORIENTEDEDGE(*,*,#3078,.F.) ;
#3324=IFCORIENTEDEDGE(*,*,#3319,.T.) ;
#3346=IFCORIENTEDEDGE(*,*,#3339,.T.) ;
#3347=IFCORIENTEDEDGE(*,*,#3319,.F.) ;
#3348=IFCORIENTEDEDGE(*,*,#3103,.F.) ;
#3349=IFCORIENTEDEDGE(*,*,#3344,.T.) ;
#3372=IFCORIENTEDEDGE(*,*,#3365,.T.) ;
#3373=IFCORIENTEDEDGE(*,*,#3344,.F.) ;
#3374=IFCORIENTEDEDGE(*,*,#3129,.F.) ;
#3375=IFCORIENTEDEDGE(*,*,#3370,.T.) ;
#3390=IFCORIENTEDEDGE(*,*,#3388,.T.) ;
#3391=IFCORIENTEDEDGE(*,*,#3370,.F.) ;
#3392=IFCORIENTEDEDGE(*,*,#3152,.F.) ;
#3393=IFCORIENTEDEDGE(*,*,#3179,.T.) ;
#3413=IFCORIENTEDEDGE(*,*,#3406,.T.) ;
#3414=IFCORIENTEDEDGE(*,*,#2582,.F.) ;
#3415=IFCORIENTEDEDGE(*,*,#3411,.F.) ;
#3416=IFCORIENTEDEDGE(*,*,#3174,.F.) ;
#3431=IFCORIENTEDEDGE(*,*,#2550,.F.) ;
#3432=IFCORIENTEDEDGE(*,*,#3406,.F.) ;
#3433=IFCORIENTEDEDGE(*,*,#3209,.F.) ;
#3434=IFCORIENTEDEDGE(*,*,#3429,.T.) ;
#3454=IFCORIENTEDEDGE(*,*,#1747,.F.) ;
#3455=IFCORIENTEDEDGE(*,*,#3447,.T.) ;
#3456=IFCORIENTEDEDGE(*,*,#1907,.F.) ;
#3457=IFCORIENTEDEDGE(*,*,#3452,.F.) ;
#3472=IFCORIENTEDEDGE(*,*,#1785,.F.) ;
#3473=IFCORIENTEDEDGE(*,*,#3470,.T.) ;
#3474=IFCORIENTEDEDGE(*,*,#1880,.F.) ;
#3475=IFCORIENTEDEDGE(*,*,#3447,.F.) ;
#3490=IFCORIENTEDEDGE(*,*,#1812,.F.) ;
#3491=IFCORIENTEDEDGE(*,*,#3488,.T.) ;
#3492=IFCORIENTEDEDGE(*,*,#1842,.F.) ;
#3493=IFCORIENTEDEDGE(*,*,#3470,.F.) ;
#3503=IFCORIENTEDEDGE(*,*,#3268,.F.) ;
#3504=IFCORIENTEDEDGE(*,*,#3032,.F.) ;
#3505=IFCORIENTEDEDGE(*,*,#2485,.T.) ;
#3506=IFCORIENTEDEDGE(*,*,#3488,.F.) ;
#3521=IFCORIENTEDEDGE(*,*,#3519,.T.) ;
#3522=IFCORIENTEDEDGE(*,*,#2746,.F.) ;
#3523=IFCORIENTEDEDGE(*,*,#2855,.F.) ;
#3524=IFCORIENTEDEDGE(*,*,#3288,.F.) ;
#3539=IFCORIENTEDEDGE(*,*,#3537,.T.) ;
#3540=IFCORIENTEDEDGE(*,*,#2713,.F.) ;
#3541=IFCORIENTEDEDGE(*,*,#3519,.F.) ;
#3542=IFCORIENTEDEDGE(*,*,#3314,.F.) ;
#3557=IFCORIENTEDEDGE(*,*,#3555,.T.) ;
#3558=IFCORIENTEDEDGE(*,*,#2680,.F.) ;
#3559=IFCORIENTEDEDGE(*,*,#3537,.F.) ;
#3560=IFCORIENTEDEDGE(*,*,#3339,.F.) ;
#3575=IFCORIENTEDEDGE(*,*,#3573,.T.) ;
#3576=IFCORIENTEDEDGE(*,*,#2647,.F.) ;
#3577=IFCORIENTEDEDGE(*,*,#3555,.F.) ;
#3578=IFCORIENTEDEDGE(*,*,#3365,.F.) ;
#3588=IFCORIENTEDEDGE(*,*,#3411,.T.) ;
#3589=IFCORIENTEDEDGE(*,*,#2614,.F.) ;
#3590=IFCORIENTEDEDGE(*,*,#3573,.F.) ;
#3591=IFCORIENTEDEDGE(*,*,#3388,.F.) ;
#3606=IFCORIENTEDEDGE(*,*,#883,.F.) ;
#3607=IFCORIENTEDEDGE(*,*,#3604,.T.) ;
#3608=IFCORIENTEDEDGE(*,*,#1159,.F.) ;
#3609=IFCORIENTEDEDGE(*,*,#435,.F.) ;
#3649=IFCORIENTEDEDGE(*,*,#3622,.F.) ;
#3650=IFCORIENTEDEDGE(*,*,#3627,.F.) ;
#3651=IFCORIENTEDEDGE(*,*,#3604,.F.) ;
#3652=IFCORIENTEDEDGE(*,*,#3632,.F.) ;
#3653=IFCORIENTEDEDGE(*,*,#3637,.F.) ;
#3654=IFCORIENTEDEDGE(*,*,#3642,.F.) ;
#3655=IFCORIENTEDEDGE(*,*,#3452,.T.) ;
#3656=IFCORIENTEDEDGE(*,*,#3647,.T.) ;
#3687=IFCORIENTEDEDGE(*,*,#3672,.T.) ;
#3688=IFCORIENTEDEDGE(*,*,#3429,.F.) ;
#3689=IFCORIENTEDEDGE(*,*,#3680,.F.) ;
#3690=IFCORIENTEDEDGE(*,*,#3685,.T.) ;
#3719=IFCORIENTEDEDGE(*,*,#3705,.T.) ;
#3720=IFCORIENTEDEDGE(*,*,#3685,.F.) ;
#3721=IFCORIENTEDEDGE(*,*,#3712,.F.) ;
#3722=IFCORIENTEDEDGE(*,*,#3717,.T.) ;
#3751=IFCORIENTEDEDGE(*,*,#3737,.T.) ;
#3752=IFCORIENTEDEDGE(*,*,#3717,.F.) ;
#3753=IFCORIENTEDEDGE(*,*,#3744,.F.) ;
#3754=IFCORIENTEDEDGE(*,*,#3749,.T.) ;
#3783=IFCORIENTEDEDGE(*,*,#3769,.T.) ;
#3784=IFCORIENTEDEDGE(*,*,#3749,.F.) ;
#3785=IFCORIENTEDEDGE(*,*,#3776,.F.) ;
#3786=IFCORIENTEDEDGE(*,*,#3781,.T.) ;
#3817=IFCORIENTEDEDGE(*,*,#3802,.T.) ;
#3818=IFCORIENTEDEDGE(*,*,#3781,.F.) ;
#3819=IFCORIENTEDEDGE(*,*,#3810,.F.) ;
#3820=IFCORIENTEDEDGE(*,*,#3815,.T.) ;
#3849=IFCORIENTEDEDGE(*,*,#3835,.T.) ;
#3850=IFCORIENTEDEDGE(*,*,#3815,.F.) ;
#3851=IFCORIENTEDEDGE(*,*,#3842,.F.) ;
#3852=IFCORIENTEDEDGE(*,*,#3847,.T.) ;
#3883=IFCORIENTEDEDGE(*,*,#3868,.T.) ;
#3884=IFCORIENTEDEDGE(*,*,#3847,.F.) ;
#3885=IFCORIENTEDEDGE(*,*,#3876,.F.) ;
#3886=IFCORIENTEDEDGE(*,*,#3881,.T.) ;
#3915=IFCORIENTEDEDGE(*,*,#3901,.T.) ;
#3916=IFCORIENTEDEDGE(*,*,#3881,.F.) ;
#3917=IFCORIENTEDEDGE(*,*,#3908,.F.) ;
#3918=IFCORIENTEDEDGE(*,*,#3913,.T.) ;
#3949=IFCORIENTEDEDGE(*,*,#3934,.T.) ;
#3950=IFCORIENTEDEDGE(*,*,#3913,.F.) ;
#3951=IFCORIENTEDEDGE(*,*,#3942,.F.) ;
#3952=IFCORIENTEDEDGE(*,*,#3947,.T.) ;
#3981=IFCORIENTEDEDGE(*,*,#3967,.T.) ;
#3982=IFCORIENTEDEDGE(*,*,#3947,.F.) ;
#3983=IFCORIENTEDEDGE(*,*,#3974,.F.) ;
#3984=IFCORIENTEDEDGE(*,*,#3979,.T.) ;
#4013=IFCORIENTEDEDGE(*,*,#3998,.T.) ;
#4014=IFCORIENTEDEDGE(*,*,#3979,.F.) ;
#4015=IFCORIENTEDEDGE(*,*,#4006,.F.) ;
#4016=IFCORIENTEDEDGE(*,*,#4011,.T.) ;
#4038=IFCORIENTEDEDGE(*,*,#162,.T.) ;
#4039=IFCORIENTEDEDGE(*,*,#279,.F.) ;
#4040=IFCORIENTEDEDGE(*,*,#4031,.F.) ;
#4041=IFCORIENTEDEDGE(*,*,#4036,.T.) ;
#4064=IFCORIENTEDEDGE(*,*,#2344,.T.) ;
#4065=IFCORIENTEDEDGE(*,*,#4036,.F.) ;
#4066=IFCORIENTEDEDGE(*,*,#4057,.F.) ;
#4067=IFCORIENTEDEDGE(*,*,#4062,.T.) ;
#4107=IFCORIENTEDEDGE(*,*,#4080,.T.) ;
#4108=IFCORIENTEDEDGE(*,*,#4085,.T.) ;
#4109=IFCORIENTEDEDGE(*,*,#4090,.T.) ;
#4110=IFCORIENTEDEDGE(*,*,#4095,.T.) ;
#4111=IFCORIENTEDEDGE(*,*,#2306,.T.) ;
#4112=IFCORIENTEDEDGE(*,*,#4062,.F.) ;
#4113=IFCORIENTEDEDGE(*,*,#4100,.F.) ;
#4114=IFCORIENTEDEDGE(*,*,#4105,.T.) ;
#4124=IFCORIENTEDEDGE(*,*,#825,.F.) ;
#4125=IFCORIENTEDEDGE(*,*,#447,.T.) ;
#4126=IFCORIENTEDEDGE(*,*,#1107,.F.) ;
#4127=IFCORIENTEDEDGE(*,*,#4085,.F.) ;
#4142=IFCORIENTEDEDGE(*,*,#2274,.T.) ;
#4143=IFCORIENTEDEDGE(*,*,#4011,.F.) ;
#4144=IFCORIENTEDEDGE(*,*,#4140,.F.) ;
#4145=IFCORIENTEDEDGE(*,*,#267,.T.) ;
#4165=IFCORIENTEDEDGE(*,*,#2143,.F.) ;
#4166=IFCORIENTEDEDGE(*,*,#4158,.T.) ;
#4167=IFCORIENTEDEDGE(*,*,#770,.F.) ;
#4168=IFCORIENTEDEDGE(*,*,#4163,.F.) ;
#4183=IFCORIENTEDEDGE(*,*,#2105,.F.) ;
#4184=IFCORIENTEDEDGE(*,*,#4163,.T.) ;
#4185=IFCORIENTEDEDGE(*,*,#797,.F.) ;
#4186=IFCORIENTEDEDGE(*,*,#4181,.F.) ;
#4201=IFCORIENTEDEDGE(*,*,#3642,.T.) ;
#4202=IFCORIENTEDEDGE(*,*,#4181,.T.) ;
#4203=IFCORIENTEDEDGE(*,*,#2412,.T.) ;
#4204=IFCORIENTEDEDGE(*,*,#4199,.T.) ;
#4205=IFCORIENTEDEDGE(*,*,#196,.F.) ;
#4206=IFCORIENTEDEDGE(*,*,#3232,.T.) ;
#4229=IFCORIENTEDEDGE(*,*,#3680,.T.) ;
#4230=IFCORIENTEDEDGE(*,*,#3204,.T.) ;
#4231=IFCORIENTEDEDGE(*,*,#4222,.F.) ;
#4232=IFCORIENTEDEDGE(*,*,#4227,.F.) ;
#4254=IFCORIENTEDEDGE(*,*,#3712,.T.) ;
#4255=IFCORIENTEDEDGE(*,*,#4227,.T.) ;
#4256=IFCORIENTEDEDGE(*,*,#4247,.F.) ;
#4257=IFCORIENTEDEDGE(*,*,#4252,.F.) ;
#4279=IFCORIENTEDEDGE(*,*,#3744,.T.) ;
#4280=IFCORIENTEDEDGE(*,*,#4252,.T.) ;
#4281=IFCORIENTEDEDGE(*,*,#4272,.F.) ;
#4282=IFCORIENTEDEDGE(*,*,#4277,.F.) ;
#4304=IFCORIENTEDEDGE(*,*,#3776,.T.) ;
#4305=IFCORIENTEDEDGE(*,*,#4277,.T.) ;
#4306=IFCORIENTEDEDGE(*,*,#4297,.F.) ;
#4307=IFCORIENTEDEDGE(*,*,#4302,.F.) ;
#4330=IFCORIENTEDEDGE(*,*,#3810,.T.) ;
#4331=IFCORIENTEDEDGE(*,*,#4302,.T.) ;
#4332=IFCORIENTEDEDGE(*,*,#4323,.F.) ;
#4333=IFCORIENTEDEDGE(*,*,#4328,.F.) ;
#4355=IFCORIENTEDEDGE(*,*,#3842,.T.) ;
#4356=IFCORIENTEDEDGE(*,*,#4328,.T.) ;
#4357=IFCORIENTEDEDGE(*,*,#4348,.F.) ;
#4358=IFCORIENTEDEDGE(*,*,#4353,.F.) ;
#4381=IFCORIENTEDEDGE(*,*,#3876,.T.) ;
#4382=IFCORIENTEDEDGE(*,*,#4353,.T.) ;
#4383=IFCORIENTEDEDGE(*,*,#4374,.F.) ;
#4384=IFCORIENTEDEDGE(*,*,#4379,.F.) ;
#4406=IFCORIENTEDEDGE(*,*,#3908,.T.) ;
#4407=IFCORIENTEDEDGE(*,*,#4379,.T.) ;
#4408=IFCORIENTEDEDGE(*,*,#4399,.F.) ;
#4409=IFCORIENTEDEDGE(*,*,#4404,.F.) ;
#4432=IFCORIENTEDEDGE(*,*,#3942,.T.) ;
#4433=IFCORIENTEDEDGE(*,*,#4404,.T.) ;
#4434=IFCORIENTEDEDGE(*,*,#4425,.F.) ;
#4435=IFCORIENTEDEDGE(*,*,#4430,.F.) ;
#4457=IFCORIENTEDEDGE(*,*,#3974,.T.) ;
#4458=IFCORIENTEDEDGE(*,*,#4430,.T.) ;
#4459=IFCORIENTEDEDGE(*,*,#4450,.F.) ;
#4460=IFCORIENTEDEDGE(*,*,#4455,.F.) ;
#4483=IFCORIENTEDEDGE(*,*,#4006,.T.) ;
#4484=IFCORIENTEDEDGE(*,*,#4455,.T.) ;
#4485=IFCORIENTEDEDGE(*,*,#4476,.F.) ;
#4486=IFCORIENTEDEDGE(*,*,#4481,.F.) ;
#4515=IFCORIENTEDEDGE(*,*,#274,.T.) ;
#4516=IFCORIENTEDEDGE(*,*,#4501,.T.) ;
#4517=IFCORIENTEDEDGE(*,*,#4508,.F.) ;
#4518=IFCORIENTEDEDGE(*,*,#4513,.F.) ;
#4540=IFCORIENTEDEDGE(*,*,#4031,.T.) ;
#4541=IFCORIENTEDEDGE(*,*,#4513,.T.) ;
#4542=IFCORIENTEDEDGE(*,*,#4533,.F.) ;
#4543=IFCORIENTEDEDGE(*,*,#4538,.F.) ;
#4566=IFCORIENTEDEDGE(*,*,#4057,.T.) ;
#4567=IFCORIENTEDEDGE(*,*,#4538,.T.) ;
#4568=IFCORIENTEDEDGE(*,*,#4559,.F.) ;
#4569=IFCORIENTEDEDGE(*,*,#4564,.F.) ;
#4594=IFCORIENTEDEDGE(*,*,#4100,.T.) ;
#4595=IFCORIENTEDEDGE(*,*,#4564,.T.) ;
#4596=IFCORIENTEDEDGE(*,*,#4582,.F.) ;
#4597=IFCORIENTEDEDGE(*,*,#4587,.F.) ;
#4598=IFCORIENTEDEDGE(*,*,#2417,.F.) ;
#4599=IFCORIENTEDEDGE(*,*,#4592,.F.) ;
#4609=IFCORIENTEDEDGE(*,*,#2170,.F.) ;
#4610=IFCORIENTEDEDGE(*,*,#4592,.T.) ;
#4611=IFCORIENTEDEDGE(*,*,#732,.F.) ;
#4612=IFCORIENTEDEDGE(*,*,#4158,.F.) ;
#4627=IFCORIENTEDEDGE(*,*,#4140,.T.) ;
#4628=IFCORIENTEDEDGE(*,*,#4481,.T.) ;
#4629=IFCORIENTEDEDGE(*,*,#4625,.F.) ;
#4630=IFCORIENTEDEDGE(*,*,#4501,.F.) ;
#4650=IFCORIENTEDEDGE(*,*,#1952,.F.) ;
#4651=IFCORIENTEDEDGE(*,*,#4643,.F.) ;
#4652=IFCORIENTEDEDGE(*,*,#1400,.F.) ;
#4653=IFCORIENTEDEDGE(*,*,#4648,.T.) ;
#4663=IFCORIENTEDEDGE(*,*,#1933,.F.) ;
#4664=IFCORIENTEDEDGE(*,*,#231,.F.) ;
#4665=IFCORIENTEDEDGE(*,*,#1432,.F.) ;
#4666=IFCORIENTEDEDGE(*,*,#4643,.T.) ;
#4689=IFCORIENTEDEDGE(*,*,#4222,.T.) ;
#4690=IFCORIENTEDEDGE(*,*,#2973,.T.) ;
#4691=IFCORIENTEDEDGE(*,*,#4682,.F.) ;
#4692=IFCORIENTEDEDGE(*,*,#4687,.F.) ;
#4714=IFCORIENTEDEDGE(*,*,#4247,.T.) ;
#4715=IFCORIENTEDEDGE(*,*,#4687,.T.) ;
#4716=IFCORIENTEDEDGE(*,*,#4707,.F.) ;
#4717=IFCORIENTEDEDGE(*,*,#4712,.F.) ;
#4739=IFCORIENTEDEDGE(*,*,#4272,.T.) ;
#4740=IFCORIENTEDEDGE(*,*,#4712,.T.) ;
#4741=IFCORIENTEDEDGE(*,*,#4732,.F.) ;
#4742=IFCORIENTEDEDGE(*,*,#4737,.F.) ;
#4764=IFCORIENTEDEDGE(*,*,#4297,.T.) ;
#4765=IFCORIENTEDEDGE(*,*,#4737,.T.) ;
#4766=IFCORIENTEDEDGE(*,*,#4757,.F.) ;
#4767=IFCORIENTEDEDGE(*,*,#4762,.F.) ;
#4790=IFCORIENTEDEDGE(*,*,#4323,.T.) ;
#4791=IFCORIENTEDEDGE(*,*,#4762,.T.) ;
#4792=IFCORIENTEDEDGE(*,*,#4783,.F.) ;
#4793=IFCORIENTEDEDGE(*,*,#4788,.F.) ;
#4815=IFCORIENTEDEDGE(*,*,#4348,.T.) ;
#4816=IFCORIENTEDEDGE(*,*,#4788,.T.) ;
#4817=IFCORIENTEDEDGE(*,*,#4808,.F.) ;
#4818=IFCORIENTEDEDGE(*,*,#4813,.F.) ;
#4841=IFCORIENTEDEDGE(*,*,#4374,.T.) ;
#4842=IFCORIENTEDEDGE(*,*,#4813,.T.) ;
#4843=IFCORIENTEDEDGE(*,*,#4834,.F.) ;
#4844=IFCORIENTEDEDGE(*,*,#4839,.F.) ;
#4866=IFCORIENTEDEDGE(*,*,#4399,.T.) ;
#4867=IFCORIENTEDEDGE(*,*,#4839,.T.) ;
#4868=IFCORIENTEDEDGE(*,*,#4859,.F.) ;
#4869=IFCORIENTEDEDGE(*,*,#4864,.F.) ;
#4892=IFCORIENTEDEDGE(*,*,#4425,.T.) ;
#4893=IFCORIENTEDEDGE(*,*,#4864,.T.) ;
#4894=IFCORIENTEDEDGE(*,*,#4885,.F.) ;
#4895=IFCORIENTEDEDGE(*,*,#4890,.F.) ;
#4917=IFCORIENTEDEDGE(*,*,#4450,.T.) ;
#4918=IFCORIENTEDEDGE(*,*,#4890,.T.) ;
#4919=IFCORIENTEDEDGE(*,*,#4910,.F.) ;
#4920=IFCORIENTEDEDGE(*,*,#4915,.F.) ;
#4941=IFCORIENTEDEDGE(*,*,#4476,.T.) ;
#4942=IFCORIENTEDEDGE(*,*,#4915,.T.) ;
#4943=IFCORIENTEDEDGE(*,*,#4934,.F.) ;
#4944=IFCORIENTEDEDGE(*,*,#4939,.F.) ;
#4964=IFCORIENTEDEDGE(*,*,#4508,.T.) ;
#4965=IFCORIENTEDEDGE(*,*,#4957,.T.) ;
#4966=IFCORIENTEDEDGE(*,*,#142,.F.) ;
#4967=IFCORIENTEDEDGE(*,*,#4962,.F.) ;
#4982=IFCORIENTEDEDGE(*,*,#4533,.T.) ;
#4983=IFCORIENTEDEDGE(*,*,#4962,.T.) ;
#4984=IFCORIENTEDEDGE(*,*,#174,.F.) ;
#4985=IFCORIENTEDEDGE(*,*,#4980,.F.) ;
#5000=IFCORIENTEDEDGE(*,*,#4559,.T.) ;
#5001=IFCORIENTEDEDGE(*,*,#4980,.T.) ;
#5002=IFCORIENTEDEDGE(*,*,#2350,.F.) ;
#5003=IFCORIENTEDEDGE(*,*,#4998,.F.) ;
#5028=IFCORIENTEDEDGE(*,*,#4582,.T.) ;
#5029=IFCORIENTEDEDGE(*,*,#4998,.T.) ;
#5030=IFCORIENTEDEDGE(*,*,#2323,.F.) ;
#5031=IFCORIENTEDEDGE(*,*,#5016,.F.) ;
#5032=IFCORIENTEDEDGE(*,*,#2368,.F.) ;
#5033=IFCORIENTEDEDGE(*,*,#5021,.F.) ;
#5034=IFCORIENTEDEDGE(*,*,#2390,.F.) ;
#5035=IFCORIENTEDEDGE(*,*,#5026,.F.) ;
#5045=IFCORIENTEDEDGE(*,*,#1982,.F.) ;
#5046=IFCORIENTEDEDGE(*,*,#4648,.F.) ;
#5047=IFCORIENTEDEDGE(*,*,#1381,.F.) ;
#5048=IFCORIENTEDEDGE(*,*,#5016,.T.) ;
#5058=IFCORIENTEDEDGE(*,*,#4625,.T.) ;
#5059=IFCORIENTEDEDGE(*,*,#4939,.T.) ;
#5060=IFCORIENTEDEDGE(*,*,#2279,.F.) ;
#5061=IFCORIENTEDEDGE(*,*,#4957,.F.) ;
#5071=IFCORIENTEDEDGE(*,*,#1963,.F.) ;
#5072=IFCORIENTEDEDGE(*,*,#363,.T.) ;
#5073=IFCORIENTEDEDGE(*,*,#588,.F.) ;
#5074=IFCORIENTEDEDGE(*,*,#307,.F.) ;
#5090=IFCORIENTEDEDGE(*,*,#2242,.F.) ;
#5091=IFCORIENTEDEDGE(*,*,#479,.F.) ;
#5092=IFCORIENTEDEDGE(*,*,#5088,.F.) ;
#5093=IFCORIENTEDEDGE(*,*,#2313,.T.) ;
#5113=IFCORIENTEDEDGE(*,*,#2221,.F.) ;
#5114=IFCORIENTEDEDGE(*,*,#5106,.F.) ;
#5115=IFCORIENTEDEDGE(*,*,#1046,.F.) ;
#5116=IFCORIENTEDEDGE(*,*,#5111,.T.) ;
#5126=IFCORIENTEDEDGE(*,*,#2248,.F.) ;
#5127=IFCORIENTEDEDGE(*,*,#4095,.F.) ;
#5128=IFCORIENTEDEDGE(*,*,#1008,.F.) ;
#5129=IFCORIENTEDEDGE(*,*,#5106,.T.) ;
#5144=IFCORIENTEDEDGE(*,*,#2164,.F.) ;
#5145=IFCORIENTEDEDGE(*,*,#5142,.T.) ;
#5146=IFCORIENTEDEDGE(*,*,#919,.F.) ;
#5147=IFCORIENTEDEDGE(*,*,#4105,.F.) ;
#5162=IFCORIENTEDEDGE(*,*,#2130,.F.) ;
#5163=IFCORIENTEDEDGE(*,*,#5160,.T.) ;
#5164=IFCORIENTEDEDGE(*,*,#945,.F.) ;
#5165=IFCORIENTEDEDGE(*,*,#5142,.F.) ;
#5175=IFCORIENTEDEDGE(*,*,#2111,.F.) ;
#5176=IFCORIENTEDEDGE(*,*,#3637,.T.) ;
#5177=IFCORIENTEDEDGE(*,*,#978,.F.) ;
#5178=IFCORIENTEDEDGE(*,*,#5160,.F.) ;
#5188=IFCORIENTEDEDGE(*,*,#2196,.F.) ;
#5189=IFCORIENTEDEDGE(*,*,#5111,.F.) ;
#5190=IFCORIENTEDEDGE(*,*,#1073,.F.) ;
#5191=IFCORIENTEDEDGE(*,*,#3622,.T.) ;
#5211=IFCORIENTEDEDGE(*,*,#1214,.F.) ;
#5212=IFCORIENTEDEDGE(*,*,#5204,.T.) ;
#5213=IFCORIENTEDEDGE(*,*,#1506,.F.) ;
#5214=IFCORIENTEDEDGE(*,*,#5209,.F.) ;
#5224=IFCORIENTEDEDGE(*,*,#1195,.F.) ;
#5225=IFCORIENTEDEDGE(*,*,#5021,.T.) ;
#5226=IFCORIENTEDEDGE(*,*,#1468,.F.) ;
#5227=IFCORIENTEDEDGE(*,*,#5204,.F.) ;
#5247=IFCORIENTEDEDGE(*,*,#2048,.F.) ;
#5248=IFCORIENTEDEDGE(*,*,#5240,.T.) ;
#5249=IFCORIENTEDEDGE(*,*,#1320,.F.) ;
#5250=IFCORIENTEDEDGE(*,*,#5245,.F.) ;
#5265=IFCORIENTEDEDGE(*,*,#2016,.F.) ;
#5266=IFCORIENTEDEDGE(*,*,#4199,.F.) ;
#5267=IFCORIENTEDEDGE(*,*,#696,.F.) ;
#5268=IFCORIENTEDEDGE(*,*,#5263,.T.) ;
#5278=IFCORIENTEDEDGE(*,*,#2075,.F.) ;
#5279=IFCORIENTEDEDGE(*,*,#5026,.T.) ;
#5280=IFCORIENTEDEDGE(*,*,#1282,.F.) ;
#5281=IFCORIENTEDEDGE(*,*,#5240,.F.) ;
#5291=IFCORIENTEDEDGE(*,*,#2010,.F.) ;
#5292=IFCORIENTEDEDGE(*,*,#5245,.T.) ;
#5293=IFCORIENTEDEDGE(*,*,#1345,.F.) ;
#5294=IFCORIENTEDEDGE(*,*,#203,.F.) ;
#5304=IFCORIENTEDEDGE(*,*,#1246,.F.) ;
#5305=IFCORIENTEDEDGE(*,*,#5209,.T.) ;
#5306=IFCORIENTEDEDGE(*,*,#1531,.F.) ;
#5307=IFCORIENTEDEDGE(*,*,#217,.F.) ;
#5322=IFCORIENTEDEDGE(*,*,#2557,.T.) ;
#5323=IFCORIENTEDEDGE(*,*,#3672,.F.) ;
#5324=IFCORIENTEDEDGE(*,*,#5320,.F.) ;
#5325=IFCORIENTEDEDGE(*,*,#4682,.T.) ;
#5340=IFCORIENTEDEDGE(*,*,#5338,.T.) ;
#5341=IFCORIENTEDEDGE(*,*,#3998,.F.) ;
#5342=IFCORIENTEDEDGE(*,*,#2269,.F.) ;
#5343=IFCORIENTEDEDGE(*,*,#4934,.T.) ;
#5358=IFCORIENTEDEDGE(*,*,#5356,.T.) ;
#5359=IFCORIENTEDEDGE(*,*,#3967,.F.) ;
#5360=IFCORIENTEDEDGE(*,*,#5338,.F.) ;
#5361=IFCORIENTEDEDGE(*,*,#4910,.T.) ;
#5376=IFCORIENTEDEDGE(*,*,#5374,.T.) ;
#5377=IFCORIENTEDEDGE(*,*,#3934,.F.) ;
#5378=IFCORIENTEDEDGE(*,*,#5356,.F.) ;
#5379=IFCORIENTEDEDGE(*,*,#4885,.T.) ;
#5394=IFCORIENTEDEDGE(*,*,#5392,.T.) ;
#5395=IFCORIENTEDEDGE(*,*,#3901,.F.) ;
#5396=IFCORIENTEDEDGE(*,*,#5374,.F.) ;
#5397=IFCORIENTEDEDGE(*,*,#4859,.T.) ;
#5412=IFCORIENTEDEDGE(*,*,#5410,.T.) ;
#5413=IFCORIENTEDEDGE(*,*,#3868,.F.) ;
#5414=IFCORIENTEDEDGE(*,*,#5392,.F.) ;
#5415=IFCORIENTEDEDGE(*,*,#4834,.T.) ;
#5430=IFCORIENTEDEDGE(*,*,#5428,.T.) ;
#5431=IFCORIENTEDEDGE(*,*,#3835,.F.) ;
#5432=IFCORIENTEDEDGE(*,*,#5410,.F.) ;
#5433=IFCORIENTEDEDGE(*,*,#4808,.T.) ;
#5448=IFCORIENTEDEDGE(*,*,#5446,.T.) ;
#5449=IFCORIENTEDEDGE(*,*,#3802,.F.) ;
#5450=IFCORIENTEDEDGE(*,*,#5428,.F.) ;
#5451=IFCORIENTEDEDGE(*,*,#4783,.T.) ;
#5466=IFCORIENTEDEDGE(*,*,#5464,.T.) ;
#5467=IFCORIENTEDEDGE(*,*,#3769,.F.) ;
#5468=IFCORIENTEDEDGE(*,*,#5446,.F.) ;
#5469=IFCORIENTEDEDGE(*,*,#4757,.T.) ;
#5484=IFCORIENTEDEDGE(*,*,#5482,.T.) ;
#5485=IFCORIENTEDEDGE(*,*,#3737,.F.) ;
#5486=IFCORIENTEDEDGE(*,*,#5464,.F.) ;
#5487=IFCORIENTEDEDGE(*,*,#4732,.T.) ;
#5497=IFCORIENTEDEDGE(*,*,#5320,.T.) ;
#5498=IFCORIENTEDEDGE(*,*,#3705,.F.) ;
#5499=IFCORIENTEDEDGE(*,*,#5482,.F.) ;
#5500=IFCORIENTEDEDGE(*,*,#4707,.T.) ;
#5510=IFCORIENTEDEDGE(*,*,#1153,.F.) ;
#5511=IFCORIENTEDEDGE(*,*,#3627,.T.) ;
#5512=IFCORIENTEDEDGE(*,*,#1067,.F.) ;
#5513=IFCORIENTEDEDGE(*,*,#1033,.T.) ;
#5514=IFCORIENTEDEDGE(*,*,#1014,.F.) ;
#5515=IFCORIENTEDEDGE(*,*,#4090,.F.) ;
#5516=IFCORIENTEDEDGE(*,*,#1101,.F.) ;
#5517=IFCORIENTEDEDGE(*,*,#1126,.T.) ;
#5527=IFCORIENTEDEDGE(*,*,#972,.F.) ;
#5528=IFCORIENTEDEDGE(*,*,#3632,.T.) ;
#5529=IFCORIENTEDEDGE(*,*,#877,.F.) ;
#5530=IFCORIENTEDEDGE(*,*,#850,.T.) ;
#5531=IFCORIENTEDEDGE(*,*,#831,.F.) ;
#5532=IFCORIENTEDEDGE(*,*,#4080,.F.) ;
#5533=IFCORIENTEDEDGE(*,*,#913,.F.) ;
#5534=IFCORIENTEDEDGE(*,*,#938,.T.) ;
#5555=IFCORIENTEDEDGE(*,*,#500,.F.) ;
#5556=IFCORIENTEDEDGE(*,*,#5547,.F.) ;
#5557=IFCORIENTEDEDGE(*,*,#607,.F.) ;
#5558=IFCORIENTEDEDGE(*,*,#577,.T.) ;
#5559=IFCORIENTEDEDGE(*,*,#558,.F.) ;
#5560=IFCORIENTEDEDGE(*,*,#2318,.T.) ;
#5561=IFCORIENTEDEDGE(*,*,#5553,.F.) ;
#5562=IFCORIENTEDEDGE(*,*,#525,.T.) ;
#5572=IFCORIENTEDEDGE(*,*,#531,.T.) ;
#5573=IFCORIENTEDEDGE(*,*,#5553,.T.) ;
#5574=IFCORIENTEDEDGE(*,*,#5088,.T.) ;
#5589=IFCORIENTEDEDGE(*,*,#2035,.F.) ;
#5590=IFCORIENTEDEDGE(*,*,#5263,.F.) ;
#5591=IFCORIENTEDEDGE(*,*,#662,.F.) ;
#5592=IFCORIENTEDEDGE(*,*,#5587,.T.) ;
#5602=IFCORIENTEDEDGE(*,*,#2069,.F.) ;
#5603=IFCORIENTEDEDGE(*,*,#5587,.F.) ;
#5604=IFCORIENTEDEDGE(*,*,#643,.F.) ;
#5605=IFCORIENTEDEDGE(*,*,#4587,.T.) ;
#5615=IFCORIENTEDEDGE(*,*,#320,.T.) ;
#5616=IFCORIENTEDEDGE(*,*,#5547,.T.) ;
#5617=IFCORIENTEDEDGE(*,*,#393,.T.) ;
#5618=IFCORIENTEDEDGE(*,*,#3647,.F.) ;
#5619=IFCORIENTEDEDGE(*,*,#2521,.F.) ;
#5620=IFCORIENTEDEDGE(*,*,#238,.T.) ;
#26=IFCELEMENTASSEMBLY('0000000000000000000000',#5,'06.176.L (IFC v2',$,$,#27,$,$,$,$) ;
#2339=IFCELLIPSE(#2340,0.00537401153702,0.0038) ;
#2345=IFCELLIPSE(#2346,0.00537401153702,0.0038) ;
#2640=IFCELLIPSE(#2641,0.00282842712475,0.002) ;
#2648=IFCELLIPSE(#2649,0.00282842712475,0.002) ;
#2706=IFCELLIPSE(#2707,0.00282842712475,0.002) ;
#2714=IFCELLIPSE(#2715,0.00282842712475,0.002) ;
#3071=IFCELLIPSE(#3072,0.00282842712475,0.002) ;
#3122=IFCELLIPSE(#3123,0.00282842712475,0.002) ;
#3307=IFCELLIPSE(#3308,0.00282842712475,0.002) ;
#3358=IFCELLIPSE(#3359,0.00282842712475,0.002) ;
#3665=IFCELLIPSE(#3666,0.00537401153702,0.0038) ;
#3673=IFCELLIPSE(#3674,0.00537401153702,0.0038) ;
#3795=IFCELLIPSE(#3796,0.00254558441227,0.0018) ;
#3803=IFCELLIPSE(#3804,0.00254558441227,0.0018) ;
#3861=IFCELLIPSE(#3862,0.00254558441227,0.0018) ;
#3869=IFCELLIPSE(#3870,0.00254558441227,0.0018) ;
#3927=IFCELLIPSE(#3928,0.00254558441227,0.0018) ;
#3935=IFCELLIPSE(#3936,0.00254558441227,0.0018) ;
#3993=IFCELLIPSE(#3994,0.00254558441227,0.0018) ;
#3999=IFCELLIPSE(#4000,0.00254558441227,0.0018) ;
#4050=IFCELLIPSE(#4051,0.00537401153702,0.0038) ;
#4215=IFCELLIPSE(#4216,0.00537401153702,0.0038) ;
#4316=IFCELLIPSE(#4317,0.00254558441227,0.0018) ;
#4367=IFCELLIPSE(#4368,0.00254558441227,0.0018) ;
#4418=IFCELLIPSE(#4419,0.00254558441227,0.0018) ;
#4469=IFCELLIPSE(#4470,0.00254558441227,0.0018) ;
#4552=IFCELLIPSE(#4553,0.00537401153702,0.0038) ;
#4675=IFCELLIPSE(#4676,0.00537401153702,0.0038) ;
#4776=IFCELLIPSE(#4777,0.00254558441227,0.0018) ;
#4827=IFCELLIPSE(#4828,0.00254558441227,0.0018) ;
#4878=IFCELLIPSE(#4879,0.00254558441227,0.0018) ;
#4929=IFCELLIPSE(#4930,0.00254558441227,0.0018) ;
#69=IFCFACEOUTERBOUND(#64,.T.) ;
#148=IFCFACEOUTERBOUND(#143,.T.) ;
#180=IFCFACEOUTERBOUND(#175,.T.) ;
#253=IFCFACEOUTERBOUND(#244,.T.) ;
#285=IFCFACEOUTERBOUND(#280,.T.) ;
#326=IFCFACEOUTERBOUND(#321,.T.) ;
#369=IFCFACEOUTERBOUND(#364,.T.) ;
#412=IFCFACEOUTERBOUND(#407,.T.) ;
#453=IFCFACEOUTERBOUND(#448,.T.) ;
#485=IFCFACEOUTERBOUND(#480,.T.) ;
#511=IFCFACEOUTERBOUND(#507,.T.) ;
#537=IFCFACEOUTERBOUND(#532,.T.) ;
#563=IFCFACEOUTERBOUND(#559,.T.) ;
#594=IFCFACEOUTERBOUND(#589,.T.) ;
#612=IFCFACEOUTERBOUND(#608,.T.) ;
#648=IFCFACEOUTERBOUND(#644,.T.) ;
#681=IFCFACEOUTERBOUND(#676,.T.) ;
#707=IFCFACEOUTERBOUND(#703,.T.) ;
#743=IFCFACEOUTERBOUND(#739,.T.) ;
#776=IFCFACEOUTERBOUND(#771,.T.) ;
#802=IFCFACEOUTERBOUND(#798,.T.) ;
#836=IFCFACEOUTERBOUND(#832,.T.) ;
#862=IFCFACEOUTERBOUND(#857,.T.) ;
#888=IFCFACEOUTERBOUND(#884,.T.) ;
#924=IFCFACEOUTERBOUND(#920,.T.) ;
#957=IFCFACEOUTERBOUND(#952,.T.) ;
#983=IFCFACEOUTERBOUND(#979,.T.) ;
#1019=IFCFACEOUTERBOUND(#1015,.T.) ;
#1052=IFCFACEOUTERBOUND(#1047,.T.) ;
#1078=IFCFACEOUTERBOUND(#1074,.T.) ;
#1112=IFCFACEOUTERBOUND(#1108,.T.) ;
#1138=IFCFACEOUTERBOUND(#1133,.T.) ;
#1164=IFCFACEOUTERBOUND(#1160,.T.) ;
#1200=IFCFACEOUTERBOUND(#1196,.T.) ;
#1233=IFCFACEOUTERBOUND(#1228,.T.) ;
#1257=IFCFACEOUTERBOUND(#1253,.T.) ;
#1293=IFCFACEOUTERBOUND(#1289,.T.) ;
#1326=IFCFACEOUTERBOUND(#1321,.T.) ;
#1350=IFCFACEOUTERBOUND(#1346,.T.) ;
#1386=IFCFACEOUTERBOUND(#1382,.T.) ;
#1419=IFCFACEOUTERBOUND(#1414,.T.) ;
#1443=IFCFACEOUTERBOUND(#1439,.T.) ;
#1479=IFCFACEOUTERBOUND(#1475,.T.) ;
#1512=IFCFACEOUTERBOUND(#1507,.T.) ;
#1536=IFCFACEOUTERBOUND(#1532,.T.) ;
#1570=IFCFACEOUTERBOUND(#1566,.T.) ;
#1603=IFCFACEOUTERBOUND(#1598,.T.) ;
#1629=IFCFACEOUTERBOUND(#1625,.T.) ;
#1665=IFCFACEOUTERBOUND(#1661,.T.) ;
#1698=IFCFACEOUTERBOUND(#1693,.T.) ;
#1722=IFCFACEOUTERBOUND(#1718,.T.) ;
#1758=IFCFACEOUTERBOUND(#1754,.T.) ;
#1791=IFCFACEOUTERBOUND(#1786,.T.) ;
#1817=IFCFACEOUTERBOUND(#1813,.T.) ;
#1853=IFCFACEOUTERBOUND(#1849,.T.) ;
#1886=IFCFACEOUTERBOUND(#1881,.T.) ;
#1912=IFCFACEOUTERBOUND(#1908,.T.) ;
#1938=IFCFACEOUTERBOUND(#1934,.T.) ;
#1969=IFCFACEOUTERBOUND(#1964,.T.) ;
#1987=IFCFACEOUTERBOUND(#1983,.T.) ;
#2021=IFCFACEOUTERBOUND(#2017,.T.) ;
#2054=IFCFACEOUTERBOUND(#2049,.T.) ;
#2080=IFCFACEOUTERBOUND(#2076,.T.) ;
#2116=IFCFACEOUTERBOUND(#2112,.T.) ;
#2149=IFCFACEOUTERBOUND(#2144,.T.) ;
#2175=IFCFACEOUTERBOUND(#2171,.T.) ;
#2201=IFCFACEOUTERBOUND(#2197,.T.) ;
#2227=IFCFACEOUTERBOUND(#2222,.T.) ;
#2253=IFCFACEOUTERBOUND(#2249,.T.) ;
#2285=IFCFACEOUTERBOUND(#2280,.T.) ;
#2331=IFCFACEOUTERBOUND(#2324,.T.) ;
#2356=IFCFACEOUTERBOUND(#2351,.T.) ;
#2378=IFCFACEOUTERBOUND(#2369,.T.) ;
#2400=IFCFACEOUTERBOUND(#2391,.T.) ;
#2427=IFCFACEOUTERBOUND(#2418,.T.) ;
#2468=IFCFACEOUTERBOUND(#2463,.T.) ;
#2491=IFCFACEOUTERBOUND(#2486,.T.) ;
#2509=IFCFACEOUTERBOUND(#2504,.T.) ;
#2527=IFCFACEOUTERBOUND(#2522,.T.) ;
#2568=IFCFACEOUTERBOUND(#2563,.T.) ;
#2600=IFCFACEOUTERBOUND(#2595,.T.) ;
#2632=IFCFACEOUTERBOUND(#2627,.T.) ;
#2666=IFCFACEOUTERBOUND(#2661,.T.) ;
#2698=IFCFACEOUTERBOUND(#2693,.T.) ;
#2732=IFCFACEOUTERBOUND(#2727,.T.) ;
#2764=IFCFACEOUTERBOUND(#2759,.T.) ;
#2787=IFCFACEOUTERBOUND(#2782,.T.) ;
#2805=IFCFACEOUTERBOUND(#2800,.T.) ;
#2823=IFCFACEOUTERBOUND(#2818,.T.) ;
#2836=IFCFACEOUTERBOUND(#2831,.T.) ;
#2866=IFCFACEOUTERBOUND(#2861,.T.) ;
#2884=IFCFACEOUTERBOUND(#2879,.T.) ;
#2909=IFCFACEOUTERBOUND(#2904,.T.) ;
#2927=IFCFACEOUTERBOUND(#2922,.T.) ;
#2959=IFCFACEOUTERBOUND(#2954,.T.) ;
#2984=IFCFACEOUTERBOUND(#2979,.T.) ;
#3002=IFCFACEOUTERBOUND(#2997,.T.) ;
#3020=IFCFACEOUTERBOUND(#3015,.T.) ;
#3038=IFCFACEOUTERBOUND(#3033,.T.) ;
#3063=IFCFACEOUTERBOUND(#3058,.T.) ;
#3089=IFCFACEOUTERBOUND(#3084,.T.) ;
#3114=IFCFACEOUTERBOUND(#3109,.T.) ;
#3140=IFCFACEOUTERBOUND(#3135,.T.) ;
#3158=IFCFACEOUTERBOUND(#3153,.T.) ;
#3190=IFCFACEOUTERBOUND(#3185,.T.) ;
#3215=IFCFACEOUTERBOUND(#3210,.T.) ;
#3238=IFCFACEOUTERBOUND(#3233,.T.) ;
#3256=IFCFACEOUTERBOUND(#3251,.T.) ;
#3274=IFCFACEOUTERBOUND(#3269,.T.) ;
#3299=IFCFACEOUTERBOUND(#3294,.T.) ;
#3325=IFCFACEOUTERBOUND(#3320,.T.) ;
#3350=IFCFACEOUTERBOUND(#3345,.T.) ;
#3376=IFCFACEOUTERBOUND(#3371,.T.) ;
#3394=IFCFACEOUTERBOUND(#3389,.T.) ;
#3417=IFCFACEOUTERBOUND(#3412,.T.) ;
#3435=IFCFACEOUTERBOUND(#3430,.T.) ;
#3458=IFCFACEOUTERBOUND(#3453,.T.) ;
#3476=IFCFACEOUTERBOUND(#3471,.T.) ;
#3494=IFCFACEOUTERBOUND(#3489,.T.) ;
#3507=IFCFACEOUTERBOUND(#3502,.T.) ;
#3525=IFCFACEOUTERBOUND(#3520,.T.) ;
#3543=IFCFACEOUTERBOUND(#3538,.T.) ;
#3561=IFCFACEOUTERBOUND(#3556,.T.) ;
#3579=IFCFACEOUTERBOUND(#3574,.T.) ;
#3592=IFCFACEOUTERBOUND(#3587,.T.) ;
#3610=IFCFACEOUTERBOUND(#3605,.T.) ;
#3657=IFCFACEOUTERBOUND(#3648,.T.) ;
#3691=IFCFACEOUTERBOUND(#3686,.T.) ;
#3723=IFCFACEOUTERBOUND(#3718,.T.) ;
#3755=IFCFACEOUTERBOUND(#3750,.T.) ;
#3787=IFCFACEOUTERBOUND(#3782,.T.) ;
#3821=IFCFACEOUTERBOUND(#3816,.T.) ;
#3853=IFCFACEOUTERBOUND(#3848,.T.) ;
#3887=IFCFACEOUTERBOUND(#3882,.T.) ;
#3919=IFCFACEOUTERBOUND(#3914,.T.) ;
#3953=IFCFACEOUTERBOUND(#3948,.T.) ;
#3985=IFCFACEOUTERBOUND(#3980,.T.) ;
#4017=IFCFACEOUTERBOUND(#4012,.T.) ;
#4042=IFCFACEOUTERBOUND(#4037,.T.) ;
#4068=IFCFACEOUTERBOUND(#4063,.T.) ;
#4115=IFCFACEOUTERBOUND(#4106,.T.) ;
#4128=IFCFACEOUTERBOUND(#4123,.T.) ;
#4146=IFCFACEOUTERBOUND(#4141,.T.) ;
#4169=IFCFACEOUTERBOUND(#4164,.T.) ;
#4187=IFCFACEOUTERBOUND(#4182,.T.) ;
#4207=IFCFACEOUTERBOUND(#4200,.T.) ;
#4233=IFCFACEOUTERBOUND(#4228,.T.) ;
#4258=IFCFACEOUTERBOUND(#4253,.T.) ;
#4283=IFCFACEOUTERBOUND(#4278,.T.) ;
#4308=IFCFACEOUTERBOUND(#4303,.T.) ;
#4334=IFCFACEOUTERBOUND(#4329,.T.) ;
#4359=IFCFACEOUTERBOUND(#4354,.T.) ;
#4385=IFCFACEOUTERBOUND(#4380,.T.) ;
#4410=IFCFACEOUTERBOUND(#4405,.T.) ;
#4436=IFCFACEOUTERBOUND(#4431,.T.) ;
#4461=IFCFACEOUTERBOUND(#4456,.T.) ;
#4487=IFCFACEOUTERBOUND(#4482,.T.) ;
#4519=IFCFACEOUTERBOUND(#4514,.T.) ;
#4544=IFCFACEOUTERBOUND(#4539,.T.) ;
#4570=IFCFACEOUTERBOUND(#4565,.T.) ;
#4600=IFCFACEOUTERBOUND(#4593,.T.) ;
#4613=IFCFACEOUTERBOUND(#4608,.T.) ;
#4631=IFCFACEOUTERBOUND(#4626,.T.) ;
#4654=IFCFACEOUTERBOUND(#4649,.T.) ;
#4667=IFCFACEOUTERBOUND(#4662,.T.) ;
#4693=IFCFACEOUTERBOUND(#4688,.T.) ;
#4718=IFCFACEOUTERBOUND(#4713,.T.) ;
#4743=IFCFACEOUTERBOUND(#4738,.T.) ;
#4768=IFCFACEOUTERBOUND(#4763,.T.) ;
#4794=IFCFACEOUTERBOUND(#4789,.T.) ;
#4819=IFCFACEOUTERBOUND(#4814,.T.) ;
#4845=IFCFACEOUTERBOUND(#4840,.T.) ;
#4870=IFCFACEOUTERBOUND(#4865,.T.) ;
#4896=IFCFACEOUTERBOUND(#4891,.T.) ;
#4921=IFCFACEOUTERBOUND(#4916,.T.) ;
#4945=IFCFACEOUTERBOUND(#4940,.T.) ;
#4968=IFCFACEOUTERBOUND(#4963,.T.) ;
#4986=IFCFACEOUTERBOUND(#4981,.T.) ;
#5004=IFCFACEOUTERBOUND(#4999,.T.) ;
#5036=IFCFACEOUTERBOUND(#5027,.T.) ;
#5049=IFCFACEOUTERBOUND(#5044,.T.) ;
#5062=IFCFACEOUTERBOUND(#5057,.T.) ;
#5075=IFCFACEOUTERBOUND(#5070,.T.) ;
#5094=IFCFACEOUTERBOUND(#5089,.T.) ;
#5117=IFCFACEOUTERBOUND(#5112,.T.) ;
#5130=IFCFACEOUTERBOUND(#5125,.T.) ;
#5148=IFCFACEOUTERBOUND(#5143,.T.) ;
#5166=IFCFACEOUTERBOUND(#5161,.T.) ;
#5179=IFCFACEOUTERBOUND(#5174,.T.) ;
#5192=IFCFACEOUTERBOUND(#5187,.T.) ;
#5215=IFCFACEOUTERBOUND(#5210,.T.) ;
#5228=IFCFACEOUTERBOUND(#5223,.T.) ;
#5251=IFCFACEOUTERBOUND(#5246,.T.) ;
#5269=IFCFACEOUTERBOUND(#5264,.T.) ;
#5282=IFCFACEOUTERBOUND(#5277,.T.) ;
#5295=IFCFACEOUTERBOUND(#5290,.T.) ;
#5308=IFCFACEOUTERBOUND(#5303,.T.) ;
#5326=IFCFACEOUTERBOUND(#5321,.T.) ;
#5344=IFCFACEOUTERBOUND(#5339,.T.) ;
#5362=IFCFACEOUTERBOUND(#5357,.T.) ;
#5380=IFCFACEOUTERBOUND(#5375,.T.) ;
#5398=IFCFACEOUTERBOUND(#5393,.T.) ;
#5416=IFCFACEOUTERBOUND(#5411,.T.) ;
#5434=IFCFACEOUTERBOUND(#5429,.T.) ;
#5452=IFCFACEOUTERBOUND(#5447,.T.) ;
#5470=IFCFACEOUTERBOUND(#5465,.T.) ;
#5488=IFCFACEOUTERBOUND(#5483,.T.) ;
#5501=IFCFACEOUTERBOUND(#5496,.T.) ;
#5518=IFCFACEOUTERBOUND(#5509,.T.) ;
#5535=IFCFACEOUTERBOUND(#5526,.T.) ;
#5563=IFCFACEOUTERBOUND(#5554,.T.) ;
#5575=IFCFACEOUTERBOUND(#5571,.T.) ;
#5593=IFCFACEOUTERBOUND(#5588,.T.) ;
#5606=IFCFACEOUTERBOUND(#5601,.T.) ;
#5621=IFCFACEOUTERBOUND(#5614,.T.) ;
#36=IFCLINE(#37,#38) ;
#45=IFCLINE(#46,#47) ;
#52=IFCLINE(#53,#54) ;
#59=IFCLINE(#60,#61) ;
#70=IFCLINE(#71,#72) ;
#79=IFCLINE(#80,#81) ;
#86=IFCLINE(#87,#88) ;
#93=IFCLINE(#94,#95) ;
#115=IFCLINE(#116,#117) ;
#124=IFCLINE(#125,#126) ;
#131=IFCLINE(#132,#133) ;
#138=IFCLINE(#139,#140) ;
#156=IFCLINE(#157,#158) ;
#163=IFCLINE(#164,#165) ;
#170=IFCLINE(#171,#172) ;
#188=IFCLINE(#189,#190) ;
#197=IFCLINE(#198,#199) ;
#204=IFCLINE(#205,#206) ;
#211=IFCLINE(#212,#213) ;
#218=IFCLINE(#219,#220) ;
#225=IFCLINE(#226,#227) ;
#232=IFCLINE(#233,#234) ;
#239=IFCLINE(#240,#241) ;
#261=IFCLINE(#262,#263) ;
#268=IFCLINE(#269,#270) ;
#275=IFCLINE(#276,#277) ;
#301=IFCLINE(#302,#303) ;
#316=IFCLINE(#317,#318) ;
#344=IFCLINE(#345,#346) ;
#359=IFCLINE(#360,#361) ;
#387=IFCLINE(#388,#389) ;
#402=IFCLINE(#403,#404) ;
#420=IFCLINE(#421,#422) ;
#429=IFCLINE(#430,#431) ;
#436=IFCLINE(#437,#438) ;
#443=IFCLINE(#444,#445) ;
#461=IFCLINE(#462,#463) ;
#468=IFCLINE(#469,#470) ;
#475=IFCLINE(#476,#477) ;
#519=IFCLINE(#520,#521) ;
#571=IFCLINE(#572,#573) ;
#584=IFCLINE(#585,#586) ;
#656=IFCLINE(#657,#658) ;
#671=IFCLINE(#672,#673) ;
#751=IFCLINE(#752,#753) ;
#766=IFCLINE(#767,#768) ;
#844=IFCLINE(#845,#846) ;
#932=IFCLINE(#933,#934) ;
#939=IFCLINE(#940,#941) ;
#1027=IFCLINE(#1028,#1029) ;
#1042=IFCLINE(#1043,#1044) ;
#1120=IFCLINE(#1121,#1122) ;
#1208=IFCLINE(#1209,#1210) ;
#1223=IFCLINE(#1224,#1225) ;
#1301=IFCLINE(#1302,#1303) ;
#1316=IFCLINE(#1317,#1318) ;
#1394=IFCLINE(#1395,#1396) ;
#1409=IFCLINE(#1410,#1411) ;
#1487=IFCLINE(#1488,#1489) ;
#1502=IFCLINE(#1503,#1504) ;
#1578=IFCLINE(#1579,#1580) ;
#1593=IFCLINE(#1594,#1595) ;
#1673=IFCLINE(#1674,#1675) ;
#1688=IFCLINE(#1689,#1690) ;
#1766=IFCLINE(#1767,#1768) ;
#1781=IFCLINE(#1782,#1783) ;
#1861=IFCLINE(#1862,#1863) ;
#1876=IFCLINE(#1877,#1878) ;
#1946=IFCLINE(#1947,#1948) ;
#1959=IFCLINE(#1960,#1961) ;
#2029=IFCLINE(#2030,#2031) ;
#2044=IFCLINE(#2045,#2046) ;
#2124=IFCLINE(#2125,#2126) ;
#2139=IFCLINE(#2140,#2141) ;
#2217=IFCLINE(#2218,#2219) ;
#2261=IFCLINE(#2262,#2263) ;
#2270=IFCLINE(#2271,#2272) ;
#2275=IFCLINE(#2276,#2277) ;
#2293=IFCLINE(#2294,#2295) ;
#2302=IFCLINE(#2303,#2304) ;
#2307=IFCLINE(#2308,#2309) ;
#2314=IFCLINE(#2315,#2316) ;
#2319=IFCLINE(#2320,#2321) ;
#2364=IFCLINE(#2365,#2366) ;
#2386=IFCLINE(#2387,#2388) ;
#2408=IFCLINE(#2409,#2410) ;
#2413=IFCLINE(#2414,#2415) ;
#2435=IFCLINE(#2436,#2437) ;
#2444=IFCLINE(#2445,#2446) ;
#2451=IFCLINE(#2452,#2453) ;
#2458=IFCLINE(#2459,#2460) ;
#2476=IFCLINE(#2477,#2478) ;
#2481=IFCLINE(#2482,#2483) ;
#2499=IFCLINE(#2500,#2501) ;
#2517=IFCLINE(#2518,#2519) ;
#2535=IFCLINE(#2536,#2537) ;
#2544=IFCLINE(#2545,#2546) ;
#2551=IFCLINE(#2552,#2553) ;
#2558=IFCLINE(#2559,#2560) ;
#2576=IFCLINE(#2577,#2578) ;
#2583=IFCLINE(#2584,#2585) ;
#2590=IFCLINE(#2591,#2592) ;
#2608=IFCLINE(#2609,#2610) ;
#2615=IFCLINE(#2616,#2617) ;
#2622=IFCLINE(#2623,#2624) ;
#2656=IFCLINE(#2657,#2658) ;
#2674=IFCLINE(#2675,#2676) ;
#2681=IFCLINE(#2682,#2683) ;
#2688=IFCLINE(#2689,#2690) ;
#2722=IFCLINE(#2723,#2724) ;
#2740=IFCLINE(#2741,#2742) ;
#2747=IFCLINE(#2748,#2749) ;
#2754=IFCLINE(#2755,#2756) ;
#2772=IFCLINE(#2773,#2774) ;
#2777=IFCLINE(#2778,#2779) ;
#2795=IFCLINE(#2796,#2797) ;
#2813=IFCLINE(#2814,#2815) ;
#2844=IFCLINE(#2845,#2846) ;
#2851=IFCLINE(#2852,#2853) ;
#2856=IFCLINE(#2857,#2858) ;
#2874=IFCLINE(#2875,#2876) ;
#2892=IFCLINE(#2893,#2894) ;
#2899=IFCLINE(#2900,#2901) ;
#2917=IFCLINE(#2918,#2919) ;
#2935=IFCLINE(#2936,#2937) ;
#2944=IFCLINE(#2945,#2946) ;
#2949=IFCLINE(#2950,#2951) ;
#2967=IFCLINE(#2968,#2969) ;
#2974=IFCLINE(#2975,#2976) ;
#2992=IFCLINE(#2993,#2994) ;
#3010=IFCLINE(#3011,#3012) ;
#3028=IFCLINE(#3029,#3030) ;
#3046=IFCLINE(#3047,#3048) ;
#3053=IFCLINE(#3054,#3055) ;
#3079=IFCLINE(#3080,#3081) ;
#3097=IFCLINE(#3098,#3099) ;
#3104=IFCLINE(#3105,#3106) ;
#3130=IFCLINE(#3131,#3132) ;
#3148=IFCLINE(#3149,#3150) ;
#3166=IFCLINE(#3167,#3168) ;
#3175=IFCLINE(#3176,#3177) ;
#3180=IFCLINE(#3181,#3182) ;
#3198=IFCLINE(#3199,#3200) ;
#3205=IFCLINE(#3206,#3207) ;
#3223=IFCLINE(#3224,#3225) ;
#3228=IFCLINE(#3229,#3230) ;
#3246=IFCLINE(#3247,#3248) ;
#3264=IFCLINE(#3265,#3266) ;
#3282=IFCLINE(#3283,#3284) ;
#3289=IFCLINE(#3290,#3291) ;
#3315=IFCLINE(#3316,#3317) ;
#3333=IFCLINE(#3334,#3335) ;
#3340=IFCLINE(#3341,#3342) ;
#3366=IFCLINE(#3367,#3368) ;
#3384=IFCLINE(#3385,#3386) ;
#3402=IFCLINE(#3403,#3404) ;
#3407=IFCLINE(#3408,#3409) ;
#3425=IFCLINE(#3426,#3427) ;
#3443=IFCLINE(#3444,#3445) ;
#3448=IFCLINE(#3449,#3450) ;
#3466=IFCLINE(#3467,#3468) ;
#3484=IFCLINE(#3485,#3486) ;
#3515=IFCLINE(#3516,#3517) ;
#3533=IFCLINE(#3534,#3535) ;
#3551=IFCLINE(#3552,#3553) ;
#3569=IFCLINE(#3570,#3571) ;
#3600=IFCLINE(#3601,#3602) ;
#3618=IFCLINE(#3619,#3620) ;
#3623=IFCLINE(#3624,#3625) ;
#3628=IFCLINE(#3629,#3630) ;
#3633=IFCLINE(#3634,#3635) ;
#3638=IFCLINE(#3639,#3640) ;
#3643=IFCLINE(#3644,#3645) ;
#3681=IFCLINE(#3682,#3683) ;
#3699=IFCLINE(#3700,#3701) ;
#3706=IFCLINE(#3707,#3708) ;
#3713=IFCLINE(#3714,#3715) ;
#3731=IFCLINE(#3732,#3733) ;
#3738=IFCLINE(#3739,#3740) ;
#3745=IFCLINE(#3746,#3747) ;
#3763=IFCLINE(#3764,#3765) ;
#3770=IFCLINE(#3771,#3772) ;
#3777=IFCLINE(#3778,#3779) ;
#3811=IFCLINE(#3812,#3813) ;
#3829=IFCLINE(#3830,#3831) ;
#3836=IFCLINE(#3837,#3838) ;
#3843=IFCLINE(#3844,#3845) ;
#3877=IFCLINE(#3878,#3879) ;
#3895=IFCLINE(#3896,#3897) ;
#3902=IFCLINE(#3903,#3904) ;
#3909=IFCLINE(#3910,#3911) ;
#3943=IFCLINE(#3944,#3945) ;
#3961=IFCLINE(#3962,#3963) ;
#3968=IFCLINE(#3969,#3970) ;
#3975=IFCLINE(#3976,#3977) ;
#4007=IFCLINE(#4008,#4009) ;
#4025=IFCLINE(#4026,#4027) ;
#4032=IFCLINE(#4033,#4034) ;
#4058=IFCLINE(#4059,#4060) ;
#4076=IFCLINE(#4077,#4078) ;
#4081=IFCLINE(#4082,#4083) ;
#4086=IFCLINE(#4087,#4088) ;
#4091=IFCLINE(#4092,#4093) ;
#4096=IFCLINE(#4097,#4098) ;
#4101=IFCLINE(#4102,#4103) ;
#4136=IFCLINE(#4137,#4138) ;
#4154=IFCLINE(#4155,#4156) ;
#4159=IFCLINE(#4160,#4161) ;
#4177=IFCLINE(#4178,#4179) ;
#4195=IFCLINE(#4196,#4197) ;
#4223=IFCLINE(#4224,#4225) ;
#4241=IFCLINE(#4242,#4243) ;
#4248=IFCLINE(#4249,#4250) ;
#4266=IFCLINE(#4267,#4268) ;
#4273=IFCLINE(#4274,#4275) ;
#4291=IFCLINE(#4292,#4293) ;
#4298=IFCLINE(#4299,#4300) ;
#4324=IFCLINE(#4325,#4326) ;
#4342=IFCLINE(#4343,#4344) ;
#4349=IFCLINE(#4350,#4351) ;
#4375=IFCLINE(#4376,#4377) ;
#4393=IFCLINE(#4394,#4395) ;
#4400=IFCLINE(#4401,#4402) ;
#4426=IFCLINE(#4427,#4428) ;
#4444=IFCLINE(#4445,#4446) ;
#4451=IFCLINE(#4452,#4453) ;
#4477=IFCLINE(#4478,#4479) ;
#4495=IFCLINE(#4496,#4497) ;
#4502=IFCLINE(#4503,#4504) ;
#4509=IFCLINE(#4510,#4511) ;
#4527=IFCLINE(#4528,#4529) ;
#4534=IFCLINE(#4535,#4536) ;
#4560=IFCLINE(#4561,#4562) ;
#4578=IFCLINE(#4579,#4580) ;
#4583=IFCLINE(#4584,#4585) ;
#4588=IFCLINE(#4589,#4590) ;
#4621=IFCLINE(#4622,#4623) ;
#4639=IFCLINE(#4640,#4641) ;
#4644=IFCLINE(#4645,#4646) ;
#4683=IFCLINE(#4684,#4685) ;
#4701=IFCLINE(#4702,#4703) ;
#4708=IFCLINE(#4709,#4710) ;
#4726=IFCLINE(#4727,#4728) ;
#4733=IFCLINE(#4734,#4735) ;
#4751=IFCLINE(#4752,#4753) ;
#4758=IFCLINE(#4759,#4760) ;
#4784=IFCLINE(#4785,#4786) ;
#4802=IFCLINE(#4803,#4804) ;
#4809=IFCLINE(#4810,#4811) ;
#4835=IFCLINE(#4836,#4837) ;
#4853=IFCLINE(#4854,#4855) ;
#4860=IFCLINE(#4861,#4862) ;
#4886=IFCLINE(#4887,#4888) ;
#4904=IFCLINE(#4905,#4906) ;
#4911=IFCLINE(#4912,#4913) ;
#4935=IFCLINE(#4936,#4937) ;
#4953=IFCLINE(#4954,#4955) ;
#4958=IFCLINE(#4959,#4960) ;
#4976=IFCLINE(#4977,#4978) ;
#4994=IFCLINE(#4995,#4996) ;
#5012=IFCLINE(#5013,#5014) ;
#5017=IFCLINE(#5018,#5019) ;
#5022=IFCLINE(#5023,#5024) ;
#5102=IFCLINE(#5103,#5104) ;
#5107=IFCLINE(#5108,#5109) ;
#5138=IFCLINE(#5139,#5140) ;
#5156=IFCLINE(#5157,#5158) ;
#5200=IFCLINE(#5201,#5202) ;
#5205=IFCLINE(#5206,#5207) ;
#5236=IFCLINE(#5237,#5238) ;
#5241=IFCLINE(#5242,#5243) ;
#5259=IFCLINE(#5260,#5261) ;
#5316=IFCLINE(#5317,#5318) ;
#5334=IFCLINE(#5335,#5336) ;
#5352=IFCLINE(#5353,#5354) ;
#5370=IFCLINE(#5371,#5372) ;
#5388=IFCLINE(#5389,#5390) ;
#5406=IFCLINE(#5407,#5408) ;
#5424=IFCLINE(#5425,#5426) ;
#5442=IFCLINE(#5443,#5444) ;
#5460=IFCLINE(#5461,#5462) ;
#5478=IFCLINE(#5479,#5480) ;
#5543=IFCLINE(#5544,#5545) ;
#5583=IFCLINE(#5584,#5585) ;
#27=IFCLOCALPLACEMENT($,#14) ;
#5632=IFCLOCALPLACEMENT(#27,#5635) ;
#19=IFCPROJECT('1b5HA19o9fFU9UHLQR0iip',#5,'Project','Default Project',$,$,$,(#18),#6) ;
#21=IFCRELAGGREGATES('1b76PwChCbF7SlydJh6kmS',#5,'IFCPROJECT_Container','Container for children of IFCPROJECT',#19,(#20)) ;
#24=IFCRELAGGREGATES('1b9MHl10i$EbOezo9bFvzw',#5,'IFCSITE_Container','Container for children of IFCSITE',#20,(#22)) ;
#25=IFCRELAGGREGATES('1bAGviITCTEQ5GJJADIozl',#5,'IFCBUILDING_Container','Container for children of IFCBUILDING',#22,(#23)) ;
#5634=IFCRELAGGREGATES('1bBs9bLMHPE3OX_r3UOr5O',#5,'IFCELEMENTASSEMBLY_Container','Container for children of IFCELEMENTASSEMBLY',#26,(#5631)) ;
#28=IFCRELCONTAINEDINSPATIALSTRUCTURE('1bB3Xe3vnxEUnuf46sLy1Z',#5,'IFCBUILDINGSTOREY_Container','Container for children of IFCBUILDINGSTOREY',(#26),#23) ;
#7=IFCSIUNIT(*,.LENGTHUNIT.,.MILLI.,.METRE.) ;
#8=IFCSIUNIT(*,.AREAUNIT.,$,.SQUARE_METRE.) ;
#9=IFCSIUNIT(*,.VOLUMEUNIT.,$,.CUBIC_METRE.) ;
#10=IFCSIUNIT(*,.PLANEANGLEUNIT.,$,.RADIAN.) ;
#29=IFCSHAPEREPRESENTATION(#18,'Body','AdvancedBrep',(#5629)) ;
#20=IFCSITE('1b63n_REj7FIm7d6N33bme',#5,'default Site',$,$,$,$,$,.ELEMENT.,$,$,$,$,$) ;
#492=IFCSPHERICALSURFACE(#488,0.0038) ;
#544=IFCSPHERICALSURFACE(#540,0.0038) ;
#601=IFCSPHERICALSURFACE(#597,0.0038) ;
#619=IFCSPHERICALSURFACE(#615,0.0038) ;
#688=IFCSPHERICALSURFACE(#684,0.0038) ;
#714=IFCSPHERICALSURFACE(#710,0.0038) ;
#783=IFCSPHERICALSURFACE(#779,0.0038) ;
#809=IFCSPHERICALSURFACE(#805,0.0038) ;
#869=IFCSPHERICALSURFACE(#865,0.0038) ;
#895=IFCSPHERICALSURFACE(#891,0.0038) ;
#964=IFCSPHERICALSURFACE(#960,0.0038) ;
#990=IFCSPHERICALSURFACE(#986,0.0038) ;
#1059=IFCSPHERICALSURFACE(#1055,0.0038) ;
#1085=IFCSPHERICALSURFACE(#1081,0.0038) ;
#1145=IFCSPHERICALSURFACE(#1141,0.0038) ;
#1171=IFCSPHERICALSURFACE(#1167,0.0038) ;
#1240=IFCSPHERICALSURFACE(#1236,0.0038) ;
#1264=IFCSPHERICALSURFACE(#1260,0.0038) ;
#1333=IFCSPHERICALSURFACE(#1329,0.0038) ;
#1357=IFCSPHERICALSURFACE(#1353,0.0038) ;
#1426=IFCSPHERICALSURFACE(#1422,0.0038) ;
#1450=IFCSPHERICALSURFACE(#1446,0.0038) ;
#1519=IFCSPHERICALSURFACE(#1515,0.0038) ;
#1543=IFCSPHERICALSURFACE(#1539,0.005) ;
#1610=IFCSPHERICALSURFACE(#1606,0.005) ;
#1636=IFCSPHERICALSURFACE(#1632,0.005) ;
#1705=IFCSPHERICALSURFACE(#1701,0.005) ;
#1729=IFCSPHERICALSURFACE(#1725,0.005) ;
#1798=IFCSPHERICALSURFACE(#1794,0.005) ;
#1824=IFCSPHERICALSURFACE(#1820,0.005) ;
#1893=IFCSPHERICALSURFACE(#1889,0.005) ;
#1919=IFCSPHERICALSURFACE(#1915,0.0038) ;
#1976=IFCSPHERICALSURFACE(#1972,0.0038) ;
#1994=IFCSPHERICALSURFACE(#1990,0.0038) ;
#2061=IFCSPHERICALSURFACE(#2057,0.0038) ;
#2087=IFCSPHERICALSURFACE(#2083,0.0038) ;
#2156=IFCSPHERICALSURFACE(#2152,0.0038) ;
#2182=IFCSPHERICALSURFACE(#2178,0.0038) ;
#2234=IFCSPHERICALSURFACE(#2230,0.0038) ;
#5570=IFCSPHERICALSURFACE(#5566,0.0038) ;
#106=IFCSURFACESTYLERENDERING(#105,0.,$,$,$,$,$,$,.NOTDEFINED.) ;
#5625=IFCSURFACESTYLERENDERING(#5624,0.,$,$,$,$,$,$,.NOTDEFINED.) ;
ENDSEC;
END-ISO-10303-21;
